row_id,success_count,credit_score,loan_amount,num_investors,interest_rate,total_count,success_rate,loan_purpose,social_insurance,months_of_service,loan_year,age,bank_loan
4038,1.0230033,-0.64408623,-0.7315153,-0.50492201,-1.3219458,0.62109893,0.96142934,5.1993376,-5.1993376,0.51635627,0.69910809,-1.0230033,-5.1993376
4039,1.4181186,-0.9165865,0.2239158,0.25360621,1.6022103,2.7474533,-1.7986626,-5.1993376,5.1993376,-0.17018472,-1.1694007,1.3494976,-5.1993376
4040,2.483413,-0.42660141,0.2239158,0.29267606,-0.97143575,2.8778461,-1.0145711,5.1993376,-5.1993376,1.0187781,0.69910809,0.29922973,1.7986626
4041,-5.1993376,1.88404,0.55253687,0.95151828,-2.0431151,-5.1993376,0.25360621,5.1993376,-5.1993376,-0.28744217,0.69910809,-1.2502419,-5.1993376
4042,1.0230033,0.68001258,0.91087287,0.91467864,-0.26398459,0.29660674,1.761948,5.1993376,5.1993376,-5.1993376,0.18547963,1.464186,0.90265377
4043,-5.1993376,0.16636735,0.2239158,-0.98357337,-0.69112102,-5.1993376,0.25360621,5.1993376,5.1993376,-5.1993376,0.69910809,-0.36553148,-5.1993376
4044,-5.1993376,-2.456904,-1.3041214,-1.505747,2.9674304,1.7444475,-2.651732,5.1993376,5.1993376,-5.1993376,-5.1993376,-0.17527843,-5.1993376
4045,1.4181186,0.82493339,2.0042336,1.6640817,-0.26398459,1.2612822,0.25360621,-5.1993376,5.1993376,1.2668604,0.18547963,-0.17527843,-5.1993376
4046,2.1079532,-0.79188381,-0.1422445,-0.13591068,0.63946185,1.5843543,0.96142934,5.1993376,-5.1993376,-0.45564031,-0.21363612,0.58052362,-5.1993376
4047,1.7679033,1.0640914,1.649237,1.358913,0.63946185,1.5843543,0.25360621,5.1993376,5.1993376,0.37628274,-0.60746322,0.98561042,1.0315088
4048,-5.1993376,0.39520352,0.2239158,0.47100434,-0.26398459,-5.1993376,0.25360621,5.1993376,-5.1993376,0.93779777,-0.60746322,0.45146888,1.8558261
4049,0.51349142,1.7109676,-5.1993376,-1.059682,-2.6965111,-0.1422445,1.2447784,5.1993376,5.1993376,-5.1993376,2.1196682,-1.6691125,-5.1993376
4050,-5.1993376,-0.74635093,-0.7315153,-0.44869228,-1.6299924,-5.1993376,0.25360621,5.1993376,5.1993376,-5.1993376,1.3781138,1.2339616,0.49213682
4051,0.51349142,0.44314942,0.2239158,1.4568958,-0.26398459,-0.1422445,1.2447784,-5.1993376,-5.1993376,-1.0552931,-0.60746322,-0.36553148,-5.1993376
4052,-5.1993376,-1.4496823,-5.1993376,-0.98357337,-0.97143575,-5.1993376,0.25360621,5.1993376,5.1993376,-0.17018472,0.18547963,-2.4320167,0.19911152
4053,0.51349142,-1.215372,0.2239158,-1.505747,1.3684503,0.62109893,-0.36687305,5.1993376,5.1993376,0.0062728847,-1.1694007,-0.001254569,-5.1993376
4054,0.51349142,-0.9165865,-0.7315153,-0.34149266,-0.26398459,-0.1422445,1.2447784,5.1993376,-5.1993376,-0.45564031,0.18547963,-0.001254569,-5.1993376
4055,1.0230033,1.873053,-0.7315153,-0.56279634,-0.26398459,0.29660674,1.761948,5.1993376,5.1993376,-5.1993376,0.18547963,-0.79704409,-5.1993376
4056,-5.1993376,-0.31237604,0.91087287,-0.6150245,-0.26398459,-5.1993376,0.25360621,5.1993376,5.1993376,1.2557429,-0.60746322,0.45146888,1.1211041
4057,1.0230033,0.73315571,-0.1422445,-0.089192496,-0.26398459,0.87535389,0.25360621,5.1993376,-5.1993376,1.5376912,0.18547963,1.464186,1.8475469
4058,-5.1993376,1.873053,-1.1644437,-0.72008693,0.63946185,-5.1993376,0.25360621,5.1993376,5.1993376,-5.1993376,0.18547963,-2.1079532,-5.1993376
4059,1.4181186,-1.337127,0.11820414,-0.50492201,0.63946185,2.2899878,-1.1768904,-5.1993376,5.1993376,-0.45564031,-1.1694007,-0.57311539,-5.1993376
4060,1.4181186,-0.49213682,-0.7315153,-0.6150245,-1.3219458,0.62109893,2.1696941,5.1993376,-5.1993376,2.2786252,2.1196682,1.5669896,1.5076125
4061,0.51349142,-1.057485,-0.1422445,0.25360621,0.63946185,-0.1422445,1.2447784,5.1993376,-5.1993376,0.29791798,1.3781138,-0.79704409,-5.1993376
4062,0.51349142,-0.66898742,0.2239158,-0.041412601,-0.26398459,1.5843543,-1.5215251,-5.1993376,-5.1993376,-0.17018472,-0.60746322,-0.17527843,-5.1993376
4063,-5.1993376,-0.42660141,-0.1422445,0.05146002,-1.3219458,-5.1993376,0.25360621,5.1993376,-5.1993376,0.56132709,0.69910809,2.3863399,1.0889381
4064,0.51349142,0.61805886,-0.7315153,0.17400458,1.3684503,-0.1422445,1.2447784,5.1993376,-5.1993376,0.56132709,-0.60746322,-1.2502419,-5.1993376
4065,1.4181186,0.19570018,0.55253687,0.0062728847,-0.83733836,0.62109893,2.1696941,-5.1993376,-5.1993376,0.26658359,0.69910809,-0.79704409,-5.1993376
4066,-5.1993376,-0.69112102,-1.3159579,-1.2529876,0.63946185,-0.1422445,-0.67055744,5.1993376,5.1993376,-1.0552931,1.3781138,-2.1079532,-5.1993376
4067,-5.1993376,-0.085414417,1.649237,0.91467864,-0.26398459,-5.1993376,0.25360621,5.1993376,5.1993376,1.0685216,-0.60746322,1.464186,1.1352842
4068,-5.1993376,0.33485067,0.2239158,0.29267606,0.17400458,-0.1422445,-0.67055744,5.1993376,5.1993376,0.98969684,0.18547963,-0.36553148,0.90356853
4069,-5.1993376,1.3978365,1.2640664,1.3249577,0.63946185,-5.1993376,0.25360621,5.1993376,5.1993376,-0.36017172,0.18547963,-0.17527843,-5.1993376
4070,-5.1993376,-2.1566011,0.55253687,-0.90518882,1.6022103,0.29660674,-1.1768904,-5.1993376,-5.1993376,1.6896701,-1.1694007,0.29922973,1.5552421
4071,-5.1993376,-0.97143575,0.55253687,1.123415,0.30448193,-5.1993376,0.25360621,5.1993376,-5.1993376,-0.36017172,0.69910809,0.29922973,-5.1993376
4072,0.51349142,-1.6067551,1.0841952,-0.041412601,1.2023467,0.29660674,0.25360621,-5.1993376,-5.1993376,-0.78332986,-1.1694007,-0.17527843,-5.1993376
4073,-5.1993376,-0.036390523,-0.1422445,-0.041412601,-0.69112102,-5.1993376,0.25360621,5.1993376,5.1993376,1.9682216,1.3781138,-0.57311539,-5.1993376
4074,0.51349142,-0.42660141,-0.1422445,0.05146002,-0.26398459,-0.1422445,1.2447784,5.1993376,5.1993376,-0.28744217,0.69910809,-1.2502419,-5.1993376
4075,-5.1993376,1.0124743,-0.7315153,-0.98357337,-0.69112102,-5.1993376,0.25360621,5.1993376,5.1993376,1.5295582,-1.1694007,-1.873053,-5.1993376
4076,-5.1993376,0.62872436,0.55253687,0.78845531,-0.26398459,-5.1993376,0.25360621,5.1993376,5.1993376,-0.55985906,-0.60746322,-0.36553148,-5.1993376
4077,1.0230033,0.035135151,1.2640664,0.71359852,0.30448193,0.29660674,1.761948,5.1993376,-5.1993376,-0.78332986,-0.21363612,-0.79704409,-5.1993376
4078,0.51349142,0.78162595,-0.1422445,0.25360621,-0.83733836,0.87535389,-0.67055744,5.1993376,5.1993376,-0.78332986,0.18547963,-0.79704409,-5.1993376
4079,0.51349142,1.2724784,-5.1993376,-0.98357337,-0.69112102,0.62109893,-0.36687305,5.1993376,5.1993376,-0.11441489,0.18547963,-0.79704409,-5.1993376
4080,-5.1993376,0.016310116,1.0841952,1.0230033,0.30448193,-5.1993376,0.25360621,5.1993376,5.1993376,0.06025574,-0.21363612,1.2339616,-5.1993376
4081,1.0230033,-1.228354,0.55253687,0.17400458,-0.26398459,0.29660674,1.761948,5.1993376,-5.1993376,0.34948301,0.18547963,1.2339616,0.82317161
4082,-5.1993376,-0.73315571,-0.1422445,0.32954771,-0.83733836,-5.1993376,0.25360621,-5.1993376,-5.1993376,-0.92233022,0.18547963,-1.2502419,0.46623487
4083,0.51349142,1.0124743,-0.1422445,0.36821529,-0.69112102,0.62109893,-0.36687305,5.1993376,-5.1993376,0.37628274,0.69910809,-0.79704409,-5.1993376
4084,-5.1993376,0.18803291,-0.1422445,0.43900121,0.30448193,-0.1422445,-0.67055744,5.1993376,-5.1993376,0.56132709,-0.21363612,-0.17527843,0.43348197
4085,-5.1993376,0.046435725,0.11820414,0.13337869,-0.26398459,-5.1993376,0.25360621,5.1993376,5.1993376,-5.1993376,0.69910809,0.29922973,-5.1993376
4086,-5.1993376,0.30185479,-0.1422445,0.13337869,1.3684503,-5.1993376,0.25360621,5.1993376,5.1993376,-0.78332986,-1.1694007,-0.79704409,-5.1993376
4087,0.51349142,0.0075274833,0.55253687,0.25360621,-1.3219458,0.87535389,-0.67055744,-5.1993376,-5.1993376,0.58796385,-0.21363612,-0.001254569,0.80222568
4088,-5.1993376,0.78162595,0.91087287,0.47100434,0.63946185,-5.1993376,0.25360621,5.1993376,5.1993376,-0.55985906,0.18547963,-2.1079532,-5.1993376
4089,-5.1993376,-0.058998939,-0.7315153,-0.18547963,-2.3863399,-0.1422445,-0.67055744,5.1993376,-5.1993376,-0.65804298,1.3781138,-0.36553148,-5.1993376
4090,-5.1993376,-0.8901723,0.91087287,0.21235277,-1.3219458,-5.1993376,0.25360621,5.1993376,-5.1993376,1.1570615,1.3781138,0.85167519,-5.1993376
4091,1.7679033,2.336277,1.2640664,0.75299744,-0.97143575,0.87535389,2.5423492,-5.1993376,5.1993376,0.81440074,-0.60746322,0.45146888,-5.1993376
4092,-5.1993376,1.4532796,-5.1993376,-0.77822491,-0.26398459,-5.1993376,0.25360621,5.1993376,5.1993376,-1.0552931,0.18547963,-1.873053,-5.1993376
4093,-5.1993376,-0.33617787,-0.1422445,0.29267606,-0.26398459,-0.1422445,-0.67055744,5.1993376,5.1993376,-0.17018472,0.69910809,-0.001254569,0.19236589
4094,-5.1993376,0.83023416,-0.48083942,0.0062728847,-0.26398459,-5.1993376,0.25360621,-5.1993376,-5.1993376,-0.78332986,-0.21363612,-0.79704409,-5.1993376
4095,-5.1993376,0.53943086,-0.7315153,-1.505747,1.2023467,0.29660674,-1.1768904,-5.1993376,5.1993376,-5.1993376,-1.1694007,-0.001254569,-5.1993376
4096,-5.1993376,0.035135151,1.0841952,0.21235277,0.17400458,-5.1993376,0.25360621,-5.1993376,-5.1993376,0.56132709,-0.21363612,-1.2502419,-5.1993376
4097,1.7679033,0.25101592,-0.7315153,-0.66428721,0.30448193,1.8803524,-0.31633038,5.1993376,5.1993376,0.0062728847,-1.1694007,-0.17527843,-5.1993376
4098,1.0230033,-0.15365993,-0.7315153,-0.13591068,1.6022103,0.29660674,1.761948,5.1993376,-5.1993376,1.8952593,-0.60746322,0.45146888,1.2904061
4099,1.7679033,0.65027359,1.2640664,1.2075323,-0.26398459,1.5843543,0.25360621,5.1993376,-5.1993376,0.22262957,-0.21363612,-0.57311539,2.0617154
4100,-5.1993376,0.87719565,-0.1422445,1.057485,-0.69112102,-0.1422445,-0.67055744,5.1993376,-5.1993376,-0.11441489,0.18547963,-0.001254569,0.63723932
4101,1.0230033,-0.14604751,-0.7315153,-0.50492201,1.8379752,0.62109893,0.96142934,5.1993376,-5.1993376,-0.92233022,-1.1694007,0.71036555,-5.1993376
4102,-5.1993376,-0.42660141,0.55253687,0.29267606,0.63946185,-5.1993376,0.25360621,5.1993376,5.1993376,-5.1993376,0.69910809,-0.57311539,-5.1993376
4103,-5.1993376,0.48789301,1.649237,1.9264032,-0.26398459,-5.1993376,0.25360621,5.1993376,5.1993376,0.56132709,1.3781138,-0.001254569,1.1352842
4104,0.51349142,1.2502419,-5.1993376,-0.72008693,-1.0819398,-0.1422445,1.2447784,5.1993376,-5.1993376,-0.78332986,0.18547963,-1.2502419,0.40199502
4105,-5.1993376,-1.0013826,-0.43348197,0.0062728847,0.63946185,0.87535389,-1.7986626,5.1993376,5.1993376,-5.1993376,-0.60746322,0.71036555,-5.1993376
4106,-5.1993376,-0.81265408,0.13811333,-0.089192496,2.1440107,0.62109893,-1.5215251,-5.1993376,-5.1993376,0.14858402,-0.60746322,-0.17527843,-5.1993376
4107,1.7679033,0.20722283,0.55253687,-0.29005812,0.63946185,1.7444475,-0.27439149,5.1993376,-5.1993376,2.1440107,-0.21363612,1.5669896,1.3523097
4108,-5.1993376,-1.1140325,0.2239158,0.43900121,0.63946185,-5.1993376,0.25360621,5.1993376,5.1993376,0.45842568,0.69910809,-1.2502419,-5.1993376
4109,1.0230033,-0.085414417,1.0841952,0.092971849,0.30448193,0.62109893,0.96142934,5.1993376,-5.1993376,0.22262957,-0.21363612,-0.17527843,-5.1993376
4110,0.51349142,1.2724784,-0.7315153,-0.72008693,0.63946185,0.62109893,-0.36687305,5.1993376,5.1993376,-5.1993376,0.18547963,-1.4678604,-5.1993376
4111,2.483413,0.94169982,1.374233,0.91467864,-0.83733836,2.2899878,-0.28617106,5.1993376,-5.1993376,0.06025574,0.18547963,-0.79704409,1.1118256
4112,-5.1993376,0.81790154,-0.43348197,-0.44869228,-1.3219458,-5.1993376,0.25360621,-5.1993376,-5.1993376,-0.55985906,-0.21363612,-1.0230033,-5.1993376
4113,-5.1993376,-0.29529601,-0.1422445,-0.041412601,0.63946185,-5.1993376,0.25360621,5.1993376,5.1993376,1.5756126,0.69910809,-0.17527843,-5.1993376
4114,0.51349142,0.13464458,0.55253687,0.64872442,-0.83733836,0.62109893,-0.36687305,-5.1993376,-5.1993376,-0.78332986,2.1196682,-0.001254569,0.99844147
4115,0.51349142,-0.085414417,0.55253687,0.05146002,0.97546566,0.87535389,-0.67055744,5.1993376,5.1993376,0.18165198,-0.21363612,-1.0230033,1.4382155
4116,-5.1993376,-0.58498388,-5.1993376,-1.144896,0.63946185,-5.1993376,0.25360621,5.1993376,-5.1993376,0.72334253,0.69910809,-0.79704409,-5.1993376
4117,1.7679033,-0.028859086,1.401177,0.36821529,0.30448193,1.7444475,-0.27439149,5.1993376,-5.1993376,2.2082446,0.18547963,1.5669896,1.2982805
4118,0.51349142,-0.07534535,0.55253687,1.3879077,-0.26398459,-0.1422445,1.2447784,5.1993376,-5.1993376,0.48930663,0.18547963,0.71036555,0.30769573
4119,1.0230033,0.98154039,1.2640664,2.7541613,-0.26398459,0.62109893,0.96142934,-5.1993376,-5.1993376,-0.45564031,0.18547963,0.45146888,1.7840463
4120,-5.1993376,-0.56132709,-0.1422445,-1.059682,-0.26398459,-5.1993376,0.25360621,5.1993376,-5.1993376,0.0062728847,-0.60746322,0.45146888,0.55985906
4121,-5.1993376,-0.77483284,-5.1993376,0.25360621,1.3684503,-0.1422445,-0.67055744,5.1993376,5.1993376,0.90897492,-0.60746322,0.58052362,-5.1993376
4122,-5.1993376,0.046435725,1.2640664,1.0230033,-0.26398459,-5.1993376,0.25360621,-5.1993376,-5.1993376,0.14858402,0.18547963,-0.36553148,0.33527815
4123,-5.1993376,1.5459273,-0.1422445,-0.13591068,-0.26398459,-5.1993376,0.25360621,5.1993376,5.1993376,0.26658359,0.18547963,1.8952593,-5.1993376
4124,-5.1993376,1.0887225,0.55253687,0.57607489,-0.26398459,-0.1422445,-0.67055744,5.1993376,-5.1993376,0.7413876,0.18547963,-0.001254569,0.9269379
4125,0.51349142,-0.42660141,-5.1993376,-1.3684503,0.40471681,0.29660674,0.25360621,5.1993376,5.1993376,0.14858402,1.3781138,-1.4678604,-5.1993376
4126,-5.1993376,-0.59393954,-0.1422445,-0.83912102,1.6022103,0.62109893,-1.5215251,5.1993376,5.1993376,0.29791798,-1.1694007,-0.36553148,0.23550885
4127,0.51349142,-0.73808885,0.91087287,1.123415,0.97546566,2.0853556,-1.994971,-5.1993376,-5.1993376,0.18165198,-1.1694007,0.14858402,-5.1993376
4128,-5.1993376,-0.74635093,1.0841952,-0.13591068,1.0955557,-5.1993376,0.25360621,5.1993376,-5.1993376,1.0685216,-0.60746322,1.1140325,0.97234818
4129,-5.1993376,1.3070634,1.649237,2.0744446,-0.69112102,0.29660674,-1.1768904,5.1993376,-5.1993376,1.0082941,-0.21363612,-0.17527843,1.8392305
4130,1.7679033,0.17655256,-0.7315153,0.0062728847,0.63946185,1.9858764,-0.41426686,5.1993376,5.1993376,-1.0552931,-0.21363612,0.71036555,0.16695153
4131,0.51349142,-1.1140325,-1.3432866,-0.98357337,0.63946185,-0.1422445,1.2447784,5.1993376,-5.1993376,-0.28744217,0.69910809,-0.17527843,-5.1993376
4132,1.0230033,-0.55253687,0.2239158,-0.44869228,1.0955557,2.0853556,-1.3978365,-5.1993376,5.1993376,0.324254,-1.1694007,-1.0230033,-5.1993376
4133,0.51349142,0.45424896,2.3078202,5.1993376,0.30448193,-0.1422445,1.2447784,5.1993376,5.1993376,-5.1993376,-0.60746322,0.58052362,1.1846999
4134,0.51349142,-0.80569207,-0.1422445,-0.089192496,-1.3219458,-0.1422445,1.2447784,5.1993376,5.1993376,0.18165198,0.69910809,-0.001254569,-5.1993376
4135,0.51349142,-0.88459264,0.91087287,1.5096564,0.63946185,1.0774455,-0.98765156,5.1993376,5.1993376,0.14858402,-0.21363612,0.14858402,0.36473563
4136,-5.1993376,1.3340661,0.2239158,-0.56279634,-0.26398459,-5.1993376,0.25360621,5.1993376,-5.1993376,-0.053972647,-0.60746322,0.29922973,-5.1993376
4137,1.7679033,0.46400712,0.2239158,0.64872442,0.17400458,1.8803524,-0.31633038,5.1993376,5.1993376,0.37628274,-0.60746322,-0.17527843,0.89343202
4138,-5.1993376,1.873053,1.0841952,1.2895781,0.63946185,-5.1993376,0.25360621,5.1993376,5.1993376,-0.17018472,0.18547963,-2.8067115,-5.1993376
4139,-5.1993376,0.072829316,-0.43348197,0.05146002,-1.3219458,-5.1993376,0.25360621,5.1993376,-5.1993376,-0.36017172,0.69910809,0.29922973,2.8731547
4140,0.51349142,-0.17018472,1.4496823,0.47100434,0.30448193,0.29660674,0.25360621,5.1993376,5.1993376,-1.0552931,-1.1694007,0.98561042,-5.1993376
4141,-5.1993376,-2.18201,-0.1422445,-1.3684503,1.2023467,0.87535389,-1.7986626,5.1993376,-5.1993376,0.72334253,-1.1694007,1.8312243,-5.1993376
4142,0.51349142,-0.27439149,-0.43348197,0.57607489,-0.26398459,0.29660674,0.25360621,5.1993376,5.1993376,-5.1993376,-0.60746322,-0.36553148,-5.1993376
4143,2.1079532,1.792374,0.55253687,0.13337869,-0.97143575,1.4354772,1.2447784,5.1993376,-5.1993376,0.75800423,-0.21363612,0.71036555,1.2127505
4144,1.4181186,-1.7502216,-0.7315153,-0.83912102,0.63946185,1.7444475,-0.43762015,-5.1993376,-5.1993376,-0.92233022,-1.1694007,-0.57311539,1.2127505
4145,-5.1993376,1.0336468,0.55253687,0.40607882,-0.26398459,-5.1993376,0.25360621,-5.1993376,-5.1993376,0.7413876,-1.1694007,0.45146888,-5.1993376
4146,-5.1993376,2.2986408,-5.1993376,-1.8179677,0.97546566,-5.1993376,0.25360621,5.1993376,5.1993376,-5.1993376,-0.21363612,-0.79704409,-5.1993376
4147,1.4181186,-0.34415366,-0.49178678,-1.144896,-0.26398459,1.4354772,-0.28091085,5.1993376,-5.1993376,0.06025574,-0.21363612,0.45146888,0.28501869
4148,-5.1993376,-0.79532164,-5.1993376,-0.66428721,0.63946185,-0.1422445,-0.67055744,5.1993376,-5.1993376,0.18165198,1.3781138,-0.36553148,-5.1993376
4149,-5.1993376,0.42385485,0.55253687,1.3249577,-0.26398459,-5.1993376,0.25360621,5.1993376,5.1993376,0.18165198,-0.21363612,-0.001254569,0.82317161
4150,-5.1993376,-0.90518882,-0.1422445,-0.98357337,0.30448193,-5.1993376,0.25360621,-5.1993376,-5.1993376,-0.65804298,-0.21363612,0.45146888,0.51492332
4151,0.51349142,-0.8589096,1.2640664,0.78845531,-0.26398459,1.7444475,-1.6896701,5.1993376,-5.1993376,-0.17018472,0.18547963,0.58052362,0.16759841
4152,0.51349142,-0.12705243,-0.1422445,0.40607882,0.63946185,1.8803524,-1.7986626,5.1993376,5.1993376,-5.1993376,0.18547963,-0.36553148,-5.1993376
4153,0.51349142,1.649237,-0.1422445,0.13337869,-1.7219141,-0.1422445,1.2447784,5.1993376,5.1993376,-0.92233022,0.18547963,-0.17527843,1.2127505
4154,-5.1993376,-1.4496823,-0.7315153,0.36821529,0.97546566,-0.1422445,-0.67055744,5.1993376,5.1993376,-5.1993376,-0.21363612,-0.36553148,-5.1993376
4155,1.0230033,-1.2001088,-0.1422445,-0.77822491,-1.3219458,0.29660674,1.761948,5.1993376,5.1993376,1.634747,-1.1694007,0.98561042,0.96942671
4156,-5.1993376,-0.27439149,0.91087287,1.5843543,-1.3219458,-5.1993376,0.25360621,5.1993376,-5.1993376,0.324254,1.3781138,0.14858402,-5.1993376
4157,0.51349142,1.1946284,0.91087287,1.2640664,-1.3219458,0.62109893,-0.36687305,-5.1993376,5.1993376,1.2023467,1.3781138,2.1968939,0.99329463
4158,1.4181186,1.2502419,-0.1422445,1.057485,0.087932998,0.87535389,1.2447784,5.1993376,-5.1993376,0.26658359,0.18547963,-0.17527843,-5.1993376
4159,-5.1993376,-0.085414417,-0.1422445,0.17400458,-2.0431151,-5.1993376,0.25360621,5.1993376,-5.1993376,0.96742157,0.69910809,-0.79704409,-5.1993376
4160,-5.1993376,0.36955819,-5.1993376,-0.90518882,-2.0431151,-0.1422445,-0.67055744,5.1993376,5.1993376,-0.55985906,1.3781138,-1.4678604,-5.1993376
4161,0.51349142,-0.57755653,0.11820414,-1.3684503,0.63946185,0.87535389,-0.67055744,-5.1993376,-5.1993376,0.98969684,-1.1694007,1.1140325,1.9509427
4162,1.4181186,-0.15365993,1.0841952,0.54088248,-0.26398459,0.87535389,1.2447784,-5.1993376,5.1993376,-0.053972647,-1.1694007,0.58052362,-5.1993376
4163,2.1079532,0.38572587,-5.1993376,-0.50492201,0.30448193,1.2612822,1.761948,5.1993376,-5.1993376,0.40471681,-0.21363612,-0.79704409,-5.1993376
4164,-5.1993376,0.68793853,-0.1422445,0.36821529,0.63946185,-0.1422445,-0.67055744,5.1993376,5.1993376,-0.92233022,-0.21363612,-0.36553148,-5.1993376
4165,1.0230033,0.96742157,0.2239158,1.057485,0.40471681,0.29660674,1.761948,5.1993376,5.1993376,-5.1993376,-0.21363612,-1.4678604,-5.1993376
4166,-5.1993376,-0.77822491,-0.1422445,0.43900121,0.63946185,-0.1422445,-0.67055744,5.1993376,-5.1993376,-0.92233022,-0.60746322,0.85167519,0.16794586
4167,1.7679033,0.064026723,1.649237,0.98561042,-0.26398459,1.5843543,0.25360621,5.1993376,-5.1993376,2.4177777,-0.21363612,1.5669896,1.0775549
4168,0.51349142,-0.3521514,-0.7315153,-0.39384742,1.3684503,-0.1422445,1.2447784,5.1993376,-5.1993376,0.06025574,-0.60746322,-0.001254569,0.88406302
4169,-5.1993376,-0.15365993,-0.7315153,0.05146002,1.3684503,0.87535389,-1.7986626,5.1993376,-5.1993376,1.1570615,-0.60746322,0.14858402,0.32028968
4170,-5.1993376,-0.57755653,0.2239158,-0.90518882,1.3684503,-5.1993376,0.25360621,5.1993376,5.1993376,2.4518038,-0.60746322,1.7560546,2.000267
4171,-5.1993376,0.41563423,-1.1644437,-1.059682,-1.3219458,-5.1993376,0.25360621,-5.1993376,5.1993376,-0.78332986,5.1993376,-2.4320167,0.77516348
4172,0.51349142,-1.6808165,-5.1993376,-1.9858764,2.1440107,0.29660674,0.25360621,-5.1993376,5.1993376,-5.1993376,-5.1993376,0.45146888,-5.1993376
4173,1.7679033,2.4197448,1.2640664,2.0331038,-0.97143575,0.87535389,2.5423492,-5.1993376,5.1993376,1.0293754,-0.21363612,0.45146888,1.3355218
4174,1.7679033,0.40335554,0.11820414,-1.059682,0.30448193,1.0774455,1.5542696,-5.1993376,-5.1993376,0.4307273,-1.1694007,-0.36553148,0.82317161
4175,-5.1993376,0.035135151,0.55253687,1.7055704,-0.26398459,-0.1422445,-0.67055744,5.1993376,5.1993376,-0.45564031,0.18547963,1.9858764,0.70231541
4176,-5.1993376,0.95943959,-0.7315153,-0.34149266,-2.3863399,-5.1993376,0.25360621,5.1993376,-5.1993376,-0.17018472,5.1993376,-2.4320167,-5.1993376
4177,-5.1993376,-0.36017172,-0.1422445,0.36821529,-1.3219458,-5.1993376,0.25360621,5.1993376,-5.1993376,1.6896701,2.1196682,0.71036555,1.1794018
4178,-5.1993376,1.649237,1.0841952,-0.98357337,-2.0431151,-5.1993376,0.25360621,5.1993376,5.1993376,-0.55985906,2.1196682,0.85167519,-5.1993376
4179,-5.1993376,0.072829316,-1.1644437,-0.77822491,1.0955557,-0.1422445,-0.67055744,5.1993376,5.1993376,0.06025574,-1.1694007,-0.001254569,-5.1993376
4180,0.51349142,-0.0050182959,2.0042336,1.8245559,0.17400458,0.29660674,0.25360621,5.1993376,-5.1993376,0.93779777,-0.21363612,0.29922973,0.8716227
4181,0.51349142,0.13464458,0.55253687,0.61199579,-0.26398459,1.2612822,-1.1768904,-5.1993376,-5.1993376,-0.45564031,0.18547963,-1.4678604,-5.1993376
4182,-5.1993376,0.5642668,1.401177,0.98561042,-0.26398459,-5.1993376,0.25360621,5.1993376,5.1993376,-0.92233022,-0.21363612,-0.17527843,1.8114574
4183,-5.1993376,1.5712865,-1.1644437,-0.44869228,-0.26398459,1.0774455,-1.994971,5.1993376,5.1993376,-5.1993376,0.18547963,-0.79704409,0.70547458
4184,1.0230033,0.8109099,0.55253687,0.78845531,-0.83733836,0.29660674,1.761948,5.1993376,5.1993376,0.14858402,0.18547963,0.14858402,1.2406005
4185,1.7679033,-1.0013826,0.55253687,1.3249577,0.17400458,1.2612822,1.0251227,5.1993376,-5.1993376,-0.22648938,-0.21363612,-0.36553148,0.18098395
4186,-5.1993376,-0.89450084,-1.1644437,0.0062728847,-0.26398459,-0.1422445,-0.67055744,5.1993376,-5.1993376,0.75800423,-0.21363612,-0.001254569,-5.1993376
4187,0.51349142,0.88644946,-0.1422445,0.092971849,-1.8114574,-0.1422445,1.2447784,5.1993376,5.1993376,0.48930663,5.1993376,0.85167519,-5.1993376
4188,0.51349142,1.4212582,0.91087287,0.75299744,-0.83733836,-0.1422445,1.2447784,5.1993376,-5.1993376,-0.22648938,2.1196682,0.14858402,-5.1993376
4189,-5.1993376,2.3419157,-0.43348197,-0.041412601,0.63946185,-5.1993376,0.25360621,5.1993376,5.1993376,0.34948301,0.18547963,-0.79704409,-5.1993376
4190,0.51349142,0.43210422,-1.1644437,-1.2529876,2.1440107,-0.1422445,1.2447784,-5.1993376,-5.1993376,-0.45564031,-0.60746322,0.14858402,1.4045331
4191,-5.1993376,1.4250105,-0.1422445,-0.13591068,-0.26398459,-0.1422445,-0.67055744,5.1993376,5.1993376,-5.1993376,0.69910809,-0.36553148,-5.1993376
4192,1.0230033,0.39520352,-5.1993376,-0.50492201,-0.26398459,0.62109893,0.96142934,5.1993376,-5.1993376,2.0973702,-0.21363612,-0.001254569,-5.1993376
4193,-5.1993376,-0.25490199,-0.47251112,-0.29005812,-2.0431151,-0.1422445,-0.67055744,5.1993376,-5.1993376,0.10810309,1.3781138,-1.4678604,-5.1993376
4194,-5.1993376,-1.8252481,-0.7315153,-2.1316816,1.6022103,-5.1993376,0.25360621,-5.1993376,5.1993376,-5.1993376,-5.1993376,-0.17527843,-5.1993376
4195,2.483413,-1.2206403,-0.7315153,-0.50492201,1.2023467,2.8778461,-1.0145711,5.1993376,-5.1993376,-0.45564031,-0.60746322,0.29922973,-5.1993376
4196,1.0230033,0.5642668,0.55253687,1.4568958,-0.26398459,0.29660674,1.761948,-5.1993376,-5.1993376,1.7444475,-0.21363612,0.14858402,-5.1993376
4197,-5.1993376,-0.42660141,-1.1644437,-0.56279634,0.63946185,-5.1993376,0.25360621,5.1993376,5.1993376,-0.92233022,0.69910809,-1.2502419,0.46960306
4198,-5.1993376,-0.63025382,0.55253687,0.57607489,-0.26398459,-5.1993376,0.25360621,5.1993376,-5.1993376,0.79360155,-1.1694007,-0.79704409,-5.1993376
4199,-5.1993376,1.0124743,0.55253687,1.2366522,-0.26398459,-5.1993376,0.25360621,5.1993376,-5.1993376,-0.17018472,-0.21363612,-1.0230033,-5.1993376
4200,1.4181186,1.2286069,1.0841952,2.0331038,-0.26398459,1.5843543,-0.36687305,5.1993376,-5.1993376,-0.78332986,-0.60746322,-1.0230033,-5.1993376
4201,-5.1993376,1.649237,0.55253687,0.84987354,-0.26398459,-5.1993376,0.25360621,5.1993376,5.1993376,-0.65804298,0.18547963,-0.001254569,-5.1993376
4202,1.0230033,-1.4496823,1.2640664,-0.041412601,0.30448193,1.2612822,-0.42385485,-5.1993376,-5.1993376,0.18165198,-1.1694007,-0.17527843,-5.1993376
4203,0.51349142,-0.3031681,0.55253687,0.95151828,0.30448193,1.2612822,-1.1768904,-5.1993376,5.1993376,-5.1993376,-1.1694007,-0.36553148,-5.1993376
4204,-5.1993376,-1.2420606,-0.1422445,-0.23808933,-0.26398459,-0.1422445,-0.67055744,-5.1993376,5.1993376,-0.053972647,-1.1694007,0.14858402,1.0707446
4205,0.51349142,-0.33617787,-0.1422445,0.17400458,-1.7219141,-0.1422445,1.2447784,5.1993376,-5.1993376,-0.28744217,0.69910809,-0.36553148,0.67164796
4206,0.51349142,0.0075274833,0.2239158,0.0062728847,1.2023467,0.87535389,-0.67055744,-5.1993376,5.1993376,-0.65804298,-1.1694007,2.7474533,-5.1993376
4207,0.51349142,2.0533356,-5.1993376,-0.83912102,-1.3219458,-0.1422445,1.2447784,5.1993376,5.1993376,-0.78332986,0.18547963,-1.4678604,-5.1993376
4208,-5.1993376,-2.2597837,-1.1644437,-1.2529876,1.6022103,0.29660674,-1.1768904,5.1993376,5.1993376,-5.1993376,-1.1694007,-0.001254569,1.8609192
4209,-5.1993376,0.69910809,-1.1644437,0.05146002,0.63946185,-5.1993376,0.25360621,5.1993376,5.1993376,-0.28744217,-0.21363612,0.85167519,0.32028968
4210,-5.1993376,0.45424896,0.91087287,0.32954771,0.30448193,-0.1422445,-0.67055744,-5.1993376,-5.1993376,-0.17018472,-0.21363612,-1.4678604,0.66724432
4211,0.51349142,-1.9418375,-0.43348197,-0.77822491,1.0955557,1.2612822,-1.1768904,5.1993376,-5.1993376,0.29791798,-1.1694007,-0.79704409,0.98765156
4212,-5.1993376,0.29005812,-0.1422445,-0.13591068,0.63946185,0.29660674,-1.1768904,5.1993376,-5.1993376,-0.92233022,-1.1694007,0.14858402,-5.1993376
4213,-5.1993376,0.25101592,2.0042336,0.88088812,0.30448193,-5.1993376,0.25360621,-5.1993376,5.1993376,-0.28744217,-0.21363612,-0.57311539,-5.1993376
4214,-5.1993376,-0.85167519,-5.1993376,-1.2529876,0.30448193,-5.1993376,0.25360621,5.1993376,5.1993376,-5.1993376,0.69910809,0.14858402,-5.1993376
4215,-5.1993376,-0.73315571,0.55253687,0.64872442,0.30448193,-0.1422445,-0.67055744,-5.1993376,-5.1993376,1.8952593,-0.60746322,0.71036555,0.37622213
4216,1.0230033,-1.7986626,-0.1422445,-1.2529876,1.7986626,1.4354772,-0.67055744,-5.1993376,-5.1993376,1.2809814,-1.1694007,1.3494976,1.5712865
4217,1.0230033,-0.88459264,1.2640664,0.47100434,-0.26398459,0.62109893,0.96142934,5.1993376,5.1993376,0.51635627,0.69910809,1.6590928,-5.1993376
4218,-5.1993376,-0.73315571,0.55253687,0.84987354,-1.6299924,-5.1993376,0.25360621,-5.1993376,-5.1993376,0.10810309,1.3781138,-0.36553148,0.51301436
4219,0.51349142,1.5376912,0.2239158,0.43900121,-2.0431151,0.62109893,-0.36687305,5.1993376,-5.1993376,0.29791798,0.18547963,-0.36553148,-5.1993376
4220,-5.1993376,1.5799684,1.649237,2.5280807,-0.26398459,-5.1993376,0.25360621,5.1993376,5.1993376,-0.55985906,-0.21363612,2.3076067,0.3561587
4221,-5.1993376,0.46400712,0.82669773,0.21235277,0.17400458,-5.1993376,0.25360621,-5.1993376,-5.1993376,1.1743865,0.18547963,-0.57311539,0.80222568
4222,-5.1993376,-0.42660141,0.55253687,0.88088812,-1.3219458,-5.1993376,0.25360621,5.1993376,-5.1993376,2.2954352,0.69910809,1.6590928,1.0503039
4223,-5.1993376,1.1187114,-0.43348197,-0.29005812,-1.3219458,-5.1993376,0.25360621,5.1993376,5.1993376,-0.92233022,1.3781138,-0.17527843,-5.1993376
4224,0.51349142,1.5627215,0.2239158,0.47100434,-0.97143575,-0.1422445,1.2447784,5.1993376,-5.1993376,-0.65804298,1.3781138,0.85167519,1.264235
4225,-5.1993376,-0.29529601,-0.1422445,-0.13591068,1.0955557,-0.1422445,-0.67055744,-5.1993376,-5.1993376,-0.36017172,-1.1694007,-0.17527843,1.1001397
4226,-5.1993376,1.2075323,-0.1422445,0.05146002,0.30448193,-0.1422445,-0.67055744,5.1993376,-5.1993376,0.65804298,0.18547963,-0.57311539,0.2887499
4227,-5.1993376,-0.14604751,-0.7315153,-1.144896,2.1440107,-5.1993376,0.25360621,-5.1993376,5.1993376,-5.1993376,-1.1694007,-0.001254569,-5.1993376
4228,0.51349142,0.58498388,-0.7315153,-0.66428721,1.3684503,-0.1422445,1.2447784,5.1993376,-5.1993376,-5.1993376,-0.60746322,0.58052362,1.1844468
4229,-5.1993376,-0.42660141,-0.1422445,-0.44869228,0.63946185,-5.1993376,0.25360621,5.1993376,-5.1993376,0.34948301,0.69910809,-1.2502419,0.68476299
4230,2.1079532,-1.1768904,-1.0444088,-0.66428721,1.3684503,1.7444475,0.86984634,-5.1993376,-5.1993376,0.14858402,-1.1694007,0.45146888,-5.1993376
4231,0.51349142,0.78162595,-0.7315153,-0.77822491,-0.26398459,-0.1422445,1.2447784,5.1993376,5.1993376,-0.45564031,0.69910809,-1.4678604,-5.1993376
4232,0.51349142,1.1352842,1.0841952,0.47100434,0.63946185,-0.1422445,1.2447784,5.1993376,-5.1993376,-0.36017172,0.18547963,-0.17527843,-5.1993376
4233,0.51349142,0.20722283,-0.43348197,0.78845531,0.087932998,1.0774455,-0.98765156,5.1993376,5.1993376,0.14858402,-0.60746322,0.29922973,-5.1993376
4234,-5.1993376,0.73315571,-0.7315153,-0.23808933,-0.26398459,-5.1993376,0.25360621,5.1993376,-5.1993376,-0.55985906,0.69910809,-0.36553148,-5.1993376
4235,-5.1993376,-0.42660141,0.55253687,1.1794018,-0.26398459,-0.1422445,-0.67055744,5.1993376,-5.1993376,1.0552931,0.69910809,0.85167519,-5.1993376
4236,-5.1993376,-0.69112102,-0.7315153,-0.34149266,-0.26398459,-5.1993376,0.25360621,5.1993376,-5.1993376,-0.65804298,0.69910809,-1.0230033,-5.1993376
4237,-5.1993376,0.99174625,1.0841952,2.3652476,-0.26398459,-0.1422445,-0.67055744,5.1993376,-5.1993376,-0.36017172,0.18547963,-0.17527843,-5.1993376
4238,-5.1993376,0.47661874,1.0841952,0.8196557,-0.83733836,-5.1993376,0.25360621,-5.1993376,-5.1993376,2.2899878,0.69910809,1.1140325,0.61957818
4239,-5.1993376,-0.69112102,0.55253687,0.88088812,0.63946185,-0.1422445,-0.67055744,-5.1993376,-5.1993376,-0.78332986,1.3781138,-1.0230033,0.58149833
4240,-5.1993376,-1.1140325,0.55253687,0.95151828,-0.26398459,0.29660674,-1.1768904,5.1993376,-5.1993376,1.4941549,1.3781138,0.58052362,1.3947923
4241,0.51349142,-1.3716572,0.2239158,1.1546147,0.97546566,0.29660674,0.25360621,-5.1993376,5.1993376,-0.78332986,-0.21363612,-0.001254569,2.1182457
4242,-5.1993376,0.72171378,-0.1422445,0.36821529,0.17400458,-5.1993376,0.25360621,5.1993376,-5.1993376,1.2753025,0.18547963,0.29922973,-5.1993376
4243,-5.1993376,-0.42660141,0.55253687,1.2075323,-0.26398459,-0.1422445,-0.67055744,5.1993376,5.1993376,1.3189459,1.3781138,0.85167519,0.87252455
4244,0.51349142,-0.32557657,-5.1993376,0.47100434,0.97546566,0.62109893,-0.36687305,5.1993376,-5.1993376,0.86801634,-0.21363612,0.98561042,0.38167465
4245,0.51349142,-0.97143575,-0.1422445,-0.13591068,-0.83733836,0.29660674,0.25360621,5.1993376,-5.1993376,-0.36017172,0.69910809,-0.36553148,0.69667041
4246,-5.1993376,-0.42660141,-0.39249204,-0.50492201,-0.26398459,0.62109893,-1.5215251,-5.1993376,-5.1993376,2.1874308,0.69910809,1.2339616,2.5078389
4247,-5.1993376,-0.97143575,-0.7315153,-0.77822491,-0.26398459,-0.1422445,-0.67055744,5.1993376,5.1993376,-0.28744217,0.69910809,-2.1079532,-5.1993376
4248,1.4181186,-0.83200627,-0.38978343,-0.34149266,1.6022103,3.0899352,-2.0965206,-5.1993376,-5.1993376,-0.92233022,-1.1694007,0.45146888,-5.1993376
4249,-5.1993376,-0.95547144,-1.3249577,-0.90518882,1.6022103,0.29660674,-1.1768904,5.1993376,-5.1993376,0.22262957,-1.1694007,-0.79704409,-5.1993376
4250,0.51349142,1.505747,0.91087287,0.71359852,-0.97143575,0.29660674,0.25360621,-5.1993376,-5.1993376,1.0444088,0.69910809,-1.0230033,0.55985906
4251,-5.1993376,0.29005812,1.4309923,1.6640817,-0.26398459,-5.1993376,0.25360621,-5.1993376,5.1993376,0.98969684,1.3781138,-0.57311539,-5.1993376
4252,0.51349142,-0.42660141,0.9883256,0.61199579,0.17400458,1.0774455,-0.98765156,-5.1993376,-5.1993376,1.4568958,0.69910809,1.2339616,1.302371
4253,1.0230033,-0.60595514,-0.7315153,-0.39384742,-0.26398459,1.0774455,-0.300542,5.1993376,-5.1993376,0.4307273,-0.21363612,0.45146888,0.40199502
4254,0.51349142,0.33485067,-0.1422445,-0.089192496,0.97546566,0.29660674,0.25360621,5.1993376,5.1993376,0.26658359,0.18547963,-0.79704409,-5.1993376
4255,-5.1993376,-0.085414417,-0.7315153,-0.18547963,-0.26398459,-0.1422445,-0.67055744,-5.1993376,-5.1993376,-0.28744217,-0.21363612,0.71036555,0.32028968
4256,-5.1993376,1.6691125,-0.7315153,-0.39384742,-0.83733836,0.29660674,-1.1768904,5.1993376,5.1993376,-0.65804298,0.69910809,-1.4678604,0.44746651
4257,0.51349142,2.8778461,-0.7315153,-0.6150245,-1.6299924,0.29660674,0.25360621,5.1993376,5.1993376,-0.22648938,0.69910809,-0.17527843,-5.1993376
4258,-5.1993376,-0.32557657,-0.7315153,0.21235277,2.1440107,1.5843543,-2.5423492,5.1993376,5.1993376,-0.17018472,-1.1694007,-0.001254569,-5.1993376
4259,0.51349142,-0.018819641,1.2640664,2.5280807,0.17400458,1.4354772,-1.3846283,-5.1993376,-5.1993376,-0.28744217,-0.21363612,-0.36553148,0.37090175
4260,1.0230033,0.087932998,1.2640664,1.873053,0.40471681,1.4354772,-0.67055744,5.1993376,5.1993376,-5.1993376,-0.60746322,-0.17527843,-5.1993376
4261,-5.1993376,1.5932188,0.2239158,0.29267606,-1.3219458,-5.1993376,0.25360621,5.1993376,-5.1993376,-0.36017172,-0.60746322,2.1968939,1.0315088
4262,0.51349142,-0.42660141,-0.1422445,0.29267606,-0.26398459,0.62109893,-0.36687305,5.1993376,-5.1993376,0.7413876,1.3781138,-0.17527843,0.60181569
4263,1.0230033,0.40335554,0.2239158,0.13337869,0.63946185,0.29660674,1.761948,5.1993376,-5.1993376,-0.92233022,0.18547963,1.9858764,0.56926315
4264,1.7679033,1.5255293,-5.1993376,-1.3684503,0.63946185,1.0774455,1.5542696,5.1993376,-5.1993376,-0.55985906,1.3781138,0.71036555,-5.1993376
4265,-5.1993376,-0.046435725,-0.1422445,-0.13591068,1.0955557,1.7444475,-2.651732,5.1993376,5.1993376,0.58796385,-1.1694007,-0.001254569,-5.1993376
4266,0.51349142,-0.42660141,1.4354772,1.533612,-0.97143575,1.0774455,-0.98765156,-5.1993376,-5.1993376,1.337127,0.69910809,-0.17527843,1.5843543
4267,-5.1993376,-0.42660141,0.55253687,0.21235277,-0.26398459,-5.1993376,0.25360621,5.1993376,-5.1993376,-0.78332986,0.69910809,-1.2502419,-5.1993376
4268,0.51349142,-0.75967739,-0.7315153,-0.089192496,-0.26398459,1.7444475,-1.6896701,5.1993376,-5.1993376,1.2924649,-0.60746322,-0.36553148,-5.1993376
4269,-5.1993376,1.1644437,1.401177,1.3879077,0.17400458,-0.1422445,-0.67055744,-5.1993376,5.1993376,-0.55985906,0.18547963,-0.001254569,-5.1993376
4270,1.0230033,0.76639141,2.6590904,2.5754833,-1.8114574,0.29660674,1.761948,-5.1993376,-5.1993376,0.22262957,2.1196682,-0.79704409,1.2617709
4271,-5.1993376,-1.2529876,1.0841952,0.84987354,0.97546566,0.29660674,-1.1768904,-5.1993376,-5.1993376,0.96742157,-1.1694007,0.58052362,-5.1993376
4272,-5.1993376,1.4532796,-0.1422445,-1.6590928,0.30448193,-5.1993376,0.25360621,5.1993376,5.1993376,-5.1993376,0.18547963,-1.0230033,-5.1993376
4273,-5.1993376,0.90330062,-0.1422445,0.21235277,-0.26398459,-0.1422445,-0.67055744,5.1993376,5.1993376,-5.1993376,0.18547963,0.14858402,-5.1993376
4274,-5.1993376,-0.34415366,0.82669773,0.8196557,-0.69112102,-5.1993376,0.25360621,-5.1993376,-5.1993376,1.2393519,-0.21363612,1.2339616,0.16001041
4275,-5.1993376,1.3249577,0.55253687,0.50492201,-0.26398459,0.62109893,-1.5215251,-5.1993376,-5.1993376,-0.11441489,-0.60746322,-1.4678604,0.49213682
4276,-5.1993376,0.93390994,1.0841952,1.2895781,-2.0431151,-0.1422445,-0.67055744,-5.1993376,-5.1993376,-0.55985906,0.69910809,0.29922973,0.49213682
4277,-5.1993376,-0.56868553,0.55253687,0.75299744,0.63946185,0.29660674,-1.1768904,5.1993376,-5.1993376,1.7055704,0.69910809,0.29922973,0.65325448
4278,1.4181186,0.55107599,0.55253687,0.71359852,1.0955557,1.7444475,-0.43762015,-5.1993376,-5.1993376,-0.55985906,-1.1694007,-0.57311539,1.1750358
4279,-5.1993376,-1.3402005,1.649237,0.75299744,0.97546566,0.29660674,-1.1768904,5.1993376,-5.1993376,1.3041214,-1.1694007,0.29922973,-5.1993376
4280,1.7679033,0.095492152,0.2239158,-0.44869228,0.40471681,1.4354772,0.87904038,-5.1993376,-5.1993376,1.4079051,-0.21363612,-0.17527843,1.1794018
4281,0.51349142,0.73315571,-0.7315153,-0.34149266,-0.26398459,0.29660674,0.25360621,5.1993376,-5.1993376,-0.11441489,0.18547963,-2.1079532,-5.1993376
4282,-5.1993376,-1.5295582,1.2640664,-0.6150245,1.3684503,0.62109893,-1.5215251,-5.1993376,-5.1993376,0.51635627,-1.1694007,0.58052362,0.27830169
4283,0.51349142,-1.4157599,-0.43348197,-0.83912102,0.97546566,1.0774455,-0.98765156,-5.1993376,-5.1993376,-0.22648938,-1.1694007,-1.0230033,0.20338767
4284,0.51349142,0.46400712,-0.7315153,-1.6590928,0.63946185,-0.1422445,1.2447784,5.1993376,-5.1993376,1.3781138,0.18547963,-0.57311539,-5.1993376
4285,-5.1993376,0.22648938,0.55253687,0.91467864,0.63946185,-5.1993376,0.25360621,5.1993376,-5.1993376,-0.36017172,1.3781138,-2.8067115,0.90619591
4286,-5.1993376,1.0400895,-0.1422445,0.21235277,-1.3219458,-5.1993376,0.25360621,5.1993376,-5.1993376,-0.92233022,1.3781138,-2.4320167,1.0485882
4287,-5.1993376,-1.1140325,-0.1422445,-0.39384742,0.63946185,-5.1993376,0.25360621,5.1993376,-5.1993376,1.9264032,0.69910809,-2.4320167,0.51206059
4288,-5.1993376,-0.18165198,-1.1644437,-0.29005812,-1.0819398,-0.1422445,-0.67055744,5.1993376,-5.1993376,1.6896701,0.18547963,0.71036555,0.46113508
4289,-5.1993376,1.649237,-0.7315153,-0.041412601,0.97546566,-5.1993376,0.25360621,5.1993376,5.1993376,-0.78332986,0.18547963,0.45146888,-5.1993376
4290,-5.1993376,0.66741904,-0.43348197,-0.29005812,-0.26398459,0.62109893,-1.5215251,5.1993376,5.1993376,0.06025574,0.18547963,-2.1079532,0.7907266
4291,-5.1993376,0.056485615,1.0841952,0.29267606,-0.26398459,-5.1993376,0.25360621,-5.1993376,-5.1993376,-0.36017172,-0.21363612,-0.79704409,-5.1993376
4292,-5.1993376,-0.095492152,1.2640664,0.75299744,0.30448193,-5.1993376,0.25360621,5.1993376,5.1993376,0.45842568,-0.60746322,0.29922973,-5.1993376
4293,-5.1993376,-0.42660141,0.55253687,1.0909946,0.63946185,0.29660674,-1.1768904,5.1993376,5.1993376,-5.1993376,0.69910809,-0.36553148,-5.1993376
4294,0.51349142,1.0640914,-0.47521374,0.50492201,-0.69112102,0.29660674,0.25360621,5.1993376,-5.1993376,-5.1993376,-0.60746322,-1.2502419,-5.1993376
4295,1.0230033,-1.3041214,0.2239158,0.17400458,-0.26398459,0.29660674,1.761948,5.1993376,-5.1993376,0.22262957,-0.21363612,0.71036555,1.0691272
4296,-5.1993376,0.27699782,-0.1422445,-0.29005812,-0.26398459,-5.1993376,0.25360621,5.1993376,-5.1993376,-0.92233022,-0.21363612,-1.0230033,-5.1993376
4297,-5.1993376,0.52930109,-0.7315153,-0.44869228,1.8877534,0.62109893,-1.5215251,5.1993376,5.1993376,-0.65804298,-1.1694007,-0.001254569,-5.1993376
4298,-5.1993376,0.96742157,-0.43348197,0.21235277,-0.26398459,-5.1993376,0.25360621,5.1993376,5.1993376,-5.1993376,0.18547963,0.85167519,-5.1993376
4299,-5.1993376,0.16636735,-5.1993376,-0.83912102,0.40471681,-5.1993376,0.25360621,-5.1993376,5.1993376,-0.053972647,-0.60746322,-0.36553148,-5.1993376
4300,-5.1993376,-0.6150245,-0.7315153,-0.66428721,-0.26398459,-0.1422445,-0.67055744,-5.1993376,-5.1993376,0.22262957,-0.60746322,-0.79704409,-5.1993376
4301,-5.1993376,1.6252744,1.1900314,0.8196557,-1.3219458,-5.1993376,0.25360621,5.1993376,-5.1993376,0.22262957,-0.60746322,-0.57311539,-5.1993376
4302,-5.1993376,1.5712865,0.55253687,0.61199579,-1.0819398,1.5843543,-2.5423492,5.1993376,5.1993376,-0.11441489,0.18547963,-0.79704409,-5.1993376
4303,-5.1993376,-5.1993376,1.0841952,0.0062728847,0.40471681,0.29660674,-1.1768904,5.1993376,-5.1993376,0.40471681,-1.1694007,0.45146888,-5.1993376
4304,-5.1993376,0.33485067,0.55253687,0.61199579,0.087932998,-5.1993376,0.25360621,5.1993376,-5.1993376,0.37628274,-0.21363612,0.14858402,1.0315088
4305,-5.1993376,0.45424896,-5.1993376,-1.144896,0.97546566,-5.1993376,0.25360621,5.1993376,5.1993376,-5.1993376,0.18547963,1.3494976,-5.1993376
4306,1.0230033,-0.68317781,0.91087287,0.50492201,0.63946185,0.87535389,0.25360621,5.1993376,5.1993376,-5.1993376,-0.60746322,1.1140325,-5.1993376
4307,-5.1993376,0.33485067,-0.1422445,0.092971849,0.17400458,-5.1993376,0.25360621,5.1993376,-5.1993376,0.26658359,0.18547963,-0.79704409,-5.1993376
4308,-5.1993376,0.79360155,0.55253687,-0.13591068,-0.26398459,-5.1993376,0.25360621,5.1993376,5.1993376,-0.36017172,0.69910809,0.58052362,0.32028968
4309,-5.1993376,-0.1625524,1.1794018,2.706673,-0.26398459,0.29660674,-1.1768904,-5.1993376,-5.1993376,0.62566982,-0.21363612,0.71036555,0.71065985
4310,0.51349142,-1.4045331,-0.43348197,-0.23808933,0.63946185,0.87535389,-0.67055744,-5.1993376,5.1993376,0.68159434,-1.1694007,-1.4678604,0.67707586
4311,-5.1993376,-0.018819641,-0.7315153,-0.50492201,1.3684503,0.29660674,-1.1768904,5.1993376,5.1993376,-0.28744217,-0.21363612,-1.0230033,-5.1993376
4312,-5.1993376,0.5642668,1.649237,2.2258232,1.3684503,-0.1422445,-0.67055744,-5.1993376,5.1993376,0.14858402,-0.60746322,0.58052362,-5.1993376
4313,-5.1993376,0.26138737,-0.7315153,-1.6590928,1.3684503,-0.1422445,-0.67055744,5.1993376,5.1993376,-5.1993376,-0.21363612,-1.6691125,-5.1993376
4314,0.51349142,-0.57755653,-0.7315153,-0.83912102,1.2023467,0.29660674,0.25360621,5.1993376,5.1993376,0.53653104,-1.1694007,-0.001254569,-5.1993376
4315,-5.1993376,0.59693534,1.0841952,1.0909946,-0.26398459,-5.1993376,0.25360621,5.1993376,-5.1993376,0.18165198,0.18547963,1.3494976,1.546031
4316,-5.1993376,0.20209835,-0.1422445,-0.18547963,0.40471681,-0.1422445,-0.67055744,5.1993376,5.1993376,-5.1993376,-1.1694007,-0.57311539,-5.1993376
4317,1.7679033,-1.3219458,0.91087287,1.3249577,0.97546566,0.87535389,2.5423492,5.1993376,-5.1993376,1.9476546,-0.60746322,1.2339616,1.6739573
4318,0.51349142,0.29005812,1.2640664,1.4903351,-1.7219141,0.87535389,-0.67055744,5.1993376,-5.1993376,-0.11441489,2.1196682,0.85167519,-5.1993376
4319,-5.1993376,0.98154039,-0.7315153,-0.23808933,1.6022103,-0.1422445,-0.67055744,-5.1993376,-5.1993376,1.4941549,-1.1694007,-1.873053,-5.1993376
4320,0.51349142,0.056485615,0.91087287,0.95151828,0.17400458,0.62109893,-0.36687305,5.1993376,5.1993376,-5.1993376,-1.1694007,-0.57311539,0.55985906
4321,-5.1993376,-1.3912021,1.0841952,0.29267606,0.63946185,0.29660674,-1.1768904,-5.1993376,5.1993376,0.4307273,-1.1694007,1.2339616,-5.1993376
4322,-5.1993376,-0.52066149,1.649237,1.6299924,-0.26398459,-5.1993376,0.25360621,5.1993376,-5.1993376,2.0567906,0.69910809,1.464186,2.3127427
4323,-5.1993376,-1.1140325,-0.7315153,-0.56279634,0.63946185,-0.1422445,-0.67055744,-5.1993376,5.1993376,-5.1993376,0.69910809,-2.4320167,0.29922973
4324,0.51349142,1.3978365,-0.43348197,-0.83912102,-1.3219458,0.62109893,-0.36687305,5.1993376,-5.1993376,-0.92233022,-1.1694007,-0.17527843,-5.1993376
4325,2.1079532,1.2874256,-0.7315153,0.092971849,0.30448193,1.2612822,1.761948,5.1993376,-5.1993376,1.6733892,-0.21363612,1.1140325,-5.1993376
4326,-5.1993376,-0.85167519,-0.7315153,-0.6150245,-0.83733836,-5.1993376,0.25360621,5.1993376,5.1993376,-5.1993376,0.69910809,-0.79704409,-5.1993376
4327,1.4181186,0.25101592,-0.47450219,-0.90518882,0.63946185,1.2612822,0.25360621,5.1993376,5.1993376,-0.17018472,-1.1694007,-0.57311539,-5.1993376
4328,1.0230033,-0.067798615,1.649237,1.4903351,-0.26398459,0.87535389,0.25360621,5.1993376,5.1993376,0.98969684,0.69910809,-0.17527843,0.210958
4329,-5.1993376,-0.27439149,-5.1993376,-0.83912102,-0.26398459,-0.1422445,-0.67055744,5.1993376,5.1993376,-1.0552931,1.3781138,-1.4678604,-5.1993376
4330,-5.1993376,-0.77483284,-0.1422445,0.05146002,0.63946185,-5.1993376,0.25360621,5.1993376,5.1993376,-5.1993376,0.69910809,-0.79704409,-5.1993376
4331,-5.1993376,1.0124743,-0.7315153,-0.6150245,0.97546566,-5.1993376,0.25360621,5.1993376,-5.1993376,-1.0552931,-1.1694007,-1.873053,-5.1993376
4332,-5.1993376,0.44314942,-0.48083942,-0.72008693,0.087932998,-5.1993376,0.25360621,5.1993376,-5.1993376,0.37628274,-0.21363612,-0.001254569,0.79395815
4333,0.51349142,-0.42660141,-0.7315153,-0.23808933,-2.0431151,0.29660674,0.25360621,5.1993376,5.1993376,0.26658359,1.3781138,-0.001254569,-5.1993376
4334,-5.1993376,1.0444088,0.55253687,0.98561042,-1.3219458,-0.1422445,-0.67055744,5.1993376,-5.1993376,-0.36017172,1.3781138,0.58052362,1.2899582
4335,-5.1993376,1.2075323,0.2239158,0.17400458,-0.26398459,-5.1993376,0.25360621,5.1993376,-5.1993376,-0.65804298,0.18547963,-0.57311539,0.49213682
4336,-5.1993376,-0.52066149,-0.1422445,0.21235277,0.087932998,-5.1993376,0.25360621,5.1993376,5.1993376,0.953493,1.3781138,0.71036555,-5.1993376
4337,0.51349142,-0.1625524,-0.1422445,0.13337869,0.63946185,-0.1422445,1.2447784,5.1993376,-5.1993376,-5.1993376,0.69910809,-0.79704409,0.6743071
4338,2.1079532,-0.058998939,-5.1993376,-1.3684503,0.17400458,1.4354772,1.2447784,5.1993376,-5.1993376,1.5138486,-0.21363612,0.98561042,1.4680147
4339,0.51349142,1.1566219,0.55253687,0.43900121,-0.97143575,0.62109893,-0.36687305,5.1993376,5.1993376,-0.36017172,0.18547963,0.71036555,-5.1993376
4340,2.1079532,0.095492152,1.2640664,-0.18547963,1.8379752,1.8803524,0.25360621,-5.1993376,5.1993376,1.2924649,-1.1694007,0.45146888,-5.1993376
4341,-5.1993376,-0.50777433,1.0841952,0.88088812,0.63946185,-5.1993376,0.25360621,-5.1993376,-5.1993376,0.65804298,0.18547963,-0.36553148,0.91911466
4342,0.51349142,0.20722283,2.0042336,0.25360621,-0.26398459,1.2612822,-1.1768904,-5.1993376,-5.1993376,-0.45564031,-0.21363612,0.29922973,-5.1993376
4343,-5.1993376,-1.1873621,-0.1422445,-0.90518882,0.17400458,-5.1993376,0.25360621,5.1993376,-5.1993376,0.40471681,-1.1694007,0.29922973,-5.1993376
4344,-5.1993376,-0.10305677,-0.1422445,-0.089192496,-0.26398459,0.29660674,-1.1768904,-5.1993376,-5.1993376,1.0685216,-1.1694007,0.29922973,-5.1993376
4345,-5.1993376,-0.2239158,-0.1422445,0.57607489,0.087932998,-5.1993376,0.25360621,5.1993376,-5.1993376,0.98969684,-0.21363612,0.98561042,0.3485941
4346,0.51349142,0.035135151,0.55253687,-0.18547963,0.63946185,0.29660674,0.25360621,5.1993376,5.1993376,-0.17018472,-0.21363612,-0.79704409,-5.1993376
4347,1.0230033,0.23938016,1.0841952,-0.77822491,0.63946185,1.0774455,-0.300542,-5.1993376,5.1993376,0.22262957,-0.21363612,0.45146888,0.57607489
4348,0.51349142,0.36017172,0.55253687,0.95151828,-0.26398459,-0.1422445,1.2447784,5.1993376,5.1993376,0.37628274,-0.21363612,0.45146888,-5.1993376
4349,-5.1993376,-0.42660141,-5.1993376,-1.2529876,-1.0819398,-5.1993376,0.25360621,5.1993376,5.1993376,-1.0552931,0.69910809,-1.0230033,-5.1993376
4350,0.51349142,-1.2867019,-5.1993376,-1.6590928,0.17400458,0.87535389,-0.67055744,-5.1993376,-5.1993376,0.22262957,-5.1993376,-0.57311539,0.49213682
4351,1.0230033,-1.1768904,-0.7315153,-0.77822491,0.63946185,1.2612822,-0.42385485,5.1993376,-5.1993376,-0.28744217,-1.1694007,-1.4678604,-5.1993376
4352,1.4181186,-0.84448508,1.401177,1.3249577,0.17400458,1.7444475,-0.43762015,-5.1993376,-5.1993376,1.215372,-1.1694007,0.98561042,1.4045331
4353,-5.1993376,-1.7739219,0.55253687,-1.144896,1.2023467,-5.1993376,0.25360621,-5.1993376,5.1993376,-5.1993376,-1.1694007,1.3494976,-5.1993376
4354,-5.1993376,-0.1625524,-0.1422445,0.25360621,0.97546566,-5.1993376,0.25360621,5.1993376,-5.1993376,0.14858402,-0.21363612,-0.79704409,-5.1993376
4355,1.0230033,-0.23292993,0.55253687,-0.29005812,0.30448193,0.62109893,0.96142934,5.1993376,-5.1993376,0.81440074,-0.60746322,0.45146888,0.68476299
4356,-5.1993376,-0.89953386,0.55253687,-1.059682,1.8379752,-0.1422445,-0.67055744,5.1993376,5.1993376,1.6896701,-1.1694007,1.1140325,-5.1993376
4357,-5.1993376,0.90330062,-0.7315153,0.40607882,-0.26398459,-5.1993376,0.25360621,5.1993376,5.1993376,-5.1993376,-0.21363612,-0.57311539,-5.1993376
4358,-5.1993376,1.6844637,1.649237,-1.3684503,-0.97143575,-5.1993376,0.25360621,5.1993376,-5.1993376,1.5756126,0.18547963,0.14858402,1.8114574
4359,0.51349142,-1.2997295,-0.43348197,-0.50492201,1.6022103,1.8803524,-1.7986626,5.1993376,-5.1993376,-0.78332986,-1.1694007,0.85167519,-5.1993376
4360,1.4181186,-0.0050182959,-0.7315153,-0.77822491,1.0955557,2.2899878,-1.1768904,-5.1993376,5.1993376,-0.36017172,-1.1694007,-0.57311539,-5.1993376
4361,-5.1993376,-0.11820414,1.649237,1.4903351,0.40471681,-5.1993376,0.25360621,5.1993376,-5.1993376,-0.65804298,-1.1694007,0.71036555,0.93003618
4362,1.0230033,-1.3813637,1.649237,1.2895781,-0.97143575,0.29660674,1.761948,5.1993376,-5.1993376,-0.55985906,-1.1694007,0.29922973,0.16333229
4363,-5.1993376,0.016310116,-5.1993376,-0.77822491,2.1440107,0.87535389,-1.7986626,5.1993376,5.1993376,-5.1993376,-1.1694007,0.71036555,-5.1993376
4364,-5.1993376,-1.2753025,-5.1993376,-0.39384742,1.3684503,-5.1993376,0.25360621,-5.1993376,-5.1993376,-5.1993376,-0.60746322,-1.4678604,0.46113508
4365,-5.1993376,0.080378865,0.55253687,0.95151828,-1.3219458,-5.1993376,0.25360621,5.1993376,-5.1993376,0.64100179,0.69910809,-0.57311539,-5.1993376
4366,-5.1993376,-0.095492152,1.2640664,1.3879077,-0.26398459,-0.1422445,-0.67055744,-5.1993376,-5.1993376,-0.65804298,-0.21363612,-0.17527843,-5.1993376
4367,0.51349142,-0.50777433,-0.48083942,0.32954771,0.17400458,-0.1422445,1.2447784,5.1993376,5.1993376,-5.1993376,-0.21363612,-1.0230033,-5.1993376
4368,-5.1993376,-0.50777433,0.91087287,-1.2529876,-0.26398459,0.62109893,-1.5215251,-5.1993376,5.1993376,0.0062728847,-1.1694007,0.71036555,0.63491055
4369,-5.1993376,-0.3031681,0.2239158,0.47100434,0.63946185,-5.1993376,0.25360621,5.1993376,5.1993376,-0.36017172,0.69910809,-1.4678604,0.96942671
4370,0.51349142,-0.90518882,1.2640664,0.75299744,0.087932998,0.87535389,-0.67055744,-5.1993376,-5.1993376,0.48930663,-1.1694007,0.29922973,-5.1993376
4371,-5.1993376,0.97344873,0.55253687,0.68001258,-0.26398459,-5.1993376,0.25360621,5.1993376,-5.1993376,-0.11441489,0.18547963,1.464186,0.43682886
4372,-5.1993376,0.34948301,-5.1993376,-0.90518882,-0.26398459,-5.1993376,0.25360621,5.1993376,5.1993376,-0.55985906,-1.1694007,-1.6691125,-5.1993376
4373,-5.1993376,-0.68317781,1.649237,0.092971849,0.63946185,1.0774455,-1.994971,-5.1993376,-5.1993376,0.29791798,-1.1694007,1.8312243,0.4403831
4374,-5.1993376,1.8086652,1.0841952,1.2075323,-0.26398459,-5.1993376,0.25360621,-5.1993376,-5.1993376,-0.78332986,0.69910809,-1.873053,0.941268
4375,-5.1993376,-0.018819641,-0.1422445,0.17400458,1.0955557,-5.1993376,0.25360621,5.1993376,5.1993376,-5.1993376,-1.1694007,-1.2502419,0.37690852
4376,1.0230033,-0.42660141,-0.7315153,-0.56279634,-0.69112102,0.29660674,1.761948,5.1993376,-5.1993376,1.2557429,1.3781138,-0.17527843,0.58385439
4377,0.51349142,0.48789301,-0.43348197,-0.13591068,0.30448193,-0.1422445,1.2447784,5.1993376,-5.1993376,-1.0552931,-0.60746322,-0.57311539,-5.1993376
4378,0.51349142,-0.91087287,1.0841952,0.13337869,0.30448193,1.2612822,-1.1768904,-5.1993376,-5.1993376,0.18165198,-1.1694007,-0.57311539,-5.1993376
4379,0.51349142,0.95943959,1.649237,0.25360621,-0.26398459,0.29660674,0.25360621,5.1993376,-5.1993376,2.1121184,0.18547963,0.45146888,1.7771087
4380,-5.1993376,-0.20081806,0.55253687,0.54088248,-0.26398459,0.62109893,-1.5215251,-5.1993376,-5.1993376,-0.92233022,-1.1694007,0.71036555,-5.1993376
4381,1.4181186,1.1644437,-1.1644437,-0.77822491,-0.26398459,1.2612822,0.25360621,5.1993376,-5.1993376,-1.0552931,0.18547963,1.2339616,0.23757311
4382,0.51349142,1.0729729,1.2640664,0.13337869,0.97546566,0.29660674,0.25360621,-5.1993376,-5.1993376,1.4319709,0.18547963,-0.17527843,1.0185761
4383,-5.1993376,0.016310116,0.11820414,-1.059682,0.63946185,-0.1422445,-0.67055744,-5.1993376,5.1993376,-1.0552931,-1.1694007,-0.79704409,-5.1993376
4384,1.0230033,-0.0050182959,-0.7315153,-1.3684503,0.97546566,0.62109893,0.96142934,-5.1993376,5.1993376,1.0978448,-5.1993376,1.1140325,-5.1993376
4385,-5.1993376,1.2924649,0.55253687,0.84987354,-0.26398459,1.0774455,-1.994971,-5.1993376,-5.1993376,0.37628274,0.69910809,1.6590928,-5.1993376
4386,-5.1993376,-0.018819641,1.649237,0.98561042,-0.26398459,-5.1993376,0.25360621,-5.1993376,5.1993376,0.56132709,-0.21363612,1.3494976,2.3414963
4387,-5.1993376,1.1768904,0.55253687,0.61199579,-0.83733836,-0.1422445,-0.67055744,-5.1993376,-5.1993376,1.1400769,0.69910809,0.71036555,-5.1993376
4388,-5.1993376,1.2502419,0.91087287,2.0965206,0.63946185,0.29660674,-1.1768904,5.1993376,-5.1993376,-0.65804298,0.18547963,-0.001254569,-5.1993376
4389,0.51349142,-1.2982711,-5.1993376,0.092971849,0.63946185,0.29660674,0.25360621,5.1993376,-5.1993376,0.37628274,-0.60746322,-0.001254569,-5.1993376
4390,-5.1993376,-0.58498388,-0.1422445,0.36821529,0.17400458,-0.1422445,-0.67055744,5.1993376,5.1993376,0.60897269,1.3781138,0.14858402,0.37690852
4391,-5.1993376,-1.8952593,0.99791966,-1.059682,1.2023467,-5.1993376,0.25360621,-5.1993376,5.1993376,-5.1993376,-1.1694007,-0.79704409,-5.1993376
4392,2.1079532,0.33485067,-5.1993376,-1.3684503,-0.26398459,1.2612822,1.761948,5.1993376,-5.1993376,1.0841952,0.18547963,-0.57311539,0.29387732
4393,1.4181186,0.48789301,-0.1422445,-0.041412601,-0.26398459,0.87535389,1.2447784,5.1993376,5.1993376,-0.17018472,-0.21363612,0.58052362,0.41561866
4394,-5.1993376,1.2982711,1.0841952,-0.041412601,-2.9707282,-5.1993376,0.25360621,-5.1993376,-5.1993376,0.26658359,0.18547963,1.8312243,0.22078856
4395,-5.1993376,-1.9769432,-0.1422445,-1.3684503,1.2023467,-0.1422445,-0.67055744,5.1993376,-5.1993376,2.1688133,-1.1694007,1.8312243,1.6896701
4396,-5.1993376,-0.83200627,-0.7315153,-0.50492201,0.63946185,0.62109893,-1.5215251,5.1993376,-5.1993376,0.84090635,1.3781138,0.71036555,0.87719565
4397,-5.1993376,-0.65337661,-0.7315153,-0.041412601,-0.26398459,-5.1993376,0.25360621,5.1993376,5.1993376,0.92233022,1.3781138,-0.001254569,1.1549703
4398,-5.1993376,-1.1140325,1.0841952,1.6640817,-1.0819398,-5.1993376,0.25360621,5.1993376,5.1993376,1.3978365,0.69910809,1.1140325,-5.1993376
4399,-5.1993376,-0.79532164,-0.7315153,-1.8179677,2.1440107,0.62109893,-1.5215251,5.1993376,-5.1993376,0.96742157,-1.1694007,-0.79704409,-5.1993376
4400,0.51349142,-0.98561042,-1.1644437,-0.66428721,-1.0819398,2.0853556,-1.994971,5.1993376,5.1993376,-5.1993376,0.69910809,-0.17527843,-5.1993376
4401,-5.1993376,0.59693534,-0.43348197,-0.39384742,-1.8114574,-5.1993376,0.25360621,-5.1993376,5.1993376,-0.78332986,0.69910809,-2.4320167,-5.1993376
4402,-5.1993376,-1.5799684,-5.1993376,-1.3684503,2.1440107,0.29660674,-1.1768904,5.1993376,5.1993376,-0.78332986,-1.1694007,-1.0230033,-5.1993376
4403,0.51349142,0.65648594,0.2239158,0.50492201,-0.26398459,0.62109893,-0.36687305,5.1993376,5.1993376,0.14858402,0.18547963,-0.57311539,1.1864733
4404,-5.1993376,0.78162595,0.55253687,0.25360621,0.63946185,-0.1422445,-0.67055744,5.1993376,-5.1993376,-0.45564031,0.69910809,-0.79704409,-5.1993376
4405,0.51349142,0.99174625,0.55253687,0.21235277,-0.69112102,-0.1422445,1.2447784,5.1993376,5.1993376,0.18165198,2.1196682,0.14858402,-5.1993376
4406,-5.1993376,-1.1140325,-0.7315153,-0.6150245,-0.26398459,-5.1993376,0.25360621,5.1993376,-5.1993376,-1.0552931,0.69910809,-0.17527843,-5.1993376
4407,-5.1993376,-0.94757994,-0.1422445,0.47100434,0.63946185,-0.1422445,-0.67055744,-5.1993376,-5.1993376,-1.0552931,-0.60746322,-0.001254569,1.8066888
4408,0.51349142,1.9028735,-5.1993376,-0.98357337,-2.483413,0.29660674,0.25360621,5.1993376,5.1993376,-5.1993376,2.1196682,-2.1079532,-5.1993376
4409,1.0230033,0.70714,0.82669773,0.50492201,-0.83733836,0.62109893,0.96142934,5.1993376,5.1993376,-0.22648938,0.18547963,0.45146888,1.1305252
4410,-5.1993376,-0.68317781,-0.1422445,-0.23808933,-0.97143575,-5.1993376,0.25360621,5.1993376,5.1993376,-5.1993376,0.69910809,-0.57311539,-5.1993376
4411,-5.1993376,0.11820414,-0.1422445,-0.23808933,0.63946185,-5.1993376,0.25360621,-5.1993376,-5.1993376,0.06025574,-0.60746322,-0.001254569,-5.1993376
4412,-5.1993376,-1.1768904,-0.7315153,-0.66428721,0.63946185,-5.1993376,0.25360621,5.1993376,5.1993376,-0.36017172,0.69910809,1.7560546,-5.1993376
4413,-5.1993376,-1.0487476,-5.1993376,-1.3684503,0.63946185,-5.1993376,0.25360621,5.1993376,-5.1993376,0.10810309,0.69910809,0.14858402,-5.1993376
4414,-5.1993376,-0.0050182959,0.2239158,0.61199579,0.30448193,-5.1993376,0.25360621,5.1993376,5.1993376,1.3781138,0.18547963,-1.0230033,-5.1993376
4415,-5.1993376,-1.1964194,-5.1993376,-1.3684503,-2.0431151,-5.1993376,0.25360621,5.1993376,-5.1993376,-0.92233022,0.69910809,-1.2502419,0.24233273
4416,0.51349142,-1.2710606,-5.1993376,-1.505747,-0.26398459,1.0774455,-0.98765156,5.1993376,-5.1993376,1.4568958,1.3781138,0.14858402,-5.1993376
4417,0.51349142,1.6022103,0.55253687,-0.18547963,-0.69112102,0.62109893,-0.36687305,5.1993376,5.1993376,-0.36017172,0.18547963,-0.36553148,0.22777673
4418,-5.1993376,0.41563423,-0.7315153,-0.089192496,-0.26398459,-0.1422445,-0.67055744,5.1993376,5.1993376,-0.65804298,1.3781138,0.29922973,-5.1993376
4419,-5.1993376,-1.1768904,-0.1422445,0.092971849,-0.26398459,-5.1993376,0.25360621,-5.1993376,-5.1993376,-0.22648938,1.3781138,-0.36553148,-5.1993376
4420,-5.1993376,0.13464458,1.2640664,1.1794018,-1.3219458,-5.1993376,0.25360621,5.1993376,-5.1993376,0.8570968,0.18547963,0.14858402,0.27830169
4421,-5.1993376,-2.0331038,-5.1993376,-2.5423492,-0.26398459,-0.1422445,-0.67055744,5.1993376,5.1993376,0.06025574,-1.1694007,0.14858402,-5.1993376
4422,-5.1993376,0.38572587,-5.1993376,-2.1316816,-0.26398459,-0.1422445,-0.67055744,5.1993376,5.1993376,-0.55985906,-0.60746322,-0.79704409,-5.1993376
4423,-5.1993376,-0.11062728,-0.1422445,-0.44869228,-1.3219458,-5.1993376,0.25360621,-5.1993376,5.1993376,-5.1993376,0.69910809,-0.17527843,0.14992999
4424,-5.1993376,1.8245559,-0.1422445,-0.23808933,0.97546566,-5.1993376,0.25360621,5.1993376,5.1993376,-5.1993376,0.18547963,-1.0230033,-5.1993376
4425,-5.1993376,-0.55253687,-0.1422445,0.61199579,0.17400458,-5.1993376,0.25360621,5.1993376,-5.1993376,0.86801634,-0.21363612,0.45146888,-5.1993376
4426,-5.1993376,0.36955819,0.55253687,1.6067551,0.17400458,-0.1422445,-0.67055744,-5.1993376,-5.1993376,-0.65804298,-0.21363612,0.45146888,0.24456167
4427,-5.1993376,-0.12705243,-0.1422445,-1.6590928,-0.26398459,-0.1422445,-0.67055744,-5.1993376,-5.1993376,-0.45564031,0.18547963,-0.79704409,0.51843386
4428,1.0230033,-0.55253687,-0.1422445,0.05146002,1.6022103,2.2899878,-1.6741858,-5.1993376,5.1993376,-0.55985906,-0.60746322,0.58052362,-5.1993376
4429,-5.1993376,1.4112933,-0.1422445,-0.18547963,-0.26398459,-5.1993376,0.25360621,5.1993376,-5.1993376,-0.17018472,-0.21363612,-2.1079532,-5.1993376
4430,-5.1993376,0.53943086,0.55253687,1.6067551,-1.3219458,-0.1422445,-0.67055744,5.1993376,-5.1993376,1.0444088,0.18547963,1.9858764,-5.1993376
4431,-5.1993376,2.5423492,0.55253687,1.2895781,-1.3219458,-5.1993376,0.25360621,-5.1993376,5.1993376,-1.0552931,0.18547963,-1.0230033,-5.1993376
4432,-5.1993376,-1.1140325,-0.7315153,-0.29005812,0.40471681,-5.1993376,0.25360621,5.1993376,5.1993376,-5.1993376,0.69910809,0.45146888,0.30711117
4433,-5.1993376,-0.27439149,1.649237,0.0062728847,0.17400458,0.29660674,-1.1768904,-5.1993376,-5.1993376,0.45842568,-1.1694007,-1.2502419,1.5024708
4434,2.483413,2.0853556,-0.1422445,-0.13591068,-1.3219458,2.8778461,-1.0145711,5.1993376,-5.1993376,0.10810309,0.18547963,0.29922973,0.49213682
4435,0.51349142,1.1768904,0.91087287,1.5843543,-0.26398459,-0.1422445,1.2447784,5.1993376,5.1993376,0.82846465,0.69910809,0.71036555,0.88326846
4436,-5.1993376,0.22648938,-0.1422445,0.05146002,0.63946185,-5.1993376,0.25360621,-5.1993376,-5.1993376,0.34948301,0.18547963,-0.36553148,0.78503605
4437,-5.1993376,0.39520352,0.55253687,0.68001258,-0.69112102,-5.1993376,0.25360621,5.1993376,5.1993376,0.22262957,0.18547963,0.85167519,0.95151828
4438,-5.1993376,1.4941549,-0.1422445,0.43900121,-1.3219458,-5.1993376,0.25360621,-5.1993376,-5.1993376,0.56132709,0.69910809,-1.4678604,-5.1993376
4439,1.7679033,1.1566219,0.2239158,0.40607882,-1.3219458,1.0774455,1.5542696,5.1993376,-5.1993376,-0.28744217,0.69910809,0.85167519,-5.1993376
4440,-5.1993376,0.33485067,-0.39113737,-0.13591068,-0.97143575,-5.1993376,0.25360621,5.1993376,-5.1993376,1.0082941,0.69910809,1.1140325,2.6672614
4441,-5.1993376,1.0124743,-5.1993376,-1.6590928,0.30448193,-5.1993376,0.25360621,5.1993376,5.1993376,-5.1993376,-0.60746322,-0.17527843,-5.1993376
4442,-5.1993376,1.0552931,-0.7315153,-0.77822491,0.17400458,-0.1422445,-0.67055744,5.1993376,-5.1993376,-0.053972647,0.18547963,-0.57311539,1.4495202
4443,0.51349142,-0.91087287,-1.1644437,-0.90518882,0.63946185,0.87535389,-0.67055744,5.1993376,5.1993376,-5.1993376,0.69910809,0.71036555,1.611601
4444,1.7679033,0.93003618,1.2640664,0.50492201,-0.26398459,1.4354772,0.87904038,-5.1993376,5.1993376,0.34948301,-1.1694007,-0.17527843,1.0707446
4445,-5.1993376,-0.80569207,-0.1422445,-1.6590928,-0.26398459,-5.1993376,0.25360621,5.1993376,-5.1993376,-0.65804298,1.3781138,0.14858402,-5.1993376
4446,0.51349142,0.43210422,-1.1644437,-2.5423492,1.3684503,1.2612822,-1.1768904,5.1993376,5.1993376,-5.1993376,-0.21363612,-1.0230033,-5.1993376
4447,1.7679033,0.19570018,0.91087287,1.0909946,0.30448193,1.0774455,1.5542696,5.1993376,-5.1993376,1.4568958,-0.21363612,0.98561042,-5.1993376
4448,-5.1993376,-0.75967739,-0.43348197,0.17400458,-1.3219458,-5.1993376,0.25360621,5.1993376,-5.1993376,-0.36017172,1.3781138,-0.36553148,-5.1993376
4449,-5.1993376,1.649237,0.55253687,-1.505747,-2.0431151,-0.1422445,-0.67055744,5.1993376,-5.1993376,0.92233022,-1.1694007,1.3494976,1.2127505
4450,-5.1993376,0.5642668,-0.1422445,-1.9858764,0.63946185,-5.1993376,0.25360621,5.1993376,-5.1993376,2.2258232,0.69910809,1.464186,1.56596
4451,-5.1993376,0.13464458,1.649237,0.88088812,0.63946185,-0.1422445,-0.67055744,5.1993376,-5.1993376,0.68159434,0.69910809,-0.57311539,-5.1993376
4452,1.0230033,-0.32557657,-0.1422445,0.71359852,-0.26398459,0.29660674,1.761948,5.1993376,5.1993376,-0.92233022,-0.21363612,0.29922973,-5.1993376
4453,0.51349142,0.14731565,-0.1422445,-0.089192496,-1.3219458,-0.1422445,1.2447784,5.1993376,5.1993376,-0.17018472,0.69910809,0.58052362,0.32028968
4454,-5.1993376,0.79360155,1.649237,1.1794018,-0.69112102,0.87535389,-1.7986626,-5.1993376,-5.1993376,1.0082941,1.3781138,1.7560546,1.9727442
4455,-5.1993376,1.0124743,-1.1644437,-1.8179677,1.6022103,-0.1422445,-0.67055744,5.1993376,5.1993376,-5.1993376,-1.1694007,-1.6691125,-5.1993376
4456,-5.1993376,0.31105902,0.91087287,-0.77822491,0.63946185,-5.1993376,0.25360621,-5.1993376,-5.1993376,0.26658359,-0.21363612,0.71036555,0.61957818
4457,-5.1993376,0.31105902,1.649237,2.1696941,-1.3219458,-5.1993376,0.25360621,5.1993376,-5.1993376,0.14858402,0.18547963,0.14858402,-5.1993376
4458,-5.1993376,0.69590794,0.55253687,1.0230033,0.17400458,-5.1993376,0.25360621,5.1993376,5.1993376,0.92233022,0.18547963,0.45146888,1.9043963
4459,-5.1993376,1.2874256,0.55253687,0.54088248,0.63946185,-0.1422445,-0.67055744,-5.1993376,5.1993376,-0.053972647,0.18547963,0.98561042,-5.1993376
4460,-5.1993376,0.44314942,1.2640664,1.4181186,0.17400458,0.29660674,-1.1768904,-5.1993376,5.1993376,0.14858402,-0.60746322,-0.36553148,0.37828754
4461,-5.1993376,-1.5480028,0.55253687,-0.6150245,1.2023467,-0.1422445,-0.67055744,-5.1993376,-5.1993376,0.98969684,-1.1694007,-0.57311539,1.2490266
4462,-5.1993376,1.6252744,-5.1993376,-0.83912102,-1.3219458,-5.1993376,0.25360621,5.1993376,5.1993376,1.2393519,1.3781138,1.8312243,0.68476299
4463,-5.1993376,-1.1140325,-0.1422445,0.21235277,-0.26398459,-5.1993376,0.25360621,5.1993376,-5.1993376,3.0385891,1.3781138,2.1968939,-5.1993376
4464,0.51349142,-0.59993651,0.91087287,0.78845531,1.6022103,0.62109893,-0.36687305,5.1993376,-5.1993376,0.56132709,-1.1694007,1.1140325,1.2127505
4465,0.51349142,0.83912102,-0.1422445,0.05146002,0.30448193,-0.1422445,1.2447784,5.1993376,5.1993376,0.06025574,-0.21363612,-1.4678604,1.0795356
4466,-5.1993376,-0.94561627,-5.1993376,-1.505747,2.1440107,-5.1993376,0.25360621,5.1993376,5.1993376,-5.1993376,-1.1694007,-0.001254569,-5.1993376
4467,1.0230033,-0.78674453,-0.7315153,0.05146002,-1.3219458,0.87535389,0.25360621,5.1993376,-5.1993376,-0.65804298,0.18547963,-1.2502419,-5.1993376
4468,-5.1993376,-0.36017172,0.2239158,0.54088248,1.2023467,1.0774455,-1.994971,-5.1993376,-5.1993376,0.72334253,-1.1694007,-0.57311539,-5.1993376
4469,1.4181186,1.2502419,-5.1993376,-1.2529876,0.17400458,0.62109893,2.1696941,5.1993376,-5.1993376,0.40471681,0.18547963,-0.36553148,-5.1993376
4470,-5.1993376,-0.036390523,-0.1422445,-0.39384742,2.1440107,0.29660674,-1.1768904,5.1993376,-5.1993376,-0.92233022,-1.1694007,-0.36553148,-5.1993376
4471,-5.1993376,-0.83200627,0.55253687,0.50492201,-0.83733836,-5.1993376,0.25360621,5.1993376,-5.1993376,-0.55985906,0.69910809,0.85167519,1.3526228
4472,0.51349142,-5.1993376,-1.1644437,-0.90518882,0.087932998,1.0774455,-0.98765156,5.1993376,5.1993376,0.22262957,-1.1694007,0.29922973,-5.1993376
4473,-5.1993376,-0.64408623,1.3620783,-0.13591068,-0.26398459,-0.1422445,-0.67055744,-5.1993376,5.1993376,-0.22648938,-0.60746322,1.6590928,0.98765156
4474,-5.1993376,-0.49922964,-0.1422445,-0.29005812,0.63946185,0.29660674,-1.1768904,-5.1993376,-5.1993376,1.0978448,-0.60746322,1.2339616,2.1440034
4475,1.7679033,0.064026723,2.617134,1.3249577,-1.0819398,1.5843543,0.25360621,5.1993376,-5.1993376,2.5374902,0.69910809,1.5669896,0.85610013
4476,-5.1993376,0.68793853,-5.1993376,-2.2730524,-1.3219458,-5.1993376,0.25360621,5.1993376,5.1993376,-0.92233022,1.3781138,-0.001254569,-5.1993376
4477,0.51349142,1.9264032,-0.7315153,-0.34149266,-0.26398459,-0.1422445,1.2447784,-5.1993376,5.1993376,-0.65804298,0.18547963,-1.4678604,0.77416208
4478,0.51349142,0.25101592,-0.43348197,0.17400458,0.30448193,0.29660674,0.25360621,5.1993376,-5.1993376,0.65804298,-0.60746322,1.1140325,-5.1993376
4479,-5.1993376,-0.83200627,-0.1422445,0.95151828,-0.26398459,-5.1993376,0.25360621,5.1993376,-5.1993376,-0.65804298,-0.21363612,1.1140325,0.32028968
4480,-5.1993376,0.016310116,-0.7315153,-1.144896,-0.26398459,-5.1993376,0.25360621,5.1993376,5.1993376,0.77314015,0.69910809,-0.17527843,-5.1993376
4481,0.51349142,0.8109099,1.2640664,1.6067551,-0.26398459,0.62109893,-0.36687305,5.1993376,5.1993376,0.64100179,0.69910809,-0.001254569,-5.1993376
4482,-5.1993376,-1.8824565,-0.1422445,-1.505747,0.17400458,-5.1993376,0.25360621,-5.1993376,5.1993376,-5.1993376,-5.1993376,-0.001254569,-5.1993376
4483,0.51349142,0.36017172,-0.43348197,0.17400458,0.30448193,-0.1422445,1.2447784,5.1993376,5.1993376,0.34948301,0.18547963,0.14858402,-5.1993376
4484,-5.1993376,-1.3219458,-5.1993376,-1.8179677,0.30448193,-0.1422445,-0.67055744,-5.1993376,-5.1993376,0.88830934,-0.21363612,-0.17527843,0.76411457
4485,-5.1993376,0.21620388,0.2239158,0.95151828,-0.97143575,-5.1993376,0.25360621,5.1993376,-5.1993376,0.65804298,1.3781138,-0.001254569,-5.1993376
4486,0.51349142,-0.42660141,-5.1993376,-0.90518882,-0.26398459,0.87535389,-0.67055744,5.1993376,5.1993376,-0.22648938,1.3781138,-0.79704409,0.4403831
4487,-5.1993376,2.0042336,-0.7315153,-2.1316816,-1.3219458,-5.1993376,0.25360621,5.1993376,-5.1993376,0.40471681,-0.60746322,0.45146888,-5.1993376
4488,-5.1993376,-1.7679033,-0.1422445,-0.77822491,1.8658521,1.7444475,-2.651732,5.1993376,5.1993376,-0.45564031,-1.1694007,1.464186,-5.1993376
4489,1.0230033,0.51349142,0.99173801,0.75299744,0.63946185,0.29660674,1.761948,-5.1993376,-5.1993376,-0.65804298,-0.60746322,-1.2502419,-5.1993376
4490,0.51349142,-0.42660141,-0.7315153,-0.18547963,0.17400458,-0.1422445,1.2447784,5.1993376,-5.1993376,-0.17018472,1.3781138,0.58052362,0.32028968
4491,1.0230033,0.48789301,1.649237,0.88088812,-0.83733836,0.29660674,1.761948,5.1993376,5.1993376,1.358913,0.69910809,1.3494976,1.0458648
4492,-5.1993376,0.26138737,-1.0444088,-0.83912102,-0.26398459,-5.1993376,0.25360621,-5.1993376,-5.1993376,-0.28744217,-1.1694007,-0.57311539,-5.1993376
4493,-5.1993376,1.1047469,-5.1993376,-2.5423492,-1.3219458,5.1993376,-5.1993376,-5.1993376,-5.1993376,-5.1993376,-1.1694007,-0.79704409,-5.1993376
4494,-5.1993376,-0.82317161,-0.7315153,0.0062728847,0.63946185,-5.1993376,0.25360621,5.1993376,5.1993376,0.37628274,1.3781138,-0.57311539,-5.1993376
4495,-5.1993376,-0.87904038,1.401177,1.1546147,0.97546566,0.62109893,-1.5215251,-5.1993376,5.1993376,1.8785713,-1.1694007,1.2339616,-5.1993376
4496,-5.1993376,-0.58498388,-0.7315153,-0.29005812,0.63946185,-0.1422445,-0.67055744,5.1993376,5.1993376,1.358913,-0.60746322,2.8067115,0.42522773
4497,1.4181186,-0.85167519,-5.1993376,-0.77822491,-1.3219458,0.62109893,2.1696941,5.1993376,-5.1993376,2.0744446,0.18547963,1.5669896,1.5458862
4498,-5.1993376,0.70714,-0.1422445,-0.29005812,0.087932998,-5.1993376,0.25360621,5.1993376,5.1993376,1.2259427,0.69910809,2.3863399,0.70231541
4499,0.51349142,-1.4215561,-0.7315153,-2.5423492,2.1440107,0.29660674,0.25360621,-5.1993376,5.1993376,-5.1993376,-5.1993376,-1.6691125,-5.1993376
4500,0.51349142,-1.2053021,-0.7315153,-1.3684503,1.8379752,0.62109893,-0.36687305,-5.1993376,-5.1993376,-0.053972647,-5.1993376,-0.57311539,-5.1993376
4501,-5.1993376,0.76639141,-0.7315153,-0.34149266,2.1440107,0.87535389,-1.7986626,5.1993376,5.1993376,0.60897269,-0.60746322,2.1968939,0.64566317
4502,1.0230033,2.0533356,2.4320167,2.1696941,-2.5423492,0.29660674,1.761948,5.1993376,-5.1993376,2.651732,2.1196682,1.464186,2.6884586
4503,0.51349142,-1.0082941,-0.1422445,-0.18547963,0.97546566,1.5843543,-1.5215251,-5.1993376,5.1993376,-0.55985906,-0.60746322,0.58052362,-5.1993376
4504,-5.1993376,-0.53653104,-1.1644437,-0.6150245,0.63946185,-5.1993376,0.25360621,5.1993376,5.1993376,0.45842568,0.69910809,-0.17527843,-5.1993376
4505,-5.1993376,-0.98969684,-0.1422445,-1.505747,0.63946185,-5.1993376,0.25360621,5.1993376,5.1993376,-5.1993376,-1.1694007,0.58052362,-5.1993376
4506,-5.1993376,-0.23292993,-0.1422445,0.36821529,0.63946185,0.29660674,-1.1768904,5.1993376,5.1993376,0.68159434,-0.60746322,0.14858402,-5.1993376
4507,0.51349142,-0.66898742,-1.1644437,-0.6150245,1.6022103,0.62109893,-0.36687305,5.1993376,5.1993376,-0.78332986,-1.1694007,-0.001254569,0.26055479
4508,-5.1993376,0.84987354,0.55253687,1.0909946,-1.6299924,-5.1993376,0.25360621,5.1993376,-5.1993376,1.2557429,0.18547963,1.1140325,-5.1993376
4509,0.51349142,-1.6942413,0.55253687,-0.66428721,0.63946185,0.62109893,-0.36687305,-5.1993376,5.1993376,0.26658359,-1.1694007,-0.79704409,-5.1993376
4510,-5.1993376,0.60595514,-0.1422445,-0.18547963,-0.26398459,-5.1993376,0.25360621,5.1993376,5.1993376,0.77314015,0.18547963,0.98561042,0.95864077
4511,-5.1993376,-1.3100167,0.55253687,0.092971849,-0.26398459,-0.1422445,-0.67055744,-5.1993376,5.1993376,-0.053972647,-1.1694007,0.58052362,-5.1993376
4512,-5.1993376,1.4532796,0.55253687,0.75299744,0.63946185,-5.1993376,0.25360621,5.1993376,5.1993376,0.56132709,0.18547963,-1.2502419,-5.1993376
4513,1.4181186,0.46400712,-0.7315153,-0.72008693,-0.26398459,1.4354772,-0.28091085,5.1993376,5.1993376,0.82846465,0.18547963,2.1968939,1.5317218
4514,0.51349142,-1.4827602,-5.1993376,-1.505747,-0.69112102,-0.1422445,1.2447784,5.1993376,-5.1993376,0.48930663,0.69910809,-0.17527843,0.71261751
4515,0.51349142,-0.6150245,-0.1422445,-0.23808933,-0.26398459,1.4354772,-1.3846283,-5.1993376,-5.1993376,-0.78332986,-0.60746322,-0.79704409,-5.1993376
4516,-5.1993376,-1.2809814,-0.7315153,-0.56279634,0.63946185,-5.1993376,0.25360621,5.1993376,5.1993376,0.68159434,1.3781138,-0.001254569,-5.1993376
4517,2.483413,0.17655256,-0.1422445,-0.44869228,0.17400458,2.2899878,-0.28617106,5.1993376,-5.1993376,-1.0552931,-0.21363612,-0.79704409,1.1001397
4518,0.51349142,-0.31237604,-0.1422445,-0.23808933,-1.0819398,0.29660674,0.25360621,5.1993376,-5.1993376,-0.11441489,0.69910809,-0.57311539,-5.1993376
4519,-5.1993376,-0.24454752,0.55253687,0.88088812,-0.26398459,-5.1993376,0.25360621,5.1993376,5.1993376,-5.1993376,-0.21363612,0.45146888,0.93459282
4520,-5.1993376,-0.26268576,0.81790154,1.2075323,-0.26398459,0.29660674,-1.1768904,-5.1993376,-5.1993376,-0.28744217,-0.21363612,-1.4678604,0.38167465
4521,1.0230033,-0.52066149,0.55253687,0.64872442,-0.26398459,0.29660674,1.761948,5.1993376,-5.1993376,-0.11441489,-0.21363612,1.2339616,-5.1993376
4522,-5.1993376,-0.53653104,1.0841952,0.68001258,-0.26398459,-5.1993376,0.25360621,-5.1993376,-5.1993376,0.79360155,-1.1694007,-0.36553148,-5.1993376
4523,1.0230033,2.2445659,2.6590904,-0.089192496,-3.1316505,0.29660674,1.761948,5.1993376,-5.1993376,-0.28744217,0.69910809,0.71036555,0.99729706
4524,-5.1993376,0.64254324,-0.1422445,-1.2529876,0.087932998,-0.1422445,-0.67055744,5.1993376,-5.1993376,-0.92233022,0.18547963,-0.17527843,0.30711117
4525,-5.1993376,1.0487476,1.401177,0.0062728847,0.97546566,0.29660674,-1.1768904,-5.1993376,5.1993376,0.88830934,-1.1694007,-0.36553148,-5.1993376
4526,0.51349142,-0.74635093,0.55253687,0.36821529,-0.26398459,0.62109893,-0.36687305,5.1993376,-5.1993376,0.10810309,0.69910809,0.14858402,-5.1993376
4527,2.1079532,0.87719565,0.55253687,1.0230033,-0.26398459,1.4354772,1.2447784,5.1993376,-5.1993376,0.53653104,-0.60746322,0.71036555,-5.1993376
4528,0.51349142,0.80395767,0.55253687,0.36821529,-0.26398459,0.29660674,0.25360621,5.1993376,-5.1993376,-0.92233022,-0.60746322,-0.17527843,-5.1993376
4529,0.51349142,1.9876517,1.0841952,0.71359852,0.30448193,-0.1422445,1.2447784,5.1993376,5.1993376,0.22262957,0.18547963,1.1140325,1.3778741
4530,1.0230033,-1.6007027,-0.1422445,-0.83912102,0.30448193,0.29660674,1.761948,5.1993376,-5.1993376,0.64100179,-0.21363612,0.85167519,0.14914414
4531,-5.1993376,0.44314942,0.55253687,0.68001258,-2.3259725,0.29660674,-1.1768904,5.1993376,5.1993376,1.0082941,2.1196682,0.45146888,2.071319
4532,1.7679033,0.33485067,1.0841952,1.0909946,-0.69112102,0.87535389,2.5423492,5.1993376,5.1993376,-5.1993376,-0.60746322,0.98561042,-5.1993376
4533,-5.1993376,-1.3310177,-0.1422445,0.47100434,0.63946185,-5.1993376,0.25360621,5.1993376,-5.1993376,-0.36017172,0.18547963,0.29922973,0.3605411
4534,0.51349142,-1.8866898,-0.1422445,-0.56279634,1.6022103,0.87535389,-0.67055744,-5.1993376,5.1993376,0.68159434,-1.1694007,-1.4678604,-5.1993376
4535,-5.1993376,0.83912102,0.55253687,0.36821529,0.30448193,0.29660674,-1.1768904,5.1993376,-5.1993376,-0.36017172,0.69910809,-0.79704409,0.76032846
4536,-5.1993376,1.873053,-0.7315153,-1.6590928,-1.6299924,-0.1422445,-0.67055744,5.1993376,5.1993376,-5.1993376,-5.1993376,-0.001254569,-5.1993376
4537,-5.1993376,-1.0082941,1.0841952,-0.34149266,-0.26398459,0.62109893,-1.5215251,-5.1993376,-5.1993376,-0.28744217,-1.1694007,0.29922973,0.40199502
4538,0.51349142,0.035135151,-1.1644437,-1.8179677,-0.26398459,1.5843543,-1.5215251,5.1993376,5.1993376,-5.1993376,-5.1993376,-0.79704409,2.0168626
4539,-5.1993376,-0.29529601,-0.7315153,-0.39384742,0.63946185,-5.1993376,0.25360621,5.1993376,5.1993376,0.18165198,0.69910809,-0.36553148,-5.1993376
4540,0.51349142,0.15873981,-0.7315153,-0.77822491,0.30448193,0.29660674,0.25360621,-5.1993376,5.1993376,-1.0552931,-1.1694007,-0.17527843,-5.1993376
4541,-5.1993376,0.99174625,0.91087287,0.78845531,-1.0819398,-5.1993376,0.25360621,5.1993376,5.1993376,-0.22648938,0.69910809,-1.4678604,-5.1993376
4542,-5.1993376,0.9165865,-0.7315153,-0.39384742,0.087932998,-0.1422445,-0.67055744,5.1993376,5.1993376,-5.1993376,0.18547963,0.29922973,-5.1993376
4543,1.0230033,0.61805886,-5.1993376,-1.505747,-1.3219458,0.62109893,0.96142934,5.1993376,-5.1993376,-0.053972647,-0.21363612,0.45146888,-5.1993376
4544,1.4181186,-0.058998939,-0.49178678,-0.39384742,0.97546566,1.2612822,0.25360621,5.1993376,5.1993376,-0.78332986,-0.60746322,-0.57311539,-5.1993376
4545,1.4181186,-2.0965206,0.55253687,-1.9858764,1.2023467,1.2612822,0.25360621,-5.1993376,-5.1993376,0.90897492,-5.1993376,0.14858402,-5.1993376
4546,-5.1993376,-0.12705243,0.91087287,1.3879077,-1.3219458,-5.1993376,0.25360621,5.1993376,-5.1993376,1.0444088,2.1196682,0.71036555,1.3466963
4547,-5.1993376,0.92617632,0.55253687,1.5627215,-0.26398459,-0.1422445,-0.67055744,-5.1993376,5.1993376,-5.1993376,-0.21363612,-1.2502419,-5.1993376
4548,-5.1993376,0.953493,-0.1422445,-1.3684503,0.63946185,-5.1993376,0.25360621,5.1993376,-5.1993376,-0.55985906,-1.1694007,-0.17527843,0.6709566
4549,-5.1993376,-0.11062728,-1.1644437,-0.77822491,0.17400458,-5.1993376,0.25360621,5.1993376,-5.1993376,0.953493,1.3781138,-0.001254569,0.96420467
4550,-5.1993376,0.38572587,-0.7315153,-0.50492201,-0.26398459,-5.1993376,0.25360621,-5.1993376,-5.1993376,1.1497418,1.3781138,-0.36553148,0.92745366
4551,-5.1993376,-1.4045331,-5.1993376,-0.18547963,0.97546566,-0.1422445,-0.67055744,5.1993376,5.1993376,-5.1993376,-0.21363612,0.98561042,-5.1993376
4552,-5.1993376,-0.85167519,0.31764959,0.64872442,0.17400458,-5.1993376,0.25360621,5.1993376,-5.1993376,-0.65804298,-0.21363612,-0.001254569,1.1309568
4553,-5.1993376,-0.58498388,2.617134,1.3249577,-0.83733836,-5.1993376,0.25360621,5.1993376,-5.1993376,-0.55985906,-0.21363612,0.98561042,1.144058
4554,-5.1993376,1.0124743,-5.1993376,-1.2529876,1.6022103,-0.1422445,-0.67055744,5.1993376,5.1993376,-0.92233022,-1.1694007,-1.0230033,-5.1993376
4555,0.51349142,-0.15365993,0.2239158,-0.56279634,0.30448193,-0.1422445,1.2447784,-5.1993376,5.1993376,1.2023467,-0.60746322,0.14858402,-5.1993376
4556,-5.1993376,0.96742157,0.55253687,0.13337869,-0.26398459,-5.1993376,0.25360621,5.1993376,-5.1993376,-0.053972647,0.69910809,-1.0230033,-5.1993376
4557,1.0230033,-0.68317781,1.2640664,0.91467864,0.63946185,0.87535389,0.25360621,5.1993376,5.1993376,1.1844468,-0.60746322,1.1140325,-5.1993376
4558,-5.1993376,0.57607489,-0.7315153,-0.56279634,-2.0431151,-5.1993376,0.25360621,5.1993376,5.1993376,-5.1993376,5.1993376,-0.79704409,-5.1993376
4559,1.0230033,-2.2611126,-0.7315153,-1.8179677,2.1440107,1.8803524,-1.1768904,-5.1993376,-5.1993376,1.5756126,-1.1694007,0.71036555,1.1644437
4560,-5.1993376,1.4532796,-0.1422445,0.36821529,0.63946185,-5.1993376,0.25360621,5.1993376,5.1993376,-5.1993376,0.18547963,0.14858402,-5.1993376
4561,-5.1993376,-0.60595514,0.82669773,0.91467864,0.63946185,-5.1993376,0.25360621,5.1993376,5.1993376,1.1163689,-0.60746322,-0.001254569,-5.1993376
4562,-5.1993376,-1.3026546,0.2239158,-0.66428721,1.6022103,0.62109893,-1.5215251,-5.1993376,5.1993376,-0.55985906,-1.1694007,0.29922973,1.9240959
4563,1.7679033,1.3716572,1.649237,0.64872442,-1.8114574,0.87535389,2.5423492,5.1993376,-5.1993376,-0.65804298,0.69910809,-0.79704409,-5.1993376
4564,2.8778461,0.7152178,1.649237,1.5096564,-0.26398459,1.9858764,1.0166724,-5.1993376,5.1993376,1.337127,0.18547963,0.85167519,0.3468171
4565,0.51349142,1.3402005,0.91087287,1.057485,-1.3219458,-0.1422445,1.2447784,5.1993376,-5.1993376,1.2259427,1.3781138,-0.17527843,-5.1993376
4566,-5.1993376,-0.42660141,-0.1422445,-0.23808933,0.63946185,-5.1993376,0.25360621,5.1993376,5.1993376,-5.1993376,0.69910809,-2.1079532,-5.1993376
4567,1.7679033,-0.31237604,0.11820414,0.36821529,1.2023467,1.0774455,1.5542696,-5.1993376,5.1993376,1.3189459,-0.60746322,0.71036555,-5.1993376
4568,-5.1993376,0.0075274833,-0.1422445,1.1546147,0.97546566,-0.1422445,-0.67055744,5.1993376,5.1993376,0.06025574,-0.60746322,0.98561042,-5.1993376
4569,-5.1993376,-0.42660141,-0.7315153,-0.34149266,0.087932998,-5.1993376,0.25360621,5.1993376,5.1993376,0.22262957,0.69910809,-0.36553148,-5.1993376
4570,0.51349142,0.42385485,1.649237,1.5627215,-0.26398459,-0.1422445,1.2447784,5.1993376,5.1993376,0.22262957,-0.60746322,0.85167519,-5.1993376
4571,-5.1993376,0.75466427,-5.1993376,-1.505747,1.6022103,-0.1422445,-0.67055744,5.1993376,5.1993376,1.3846283,-1.1694007,-0.57311539,-5.1993376
4572,1.0230033,-0.7697614,0.2239158,1.0909946,0.63946185,2.0853556,-1.3978365,-5.1993376,-5.1993376,0.29791798,-0.60746322,0.85167519,0.84769637
4573,0.51349142,-1.6996075,2.0965206,-0.83912102,0.30448193,1.0774455,-0.98765156,-5.1993376,-5.1993376,1.8952593,-1.1694007,1.5669896,1.1331178
4574,0.51349142,-0.52066149,0.2239158,0.43900121,-0.26398459,-0.1422445,1.2447784,5.1993376,-5.1993376,1.7055704,0.69910809,0.98561042,-5.1993376
4575,1.0230033,0.29005812,1.0841952,-0.089192496,-1.6299924,1.2612822,-0.42385485,5.1993376,-5.1993376,-0.45564031,-0.21363612,0.98561042,1.0613457
4576,-5.1993376,0.52209871,1.649237,1.5627215,0.30448193,-5.1993376,0.25360621,-5.1993376,-5.1993376,-0.11441489,-0.21363612,1.3494976,1.53759
4577,-5.1993376,0.53943086,-0.1422445,0.13337869,0.63946185,-5.1993376,0.25360621,5.1993376,-5.1993376,0.18165198,0.69910809,1.1140325,-5.1993376
4578,-5.1993376,-0.085414417,0.91087287,1.6067551,-0.26398459,-5.1993376,0.25360621,5.1993376,-5.1993376,-0.78332986,-0.21363612,0.29922973,-5.1993376
4579,-5.1993376,-0.15365993,-0.43348197,0.25360621,0.97546566,-0.1422445,-0.67055744,5.1993376,5.1993376,0.22262957,-0.21363612,1.1140325,-5.1993376
4580,1.0230033,0.095492152,0.2239158,0.64872442,-0.26398459,0.29660674,1.761948,5.1993376,-5.1993376,-0.78332986,0.18547963,0.85167519,0.61957818
4581,-5.1993376,1.4112933,-0.7315153,0.32954771,0.97546566,-5.1993376,0.25360621,5.1993376,5.1993376,-0.78332986,-0.21363612,-1.6691125,-5.1993376
4582,-5.1993376,-0.42660141,0.55253687,0.54088248,0.30448193,-5.1993376,0.25360621,5.1993376,-5.1993376,-0.65804298,0.69910809,0.45146888,0.5309512
4583,-5.1993376,-1.3620783,-0.1422445,-1.9858764,1.6022103,1.0774455,-1.994971,5.1993376,-5.1993376,1.5932188,-5.1993376,2.3076067,0.30185479
4584,-5.1993376,0.17655256,0.31009217,-0.56279634,0.97546566,-0.1422445,-0.67055744,-5.1993376,-5.1993376,-0.65804298,-1.1694007,-0.36553148,-5.1993376
4585,-5.1993376,0.63485111,0.2239158,-0.18547963,0.63946185,-0.1422445,-0.67055744,-5.1993376,-5.1993376,0.06025574,-1.1694007,-0.79704409,0.71261751
4586,-5.1993376,0.95943959,0.55253687,0.57607489,-1.3219458,-0.1422445,-0.67055744,-5.1993376,-5.1993376,0.29791798,-0.21363612,2.3863399,-5.1993376
4587,-5.1993376,-0.11062728,-0.1422445,1.2895781,0.63946185,-0.1422445,-0.67055744,5.1993376,-5.1993376,-0.92233022,-0.21363612,-1.0230033,-5.1993376
4588,-5.1993376,0.30185479,-0.7315153,-0.29005812,-2.0431151,-5.1993376,0.25360621,5.1993376,-5.1993376,-0.36017172,1.3781138,-0.36553148,-5.1993376
4589,-5.1993376,-0.018819641,-0.7315153,-0.6150245,1.3684503,-0.1422445,-0.67055744,5.1993376,-5.1993376,-0.55985906,-0.21363612,-0.17527843,-5.1993376
4590,-5.1993376,-1.654343,-0.7315153,-2.5423492,0.63946185,0.29660674,-1.1768904,5.1993376,5.1993376,-0.36017172,-1.1694007,-1.6691125,0.25231085
4591,-5.1993376,0.15873981,-0.7315153,0.25360621,0.97546566,0.87535389,-1.7986626,5.1993376,-5.1993376,-0.11441489,-0.60746322,-1.0230033,-5.1993376
4592,-5.1993376,-1.4827602,-5.1993376,-1.144896,-2.0431151,-0.1422445,-0.67055744,5.1993376,5.1993376,-0.78332986,0.69910809,-1.0230033,-5.1993376
4593,-5.1993376,1.649237,-0.43348197,-1.2529876,1.6022103,-5.1993376,0.25360621,-5.1993376,5.1993376,-5.1993376,-5.1993376,0.29922973,-5.1993376
4594,-5.1993376,-0.1625524,0.55253687,0.88088812,-1.3219458,-0.1422445,-0.67055744,-5.1993376,-5.1993376,0.18165198,1.3781138,1.1140325,2.2245324
4595,0.51349142,-0.3031681,-0.7315153,-0.23808933,-0.26398459,-0.1422445,1.2447784,5.1993376,-5.1993376,-0.92233022,0.69910809,-0.001254569,-5.1993376
4596,0.51349142,0.81790154,0.11820414,0.29267606,0.63946185,-0.1422445,1.2447784,5.1993376,-5.1993376,0.324254,0.69910809,-1.0230033,-5.1993376
4597,0.51349142,-1.0013826,-0.1422445,-1.8179677,1.2023467,0.29660674,0.25360621,-5.1993376,5.1993376,-5.1993376,-5.1993376,0.14858402,-5.1993376
4598,-5.1993376,0.29005812,1.0841952,0.98561042,0.40471681,-5.1993376,0.25360621,-5.1993376,5.1993376,-5.1993376,-0.21363612,0.85167519,0.34149266
4599,-5.1993376,-2.4938207,-1.1644437,-0.83912102,0.30448193,-5.1993376,0.25360621,5.1993376,5.1993376,-5.1993376,0.69910809,-0.001254569,-5.1993376
4600,-5.1993376,-0.87167925,0.91087287,0.98561042,-0.83733836,-0.1422445,-0.67055744,-5.1993376,-5.1993376,0.14858402,0.69910809,-0.17527843,0.8531185
4601,-5.1993376,0.75466427,-0.1422445,-0.29005812,-0.26398459,-5.1993376,0.25360621,5.1993376,-5.1993376,-0.65804298,0.69910809,1.3494976,-5.1993376
4602,-5.1993376,-0.66116187,1.2640664,0.61199579,0.97546566,-5.1993376,0.25360621,5.1993376,-5.1993376,1.2475055,-0.21363612,0.14858402,-5.1993376
4603,-5.1993376,0.96742157,0.2239158,-1.144896,-0.26398459,-0.1422445,-0.67055744,-5.1993376,-5.1993376,0.324254,-0.60746322,-0.57311539,-5.1993376
4604,0.51349142,0.072829316,-5.1993376,-0.90518882,1.6022103,-0.1422445,1.2447784,5.1993376,-5.1993376,1.5932188,-0.60746322,0.29922973,0.79613344
4605,0.51349142,-0.66116187,-1.1644437,-0.089192496,1.6022103,1.2612822,-1.1768904,5.1993376,5.1993376,-5.1993376,-0.60746322,-1.0230033,-5.1993376
4606,-5.1993376,0.51349142,0.55253687,1.6640817,1.3684503,-5.1993376,0.25360621,5.1993376,5.1993376,-5.1993376,-0.60746322,-0.36553148,1.7128871
4607,-5.1993376,1.5627215,1.0841952,2.617134,-1.3219458,-0.1422445,-0.67055744,5.1993376,5.1993376,-0.78332986,0.18547963,0.85167519,-5.1993376
4608,-5.1993376,-0.52066149,-1.1644437,-0.72008693,0.63946185,-5.1993376,0.25360621,5.1993376,5.1993376,0.29791798,0.69910809,-0.001254569,-5.1993376
4609,1.7679033,-0.18165198,-1.1644437,-1.144896,-0.26398459,1.2612822,1.0251227,5.1993376,-5.1993376,0.81440074,0.18547963,0.45146888,1.0535432
4610,-5.1993376,0.45424896,0.2239158,0.64872442,0.63946185,-0.1422445,-0.67055744,5.1993376,-5.1993376,0.22262957,-0.60746322,0.98561042,-5.1993376
4611,-5.1993376,-1.3100167,-0.1422445,-0.041412601,-0.26398459,-0.1422445,-0.67055744,5.1993376,5.1993376,0.26658359,0.69910809,-2.1079532,-5.1993376
4612,-5.1993376,0.58498388,-0.1422445,0.21235277,0.17400458,-5.1993376,0.25360621,5.1993376,5.1993376,-5.1993376,0.69910809,-1.873053,0.5383429
4613,-5.1993376,-0.42660141,-0.1422445,0.13337869,0.63946185,-5.1993376,0.25360621,5.1993376,-5.1993376,-0.053972647,0.69910809,-2.4320167,-5.1993376
4614,-5.1993376,-1.7877537,-0.7315153,-1.8179677,1.8877534,-5.1993376,0.25360621,5.1993376,5.1993376,-5.1993376,-1.1694007,0.85167519,-5.1993376
4615,-5.1993376,-0.33617787,0.81614989,0.05146002,-0.26398459,-0.1422445,-0.67055744,-5.1993376,-5.1993376,-0.92233022,-1.1694007,-0.57311539,0.41166586
4616,-5.1993376,-1.4390013,-0.7315153,-0.72008693,0.63946185,0.29660674,-1.1768904,-5.1993376,-5.1993376,0.88830934,-1.1694007,0.58052362,-5.1993376
4617,0.51349142,-0.32557657,-1.3159579,-0.66428721,-0.69112102,-0.1422445,1.2447784,5.1993376,5.1993376,-0.28744217,2.1196682,-2.8067115,-5.1993376
4618,0.51349142,-0.32557657,-0.7315153,0.68001258,-0.26398459,0.29660674,0.25360621,5.1993376,-5.1993376,0.14858402,-0.21363612,2.5117912,-5.1993376
4619,-5.1993376,0.064026723,0.2239158,-0.13591068,0.40471681,-5.1993376,0.25360621,5.1993376,-5.1993376,-0.053972647,-0.21363612,0.71036555,0.4682027
4620,-5.1993376,0.8552868,2.6590904,2.5280807,-0.26398459,0.29660674,-1.1768904,5.1993376,5.1993376,-5.1993376,-0.60746322,0.98561042,-5.1993376
4621,1.0230033,1.6691125,1.649237,1.2640664,-1.3219458,0.29660674,1.761948,5.1993376,5.1993376,0.84090635,0.18547963,1.3494976,1.7248988
4622,-5.1993376,-0.15365993,0.55253687,0.17400458,0.63946185,-5.1993376,0.25360621,5.1993376,5.1993376,-0.45564031,-0.21363612,0.58052362,-5.1993376
4623,-5.1993376,1.7164151,-0.43348197,-1.6590928,-2.0431151,-5.1993376,0.25360621,5.1993376,5.1993376,-0.053972647,-0.60746322,-0.17527843,-5.1993376
4624,1.7679033,-0.42660141,0.55253687,0.8196557,-0.69112102,1.8803524,-0.31633038,-5.1993376,-5.1993376,-0.65804298,1.3781138,-0.17527843,0.96059036
4625,-5.1993376,0.42385485,-5.1993376,-0.77822491,-0.26398459,0.62109893,-1.5215251,5.1993376,5.1993376,-5.1993376,-1.1694007,0.29922973,-5.1993376
4626,-5.1993376,-2.1460856,-0.1422445,-1.059682,0.17400458,-0.1422445,-0.67055744,5.1993376,-5.1993376,0.98969684,-1.1694007,-1.0230033,0.49213682
4627,-5.1993376,0.064026723,2.2838445,1.0230033,0.17400458,-5.1993376,0.25360621,-5.1993376,5.1993376,0.06025574,-0.21363612,0.85167519,-5.1993376
4628,0.51349142,-0.42660141,-0.1422445,0.13337869,-0.26398459,-0.1422445,1.2447784,5.1993376,-5.1993376,0.40471681,1.3781138,-1.2502419,0.70875186
4629,-5.1993376,1.1352842,1.649237,-0.56279634,-0.83733836,-5.1993376,0.25360621,5.1993376,-5.1993376,0.90897492,-1.1694007,1.9858764,0.27830169
4630,-5.1993376,-0.20081806,0.91087287,1.7055704,-0.26398459,0.62109893,-1.5215251,5.1993376,5.1993376,1.4181186,-0.21363612,0.98561042,0.72637246
4631,1.0230033,-0.20081806,-0.43348197,-0.77822491,0.97546566,0.87535389,0.25360621,5.1993376,-5.1993376,0.60897269,-1.1694007,-0.001254569,-5.1993376
4632,2.8778461,0.080378865,0.91087287,0.13337869,-0.26398459,1.4354772,5.1993376,5.1993376,-5.1993376,0.82846465,-0.60746322,1.1140325,1.9809714
4633,0.51349142,0.10557959,-0.1422445,0.0062728847,-0.69112102,-0.1422445,1.2447784,5.1993376,-5.1993376,0.29791798,1.3781138,-0.36553148,-5.1993376
4634,0.51349142,1.0124743,-0.7315153,-0.23808933,0.63946185,-0.1422445,1.2447784,5.1993376,5.1993376,-0.92233022,-0.21363612,-0.36553148,-5.1993376
4635,-5.1993376,-0.036390523,1.1710594,1.1794018,-0.26398459,-5.1993376,0.25360621,5.1993376,5.1993376,-0.36017172,-0.21363612,-1.0230033,0.3735909
4636,1.7679033,0.5642668,1.9699086,0.05146002,-0.97143575,1.2612822,1.0251227,-5.1993376,-5.1993376,0.58796385,0.69910809,-0.17527843,0.38572587
4637,-5.1993376,-2.3830381,1.649237,-5.1993376,-3.482558,-5.1993376,0.25360621,5.1993376,5.1993376,-5.1993376,1.3781138,2.3863399,-5.1993376
4638,1.7679033,0.50349739,1.0065283,0.71359852,0.30448193,1.0774455,1.5542696,-5.1993376,-5.1993376,0.70552998,-0.21363612,-0.36553148,1.2605457
4639,-5.1993376,-1.505747,-0.1422445,-0.44869228,1.3684503,1.2612822,-2.2111272,5.1993376,-5.1993376,0.84090635,-1.1694007,0.85167519,0.23938016
4640,-5.1993376,0.97344873,0.55253687,0.71359852,0.63946185,-5.1993376,0.25360621,5.1993376,-5.1993376,1.4568958,0.69910809,2.0965206,0.22602198
4641,-5.1993376,0.76639141,-0.1422445,0.25360621,-1.3219458,-5.1993376,0.25360621,-5.1993376,-5.1993376,-0.17018472,1.3781138,-0.57311539,-5.1993376
4642,-5.1993376,-0.27439149,-0.7315153,-0.23808933,0.63946185,-5.1993376,0.25360621,5.1993376,-5.1993376,0.26658359,0.18547963,0.85167519,-5.1993376
4643,1.0230033,0.48789301,0.2239158,0.36821529,0.17400458,0.62109893,0.96142934,5.1993376,5.1993376,0.98969684,-0.21363612,-1.0230033,-5.1993376
4644,1.0230033,-1.7986626,0.55253687,-1.144896,1.2023467,1.4354772,-0.67055744,-5.1993376,5.1993376,-5.1993376,-5.1993376,-0.17527843,-5.1993376
4645,-5.1993376,-0.93585209,-0.7315153,-0.39384742,-0.26398459,-5.1993376,0.25360621,5.1993376,-5.1993376,0.70552998,0.18547963,-0.57311539,0.94297791
4646,-5.1993376,0.70714,-1.1644437,-0.83912102,0.17400458,-5.1993376,0.25360621,5.1993376,5.1993376,-5.1993376,-0.60746322,-1.0230033,-5.1993376
4647,1.4181186,0.072829316,0.55253687,1.0230033,-0.83733836,1.2612822,0.25360621,5.1993376,5.1993376,0.324254,-0.60746322,0.98561042,0.96080721
4648,-5.1993376,-5.1993376,-0.1422445,-1.059682,-0.26398459,-5.1993376,0.25360621,5.1993376,-5.1993376,0.0062728847,0.69910809,0.71036555,-5.1993376
4649,0.51349142,0.86618925,-0.1422445,0.25360621,0.17400458,-0.1422445,1.2447784,5.1993376,5.1993376,-0.22648938,-0.21363612,-0.001254569,0.30711117
4650,-5.1993376,0.55107599,1.3620783,2.2258232,-0.26398459,-5.1993376,0.25360621,-5.1993376,-5.1993376,0.77314015,-0.21363612,0.14858402,-5.1993376
4651,0.51349142,-0.18931001,0.11820414,0.40607882,0.97546566,1.0774455,-0.98765156,-5.1993376,-5.1993376,-0.11441489,-1.1694007,0.29922973,-5.1993376
4652,1.0230033,1.3716572,-5.1993376,-1.059682,-0.97143575,0.62109893,0.96142934,5.1993376,-5.1993376,0.10810309,0.69910809,-0.57311539,0.41898832
4653,1.0230033,0.94169982,0.91087287,0.84987354,-1.0819398,0.29660674,1.761948,-5.1993376,-5.1993376,0.06025574,0.69910809,-0.79704409,0.60897269
4654,0.51349142,1.4532796,1.649237,0.91467864,0.087932998,0.62109893,-0.36687305,-5.1993376,-5.1993376,0.18165198,-0.60746322,-0.79704409,0.57944901
4655,1.0230033,-0.067798615,-0.1422445,-0.23808933,-0.97143575,0.62109893,0.96142934,5.1993376,-5.1993376,0.29791798,0.69910809,-1.0230033,-5.1993376
4656,-5.1993376,-0.28482819,-0.7315153,-0.50492201,0.087932998,-5.1993376,0.25360621,5.1993376,-5.1993376,0.68159434,0.69910809,-1.2502419,-5.1993376
4657,-5.1993376,-0.8901723,-1.1644437,-0.50492201,-0.26398459,-5.1993376,0.25360621,5.1993376,-5.1993376,0.22262957,1.3781138,-1.0230033,0.53424488
4658,1.4181186,0.45424896,-1.1644437,0.13337869,-0.26398459,1.2612822,0.25360621,5.1993376,-5.1993376,-1.0552931,-0.21363612,-0.57311539,-5.1993376
4659,-5.1993376,-1.0336468,-0.7315153,-0.44869228,-0.26398459,-5.1993376,0.25360621,5.1993376,-5.1993376,-0.65804298,0.69910809,-1.0230033,0.52446524
4660,-5.1993376,0.68793853,0.55253687,0.71359852,-0.97143575,0.29660674,-1.1768904,5.1993376,5.1993376,0.40471681,0.69910809,0.29922973,0.72824036
4661,-5.1993376,1.2502419,-0.1422445,0.092971849,0.63946185,-5.1993376,0.25360621,5.1993376,5.1993376,-0.053972647,0.18547963,-1.873053,0.25231085
4662,0.51349142,0.36017172,0.32386759,0.64872442,-1.3219458,0.29660674,0.25360621,-5.1993376,5.1993376,-5.1993376,0.69910809,-1.6691125,-5.1993376
4663,-5.1993376,0.48789301,0.55253687,-0.13591068,0.63946185,-5.1993376,0.25360621,5.1993376,5.1993376,-1.0552931,-1.1694007,-0.17527843,-5.1993376
4664,-5.1993376,-1.6007027,-0.7315153,-0.50492201,-0.69112102,-5.1993376,0.25360621,5.1993376,5.1993376,-5.1993376,0.69910809,-2.1079532,-5.1993376
4665,-5.1993376,-0.42660141,-0.1422445,0.32954771,-0.26398459,-5.1993376,0.25360621,5.1993376,-5.1993376,-5.1993376,0.69910809,-1.2502419,-5.1993376
4666,-5.1993376,-0.66116187,0.2239158,0.40607882,-0.26398459,0.29660674,-1.1768904,-5.1993376,-5.1993376,0.0062728847,-1.1694007,-1.2502419,0.16128127
4667,-5.1993376,-0.54524419,0.55253687,1.0909946,0.30448193,0.29660674,-1.1768904,5.1993376,5.1993376,1.3041214,-0.60746322,0.98561042,1.0770604
4668,-5.1993376,1.0887225,0.55253687,0.75299744,-0.26398459,-5.1993376,0.25360621,5.1993376,-5.1993376,-0.22648938,0.18547963,-1.0230033,-5.1993376
4669,1.0230033,-2.1409399,0.2239158,-1.3684503,1.7986626,0.87535389,0.25360621,-5.1993376,-5.1993376,0.45842568,-1.1694007,-0.001254569,-5.1993376
4670,0.51349142,0.080378865,0.55253687,1.6640817,-0.26398459,0.29660674,0.25360621,-5.1993376,-5.1993376,-0.78332986,-0.60746322,-0.79704409,-5.1993376
4671,1.4181186,-1.2529876,0.91087287,0.13337869,0.30448193,1.7444475,-0.43762015,5.1993376,-5.1993376,1.215372,-1.1694007,0.98561042,1.3851083
4672,-5.1993376,-0.77822491,-0.7315153,0.40607882,1.3684503,-0.1422445,-0.67055744,5.1993376,-5.1993376,1.505747,-0.60746322,0.71036555,0.45713667
4673,0.51349142,0.25101592,-0.7315153,-0.72008693,-1.3219458,-0.1422445,1.2447784,-5.1993376,5.1993376,-0.92233022,0.69910809,-0.36553148,-5.1993376
4674,-5.1993376,-0.13591068,-1.0444088,-0.77822491,1.8658521,0.29660674,-1.1768904,5.1993376,5.1993376,-0.17018472,-1.1694007,-1.4678604,-5.1993376
4675,-5.1993376,-1.228354,-0.1422445,-1.505747,1.2023467,0.62109893,-1.5215251,5.1993376,5.1993376,-5.1993376,-1.1694007,2.1968939,1.3962164
4676,1.0230033,1.9734959,0.55253687,0.84987354,-0.26398459,0.29660674,1.761948,5.1993376,-5.1993376,0.22262957,0.18547963,0.85167519,1.2127505
4677,-5.1993376,-0.9165865,-5.1993376,-0.83912102,-2.0431151,-5.1993376,0.25360621,5.1993376,-5.1993376,-0.17018472,1.3781138,-0.79704409,0.67303163
4678,-5.1993376,0.36017172,0.2239158,0.32954771,-0.97143575,-0.1422445,-0.67055744,5.1993376,5.1993376,-0.45564031,0.69910809,-0.001254569,0.18438679
4679,1.0230033,0.21620388,0.55253687,-2.2730524,1.2023467,2.5117912,-1.994971,-5.1993376,-5.1993376,0.96742157,-5.1993376,0.85167519,0.57903944
4680,0.51349142,0.33485067,-0.7315153,0.25360621,-0.26398459,-0.1422445,1.2447784,5.1993376,-5.1993376,-1.0552931,-0.21363612,-1.4678604,-5.1993376
4681,-5.1993376,-5.1993376,-0.43348197,-1.144896,1.8877534,0.29660674,-1.1768904,5.1993376,5.1993376,0.06025574,-1.1694007,-1.6691125,-5.1993376
4682,0.51349142,0.056485615,-0.1422445,-0.6150245,0.30448193,0.87535389,-0.67055744,-5.1993376,5.1993376,0.48930663,-0.60746322,0.45146888,-5.1993376
4683,-5.1993376,1.1644437,0.2239158,0.61199579,-0.26398459,-5.1993376,0.25360621,5.1993376,5.1993376,1.1400769,0.18547963,0.85167519,2.0855253
4684,-5.1993376,-0.42660141,-0.1422445,-0.18547963,-0.69112102,-5.1993376,0.25360621,5.1993376,5.1993376,-1.0552931,0.69910809,0.14858402,-5.1993376
4685,1.4181186,-0.7697614,0.55253687,0.98561042,2.1440107,3.2156926,-2.3863399,-5.1993376,-5.1993376,1.7444475,-1.1694007,1.464186,-5.1993376
4686,-5.1993376,1.0124743,-1.1644437,-0.13591068,0.63946185,0.62109893,-1.5215251,5.1993376,5.1993376,0.22262957,-0.60746322,1.1140325,-5.1993376
4687,-5.1993376,-0.97143575,-0.1422445,0.092971849,-0.26398459,-5.1993376,0.25360621,5.1993376,5.1993376,0.40471681,0.69910809,-1.2502419,-5.1993376
4688,0.51349142,-0.80569207,-0.7315153,-0.041412601,-0.26398459,0.29660674,0.25360621,5.1993376,-5.1993376,-0.22648938,1.3781138,-0.79704409,-5.1993376
4689,1.0230033,0.74635093,0.2239158,0.71359852,-0.69112102,0.29660674,1.761948,5.1993376,-5.1993376,0.06025574,0.18547963,-1.2502419,1.1535399
4690,-5.1993376,0.76639141,0.55253687,0.17400458,-0.69112102,-5.1993376,0.25360621,5.1993376,-5.1993376,1.0978448,2.1196682,-0.57311539,1.4649489
4691,-5.1993376,0.80395767,0.55253687,0.25360621,-0.83733836,-5.1993376,0.25360621,-5.1993376,5.1993376,-5.1993376,0.69910809,1.8312243,0.55985906
4692,0.51349142,1.3846283,0.2239158,0.29267606,-1.3219458,0.29660674,0.25360621,5.1993376,-5.1993376,0.70552998,0.18547963,1.3494976,0.59404382
4693,-5.1993376,-1.4496823,-0.7315153,-0.23808933,1.2023467,-0.1422445,-0.67055744,5.1993376,-5.1993376,1.505747,-0.60746322,0.45146888,0.39290257
4694,-5.1993376,0.81790154,-0.1422445,0.0062728847,-1.3219458,0.29660674,-1.1768904,5.1993376,-5.1993376,0.90897492,0.18547963,0.14858402,0.54208905
4695,-5.1993376,-1.2585077,-5.1993376,-1.059682,-1.3219458,-5.1993376,0.25360621,-5.1993376,-5.1993376,1.9682216,0.69910809,0.14858402,-5.1993376
4696,-5.1993376,-2.4766211,-0.1422445,-2.5423492,1.3684503,0.62109893,-1.5215251,5.1993376,-5.1993376,-0.78332986,-1.1694007,0.58052362,-5.1993376
4697,0.51349142,0.37762969,0.55253687,0.36821529,1.0955557,-0.1422445,1.2447784,-5.1993376,5.1993376,-0.053972647,-1.1694007,-0.57311539,0.33482838
4698,-5.1993376,-0.42660141,-0.1422445,0.61199579,-0.26398459,-5.1993376,0.25360621,5.1993376,-5.1993376,-0.11441489,1.3781138,-1.2502419,-5.1993376
4699,-5.1993376,-2.0601053,0.55253687,-2.2730524,1.2023467,0.62109893,-1.5215251,-5.1993376,5.1993376,-5.1993376,-5.1993376,1.9858764,0.87719565
4700,1.4181186,0.81790154,1.3620783,0.95151828,-0.69112102,1.5843543,-0.36687305,5.1993376,5.1993376,-0.45564031,-1.1694007,0.85167519,2.900956
4701,-5.1993376,-0.74635093,1.0841952,1.5843543,-0.26398459,-0.1422445,-0.67055744,-5.1993376,-5.1993376,-0.36017172,0.18547963,-0.79704409,-5.1993376
4702,-5.1993376,-1.6640817,0.55253687,1.5096564,0.63946185,0.29660674,-1.1768904,5.1993376,5.1993376,0.22262957,-0.60746322,-0.36553148,-5.1993376
4703,-5.1993376,0.087932998,0.55253687,1.3249577,0.17400458,-0.1422445,-0.67055744,5.1993376,5.1993376,1.0293754,-0.21363612,1.3494976,0.84957406
4704,-5.1993376,1.1352842,1.2640664,2.0965206,0.17400458,0.29660674,-1.1768904,5.1993376,-5.1993376,0.4307273,-0.60746322,3.2385947,0.77516348
4705,-5.1993376,0.20722283,1.2640664,1.7330708,0.30448193,-5.1993376,0.25360621,5.1993376,5.1993376,-0.55985906,-0.21363612,0.14858402,-5.1993376
4706,-5.1993376,-0.42660141,0.55253687,0.84987354,0.30448193,-5.1993376,0.25360621,5.1993376,5.1993376,0.90897492,0.69910809,0.71036555,-5.1993376
4707,-5.1993376,-0.42660141,-0.1422445,0.17400458,-0.26398459,-5.1993376,0.25360621,5.1993376,-5.1993376,-0.36017172,1.3781138,-3.0899352,-5.1993376
4708,0.51349142,0.26138737,-1.1644437,-0.90518882,-1.3219458,-0.1422445,1.2447784,5.1993376,5.1993376,0.77314015,0.69910809,-1.6691125,-5.1993376
4709,-5.1993376,-0.058998939,-0.43348197,-0.041412601,0.63946185,-0.1422445,-0.67055744,5.1993376,5.1993376,-5.1993376,0.69910809,1.9858764,-5.1993376
4710,-5.1993376,0.60595514,-0.7315153,0.43900121,-0.26398459,-5.1993376,0.25360621,5.1993376,5.1993376,-0.92233022,-0.60746322,0.71036555,-5.1993376
4711,-5.1993376,-0.86436505,1.2640664,-0.50492201,0.63946185,1.0774455,-1.994971,5.1993376,-5.1993376,-0.11441489,-1.1694007,-0.17527843,-5.1993376
4712,1.4181186,0.035135151,-0.7315153,-0.089192496,-0.26398459,2.7474533,-1.7986626,5.1993376,-5.1993376,-0.78332986,0.69910809,1.3494976,0.1625524
4713,-5.1993376,-0.6150245,-0.1422445,0.8196557,0.17400458,0.87535389,-1.7986626,5.1993376,-5.1993376,0.18165198,-0.21363612,1.1140325,-5.1993376
4714,1.4181186,1.649237,-0.1422445,0.17400458,-1.3219458,0.62109893,2.1696941,5.1993376,-5.1993376,1.2475055,0.18547963,-0.79704409,0.23550885
4715,-5.1993376,-0.42660141,-0.7315153,-0.29005812,0.63946185,-5.1993376,0.25360621,5.1993376,-5.1993376,1.4941549,0.69910809,0.14858402,0.49213682
4716,-5.1993376,-0.085414417,0.91087287,0.40607882,-0.26398459,-5.1993376,0.25360621,5.1993376,5.1993376,-0.053972647,-0.21363612,0.14858402,0.23164106
4717,1.0230033,0.39520352,0.55253687,0.61199579,-1.7219141,0.29660674,1.761948,5.1993376,5.1993376,1.2023467,2.1196682,1.3494976,1.5644699
4718,1.7679033,1.2982711,2.4320167,1.959536,-0.26398459,0.87535389,2.5423492,-5.1993376,5.1993376,1.0841952,0.18547963,0.45146888,1.236818
4719,-5.1993376,-0.018819641,0.32578852,1.0230033,0.087932998,-0.1422445,-0.67055744,-5.1993376,5.1993376,1.2753025,-0.21363612,1.3494976,-5.1993376
4720,-5.1993376,0.11820414,0.91087287,0.50492201,-0.26398459,-0.1422445,-0.67055744,-5.1993376,5.1993376,-0.78332986,-0.21363612,-0.36553148,-5.1993376
4721,0.51349142,0.61805886,-5.1993376,-1.505747,1.3684503,-0.1422445,1.2447784,5.1993376,-5.1993376,0.45842568,-0.60746322,-1.2502419,-5.1993376
4722,1.0230033,0.14731565,-0.1422445,-0.23808933,-1.3219458,0.62109893,0.96142934,5.1993376,-5.1993376,0.64100179,2.1196682,-1.0230033,1.4752694
4723,0.51349142,0.46400712,0.91087287,0.78845531,-0.69112102,-0.1422445,1.2447784,-5.1993376,-5.1993376,0.26658359,0.18547963,0.14858402,-5.1993376
4724,-5.1993376,0.046435725,0.91087287,1.1794018,-0.26398459,-5.1993376,0.25360621,5.1993376,-5.1993376,0.34948301,0.69910809,2.8778461,-5.1993376
4725,1.4181186,1.4752694,0.91087287,0.75299744,-2.6965111,1.4354772,-0.28091085,-5.1993376,5.1993376,1.8179677,2.1196682,2.1968939,0.86614968
4726,-5.1993376,0.83912102,0.55253687,0.47100434,-0.26398459,-5.1993376,0.25360621,5.1993376,5.1993376,-0.053972647,0.69910809,0.14858402,-5.1993376
4727,0.51349142,1.5932188,-0.43348197,-0.44869228,-2.0431151,-0.1422445,1.2447784,5.1993376,5.1993376,-5.1993376,0.69910809,0.58052362,-5.1993376
4728,-5.1993376,-0.92810452,1.401177,1.2366522,0.63946185,-0.1422445,-0.67055744,-5.1993376,-5.1993376,0.22262957,0.18547963,0.71036555,0.7907266
4729,0.51349142,-0.0050182959,-0.1422445,0.0062728847,0.63946185,0.29660674,0.25360621,5.1993376,-5.1993376,1.0082941,-0.60746322,-0.001254569,1.0662346
4730,-5.1993376,-0.71359852,-1.1644437,-0.44869228,-0.26398459,-5.1993376,0.25360621,5.1993376,5.1993376,0.40471681,1.3781138,-0.79704409,-5.1993376
4731,-5.1993376,-0.13591068,0.55253687,2.0331038,0.63946185,-5.1993376,0.25360621,5.1993376,5.1993376,-0.17018472,-0.21363612,-0.001254569,-5.1993376
4732,-5.1993376,0.13464458,-5.1993376,-0.83912102,0.63946185,0.29660674,-1.1768904,5.1993376,-5.1993376,-1.0552931,-1.1694007,-1.4678604,-5.1993376
4733,1.4181186,-2.0965206,-1.1644437,-1.505747,2.1440107,1.2612822,0.25360621,-5.1993376,-5.1993376,0.90897492,-1.1694007,0.14858402,-5.1993376
4734,-5.1993376,-0.88459264,-0.1422445,-0.13591068,0.63946185,-0.1422445,-0.67055744,-5.1993376,-5.1993376,0.0062728847,-1.1694007,-0.001254569,-5.1993376
4735,-5.1993376,-0.95547144,0.55253687,-0.66428721,0.30448193,-0.1422445,-0.67055744,5.1993376,5.1993376,-5.1993376,-1.1694007,-0.36553148,-5.1993376
4736,-5.1993376,-1.2339616,-0.1422445,-1.3684503,5.1993376,-5.1993376,0.25360621,5.1993376,5.1993376,-5.1993376,-5.1993376,-0.17527843,1.2127505
4737,-5.1993376,0.69910809,-0.1422445,-0.18547963,0.63946185,-0.1422445,-0.67055744,5.1993376,5.1993376,-0.65804298,0.69910809,-0.001254569,-5.1993376
4738,-5.1993376,-0.42660141,-0.1422445,-0.66428721,0.63946185,-5.1993376,0.25360621,5.1993376,-5.1993376,1.7444475,0.18547963,0.29922973,-5.1993376
4739,-5.1993376,0.1257878,-5.1993376,-1.505747,0.63946185,-0.1422445,-0.67055744,-5.1993376,-5.1993376,0.22262957,1.3781138,-0.36553148,0.92051036
4740,-5.1993376,0.44314942,-0.43348197,-0.089192496,0.63946185,-5.1993376,0.25360621,-5.1993376,5.1993376,-5.1993376,0.18547963,0.14858402,1.3099354
4741,-5.1993376,1.0887225,0.2239158,1.2640664,-0.26398459,-0.1422445,-0.67055744,5.1993376,5.1993376,0.48930663,0.18547963,1.9858764,0.42248277
4742,0.51349142,-0.94561627,0.55253687,0.64872442,-0.26398459,0.29660674,0.25360621,5.1993376,-5.1993376,-0.053972647,0.69910809,-0.001254569,2.0533356
4743,0.51349142,-0.18165198,-5.1993376,0.25360621,-0.26398459,0.29660674,0.25360621,5.1993376,5.1993376,-0.65804298,-0.21363612,0.71036555,-5.1993376
4744,-5.1993376,-0.085414417,1.401177,1.2075323,0.30448193,0.29660674,-1.1768904,-5.1993376,-5.1993376,-0.22648938,-0.21363612,-0.36553148,-5.1993376
4745,0.51349142,-0.59393954,0.11820414,0.54088248,-0.26398459,0.29660674,0.25360621,-5.1993376,-5.1993376,-0.053972647,-0.21363612,-0.17527843,0.21967849
4746,0.51349142,-0.6150245,0.2239158,0.54088248,0.97546566,1.0774455,-0.98765156,-5.1993376,-5.1993376,-0.55985906,-0.21363612,-0.79704409,-5.1993376
4747,-5.1993376,-1.3620783,-0.1422445,-1.3684503,2.1440107,0.29660674,-1.1768904,-5.1993376,5.1993376,-5.1993376,-5.1993376,-0.001254569,-5.1993376
4748,0.51349142,-0.27439149,0.55253687,0.71359852,-0.26398459,-0.1422445,1.2447784,5.1993376,-5.1993376,-0.78332986,1.3781138,2.617134,-5.1993376
4749,1.0230033,0.58498388,2.4320167,0.40607882,-1.7219141,0.62109893,0.96142934,5.1993376,-5.1993376,1.5376912,0.18547963,1.6590928,1.1352842
4750,0.51349142,-1.9264032,0.55253687,-0.90518882,1.6022103,0.29660674,0.25360621,5.1993376,5.1993376,0.40471681,-1.1694007,-0.36553148,-5.1993376
4751,-5.1993376,1.0729729,-0.7315153,-0.041412601,-1.3219458,-0.1422445,-0.67055744,5.1993376,-5.1993376,-0.36017172,0.69910809,0.71036555,1.3153248
4752,0.51349142,-2.5045057,-5.1993376,-1.8179677,1.6022103,-0.1422445,1.2447784,5.1993376,-5.1993376,-0.45564031,-1.1694007,-1.2502419,-5.1993376
4753,0.51349142,0.025094008,0.55253687,0.75299744,-0.26398459,0.87535389,-0.67055744,-5.1993376,-5.1993376,-1.0552931,-0.60746322,-0.79704409,-5.1993376
4754,1.0230033,-0.42660141,-1.1644437,-0.089192496,0.97546566,0.29660674,1.761948,5.1993376,5.1993376,-5.1993376,-0.21363612,-0.79704409,-5.1993376
4755,1.0230033,0.34948301,0.55253687,-0.56279634,-0.69112102,0.29660674,1.761948,5.1993376,5.1993376,0.10810309,-0.60746322,-0.36553148,-5.1993376
4756,0.51349142,-0.32557657,0.2239158,0.71359852,0.40471681,0.29660674,0.25360621,5.1993376,-5.1993376,-0.36017172,-0.60746322,0.98561042,-5.1993376
4757,-5.1993376,-0.028859086,-0.1422445,0.21235277,-0.26398459,-5.1993376,0.25360621,5.1993376,5.1993376,-0.92233022,-0.21363612,0.14858402,0.32028968
4758,-5.1993376,-0.42660141,-0.7315153,-0.50492201,-1.0819398,-0.1422445,-0.67055744,-5.1993376,-5.1993376,-0.45564031,0.69910809,-1.6691125,0.91718198
4759,2.1079532,-0.36017172,-0.43348197,0.05146002,-1.3219458,1.5843543,0.96142934,5.1993376,-5.1993376,0.48930663,1.3781138,0.29922973,1.0957372
4760,1.7679033,0.83912102,-0.7315153,-0.34149266,0.63946185,1.0774455,1.5542696,5.1993376,5.1993376,0.88830934,-0.60746322,-0.57311539,-5.1993376
4761,2.1079532,0.78162595,-0.1422445,-0.23808933,0.087932998,1.7444475,0.86984634,5.1993376,-5.1993376,-5.1993376,-0.21363612,-1.4678604,1.056169
4762,-5.1993376,0.92233022,-0.43348197,-0.39384742,-1.6299924,-5.1993376,0.25360621,5.1993376,-5.1993376,0.40471681,0.18547963,-0.36553148,-5.1993376
4763,-5.1993376,-0.69112102,-5.1993376,-2.2730524,-0.26398459,-5.1993376,0.25360621,5.1993376,-5.1993376,-5.1993376,-0.21363612,-1.2502419,0.37897732
4764,-5.1993376,0.34948301,-0.1422445,0.092971849,0.30448193,-5.1993376,0.25360621,5.1993376,5.1993376,-0.45564031,-1.1694007,-1.6691125,-5.1993376
4765,-5.1993376,0.84987354,1.401177,0.78845531,-1.8114574,-5.1993376,0.25360621,-5.1993376,-5.1993376,0.53653104,2.1196682,-0.17527843,0.73973722
4766,-5.1993376,-0.31237604,1.959536,1.4568958,0.30448193,-5.1993376,0.25360621,-5.1993376,-5.1993376,-0.17018472,-0.21363612,0.14858402,-5.1993376
4767,-5.1993376,-0.21491982,-0.43348197,0.0062728847,-1.3219458,-5.1993376,0.25360621,5.1993376,-5.1993376,-0.65804298,1.3781138,-1.6691125,-5.1993376
4768,-5.1993376,-1.1140325,0.91087287,-1.144896,-0.26398459,-0.1422445,-0.67055744,5.1993376,-5.1993376,0.86801634,-1.1694007,-0.17527843,1.9570324
4769,0.51349142,0.13464458,-0.1422445,1.123415,-0.26398459,-0.1422445,1.2447784,5.1993376,-5.1993376,0.953493,-0.60746322,0.58052362,0.49213682
4770,-5.1993376,-0.73315571,-0.1422445,0.98561042,1.3684503,1.0774455,-1.994971,-5.1993376,-5.1993376,0.48930663,-0.60746322,0.14858402,-5.1993376
4771,-5.1993376,-2.3076067,-5.1993376,-1.8179677,2.1440107,-5.1993376,0.25360621,-5.1993376,-5.1993376,-0.45564031,-1.1694007,0.98561042,-5.1993376
4772,-5.1993376,-0.63025382,-1.1644437,-1.059682,-1.3219458,-5.1993376,0.25360621,5.1993376,5.1993376,-0.17018472,0.69910809,-0.57311539,-5.1993376
4773,-5.1993376,-0.21491982,-0.1422445,0.0062728847,-0.69112102,-5.1993376,0.25360621,-5.1993376,5.1993376,-0.78332986,0.69910809,-0.79704409,-5.1993376
4774,-5.1993376,0.21620388,0.2239158,0.64872442,0.30448193,-5.1993376,0.25360621,5.1993376,5.1993376,0.0062728847,-0.60746322,1.464186,-5.1993376
4775,0.51349142,-0.24454752,1.649237,1.9858764,-0.26398459,0.87535389,-0.67055744,5.1993376,5.1993376,-0.22648938,0.69910809,1.2339616,-5.1993376
4776,-5.1993376,1.3716572,-5.1993376,-0.77822491,0.63946185,-5.1993376,0.25360621,-5.1993376,5.1993376,-0.92233022,0.18547963,0.14858402,0.35092936
4777,-5.1993376,0.41563423,0.91087287,1.0909946,-0.26398459,-5.1993376,0.25360621,-5.1993376,-5.1993376,0.0062728847,-0.21363612,-0.79704409,0.53798038
4778,1.0230033,-0.3521514,0.55253687,0.092971849,1.6022103,0.87535389,0.25360621,-5.1993376,-5.1993376,0.324254,-1.1694007,0.45146888,0.28352193
4779,-5.1993376,-0.42660141,0.55253687,0.17400458,-0.26398459,-5.1993376,0.25360621,5.1993376,5.1993376,-0.65804298,0.69910809,-2.1079532,-5.1993376
4780,-5.1993376,-0.11062728,-0.7315153,-0.39384742,0.63946185,-0.1422445,-0.67055744,5.1993376,-5.1993376,-0.45564031,1.3781138,-1.4678604,0.25231085
4781,0.51349142,0.13464458,-5.1993376,-1.2529876,0.63946185,0.62109893,-0.36687305,-5.1993376,5.1993376,-0.55985906,-0.60746322,-1.4678604,-5.1993376
4782,-5.1993376,-0.34415366,0.55253687,0.0062728847,-1.3219458,-5.1993376,0.25360621,5.1993376,5.1993376,0.79360155,0.69910809,2.0965206,-5.1993376
4783,-5.1993376,-2.0979446,0.55253687,-1.144896,1.2023467,0.62109893,-1.5215251,-5.1993376,-5.1993376,0.7413876,-1.1694007,-0.17527843,1.1352842
4784,-5.1993376,-0.12705243,-0.1422445,-2.5423492,0.63946185,-5.1993376,0.25360621,5.1993376,5.1993376,1.6031761,-0.60746322,1.5669896,1.0315088
4785,-5.1993376,0.5642668,-0.7315153,-0.72008693,0.17400458,-0.1422445,-0.67055744,5.1993376,5.1993376,-5.1993376,-0.60746322,-0.001254569,-5.1993376
4786,1.0230033,-1.1140325,-5.1993376,-1.505747,0.63946185,0.87535389,0.25360621,5.1993376,-5.1993376,1.5459273,0.69910809,0.71036555,1.5076125
4787,-5.1993376,1.0124743,-5.1993376,-0.83912102,-1.0819398,-5.1993376,0.25360621,5.1993376,5.1993376,-0.22648938,0.69910809,-1.4678604,-5.1993376
4788,-5.1993376,0.38572587,0.2239158,0.43900121,0.63946185,-5.1993376,0.25360621,5.1993376,5.1993376,0.26658359,0.69910809,-2.1079532,-5.1993376
4789,-5.1993376,1.0124743,-0.1422445,1.0230033,-0.26398459,0.29660674,-1.1768904,5.1993376,-5.1993376,-0.92233022,-0.21363612,0.29922973,-5.1993376
4790,0.51349142,0.23938016,0.55253687,0.68001258,0.63946185,-0.1422445,1.2447784,5.1993376,5.1993376,-5.1993376,-0.60746322,-0.36553148,-5.1993376
4791,-5.1993376,-2.3076067,-0.43348197,-1.059682,0.97546566,0.87535389,-1.7986626,-5.1993376,-5.1993376,1.1946284,-1.1694007,0.58052362,-5.1993376
4792,-5.1993376,0.93003618,-1.1644437,-0.66428721,0.30448193,-5.1993376,0.25360621,5.1993376,5.1993376,-0.053972647,0.18547963,-0.57311539,0.63078304
4793,-5.1993376,1.3716572,0.55253687,0.91467864,-0.26398459,0.29660674,-1.1768904,5.1993376,5.1993376,-5.1993376,0.18547963,1.5669896,0.85456359
4794,-5.1993376,-1.5215251,0.55253687,-0.77822491,2.1440107,-5.1993376,0.25360621,5.1993376,5.1993376,-5.1993376,-1.1694007,1.7560546,0.68476299
4795,-5.1993376,0.90330062,0.55253687,1.4903351,-0.26398459,0.62109893,-1.5215251,5.1993376,-5.1993376,-1.0552931,-0.21363612,1.8312243,-5.1993376
4796,-5.1993376,-0.28482819,0.2239158,0.71359852,1.6022103,0.87535389,-1.7986626,5.1993376,-5.1993376,-5.1993376,-1.1694007,-1.2502419,-5.1993376
4797,0.51349142,0.94169982,1.649237,1.7330708,-0.83733836,0.29660674,0.25360621,-5.1993376,5.1993376,-0.053972647,0.18547963,-0.57311539,1.0495411
4798,0.51349142,0.8109099,-1.1644437,-1.6590928,1.6022103,0.29660674,0.25360621,5.1993376,5.1993376,-5.1993376,-5.1993376,0.29922973,-5.1993376
4799,1.0230033,-0.0050182959,0.11820414,0.13337869,0.30448193,0.62109893,0.96142934,-5.1993376,-5.1993376,0.48930663,-0.60746322,-0.001254569,-5.1993376
4800,-5.1993376,-0.13591068,-0.1422445,-0.041412601,0.97546566,-5.1993376,0.25360621,5.1993376,5.1993376,-0.45564031,-0.60746322,-0.79704409,0.55985906
4801,0.51349142,-0.058998939,-5.1993376,-0.90518882,-1.0819398,0.29660674,0.25360621,5.1993376,-5.1993376,0.0062728847,1.3781138,-0.36553148,0.71427021
4802,-5.1993376,-1.215372,-0.7315153,-0.041412601,0.63946185,-5.1993376,0.25360621,5.1993376,5.1993376,-0.78332986,1.3781138,-1.2502419,-5.1993376
4803,-5.1993376,-0.058998939,0.55253687,1.057485,-0.83733836,-5.1993376,0.25360621,5.1993376,5.1993376,-5.1993376,0.69910809,0.98561042,0.59592931
4804,0.51349142,1.5712865,-0.7315153,-0.29005812,-2.0431151,0.62109893,-0.36687305,-5.1993376,-5.1993376,-0.11441489,0.18547963,0.71036555,0.65065082
4805,-5.1993376,0.30185479,0.2239158,-1.9858764,-0.69112102,-5.1993376,0.25360621,-5.1993376,-5.1993376,-0.11441489,-0.21363612,-0.17527843,2.0212509
4806,-5.1993376,1.3249577,0.2239158,0.64872442,-0.26398459,-5.1993376,0.25360621,5.1993376,-5.1993376,-0.45564031,0.18547963,-1.4678604,-5.1993376
4807,0.51349142,-0.10305677,0.31764959,0.36821529,-0.26398459,1.2612822,-1.1768904,-5.1993376,-5.1993376,-0.45564031,-1.1694007,-0.001254569,-5.1993376
4808,0.51349142,0.46400712,1.0841952,1.0230033,-0.26398459,-0.1422445,1.2447784,-5.1993376,5.1993376,0.56132709,0.69910809,-1.4678604,0.96971848
4809,-5.1993376,-0.42660141,0.55253687,0.8196557,-0.26398459,-0.1422445,-0.67055744,5.1993376,-5.1993376,0.10810309,1.3781138,-0.57311539,0.29323242
4810,1.0230033,1.1768904,0.91087287,1.2075323,-2.0431151,0.29660674,1.761948,-5.1993376,-5.1993376,0.68159434,2.1196682,1.1140325,2.1570135
4811,-5.1993376,0.98154039,-0.7315153,-0.90518882,0.63946185,-5.1993376,0.25360621,5.1993376,5.1993376,0.40471681,0.69910809,-1.6691125,-5.1993376
4812,-5.1993376,0.22648938,-0.1422445,-0.041412601,0.63946185,-5.1993376,0.25360621,5.1993376,-5.1993376,-0.92233022,0.69910809,-1.873053,0.64490201
4813,1.0230033,0.5642668,1.0841952,0.8196557,0.63946185,1.0774455,-0.300542,-5.1993376,-5.1993376,-0.22648938,0.69910809,0.45146888,0.16489239
4814,-5.1993376,0.60595514,-0.1422445,0.05146002,-0.26398459,0.29660674,-1.1768904,5.1993376,-5.1993376,-0.17018472,0.18547963,-0.36553148,-5.1993376
4815,-5.1993376,1.3070634,-0.43348197,-0.56279634,0.63946185,-5.1993376,0.25360621,5.1993376,5.1993376,-0.92233022,0.18547963,-1.2502419,-5.1993376
4816,-5.1993376,-2.1673606,-1.1644437,-1.8179677,2.1440107,1.8803524,-2.7474533,-5.1993376,5.1993376,-5.1993376,-5.1993376,1.7560546,1.5231238
4817,-5.1993376,2.2743805,0.2239158,-0.18547963,-1.3219458,-5.1993376,0.25360621,5.1993376,5.1993376,-5.1993376,0.69910809,-1.4678604,1.0097369
4818,-5.1993376,-1.4979966,-0.7315153,-0.77822491,1.2023467,-0.1422445,-0.67055744,5.1993376,5.1993376,-0.11441489,-1.1694007,-1.4678604,-5.1993376
4819,-5.1993376,-1.3151085,0.2239158,-1.505747,1.6022103,0.29660674,-1.1768904,-5.1993376,5.1993376,-5.1993376,-5.1993376,0.85167519,0.29475546
4820,0.51349142,-0.73808885,1.401177,1.533612,-1.3219458,-0.1422445,1.2447784,-5.1993376,-5.1993376,0.06025574,1.3781138,0.71036555,1.6801676
4821,-5.1993376,-0.74635093,-0.1422445,-0.18547963,1.8379752,-0.1422445,-0.67055744,-5.1993376,5.1993376,-5.1993376,-1.1694007,0.14858402,-5.1993376
4822,-5.1993376,-2.456904,-0.1422445,-0.44869228,0.97546566,-5.1993376,0.25360621,5.1993376,-5.1993376,-0.17018472,-1.1694007,1.464186,-5.1993376
4823,0.51349142,-0.52066149,0.2239158,0.32954771,-0.26398459,1.0774455,-0.98765156,5.1993376,-5.1993376,-0.45564031,0.69910809,0.14858402,0.38707768
4824,1.0230033,-0.66898742,1.2640664,1.792374,-0.26398459,0.29660674,1.761948,5.1993376,5.1993376,1.1743865,0.18547963,1.3494976,0.79157779
4825,-5.1993376,-0.21491982,1.649237,-1.144896,-0.26398459,-5.1993376,0.25360621,-5.1993376,-5.1993376,-0.78332986,-0.60746322,-1.0230033,0.66675955
4826,0.51349142,0.40335554,1.649237,2.4401455,-0.26398459,0.29660674,0.25360621,5.1993376,5.1993376,0.60897269,-0.21363612,-0.79704409,0.38820361
4827,-5.1993376,0.953493,0.91087287,2.706673,0.97546566,-5.1993376,0.25360621,5.1993376,5.1993376,-0.92233022,0.18547963,0.98561042,0.41166586
4828,0.51349142,1.4532796,-0.1422445,0.29267606,0.63946185,0.29660674,0.25360621,5.1993376,5.1993376,-0.36017172,0.69910809,-1.873053,-5.1993376
4829,-5.1993376,0.96742157,0.55253687,-0.39384742,-0.97143575,-0.1422445,-0.67055744,-5.1993376,5.1993376,-5.1993376,0.69910809,-0.79704409,-5.1993376
4830,-5.1993376,-0.18165198,2.0965206,1.2075323,-0.26398459,-5.1993376,0.25360621,-5.1993376,-5.1993376,0.10810309,-0.21363612,-0.17527843,-5.1993376
4831,-5.1993376,-2.1713292,0.2239158,-1.505747,2.1440107,-0.1422445,-0.67055744,5.1993376,5.1993376,-5.1993376,-1.1694007,1.2339616,-5.1993376
4832,-5.1993376,0.11820414,0.99791966,-1.2529876,-0.26398459,-5.1993376,0.25360621,5.1993376,5.1993376,-5.1993376,-1.1694007,-0.79704409,0.33834917
4833,-5.1993376,-0.42660141,0.91087287,0.98561042,-0.97143575,-5.1993376,0.25360621,-5.1993376,-5.1993376,0.29791798,0.69910809,-2.8067115,-5.1993376
4834,-5.1993376,-0.71359852,0.55253687,1.8448108,0.63946185,-0.1422445,-0.67055744,-5.1993376,-5.1993376,-0.17018472,-0.60746322,-0.36553148,0.15118865
4835,-5.1993376,-0.74635093,-0.7315153,-0.089192496,-0.83733836,-0.1422445,-0.67055744,5.1993376,5.1993376,-0.17018472,1.3781138,-0.57311539,0.23550885
4836,-5.1993376,-0.78162595,0.55253687,1.057485,-0.83733836,0.29660674,-1.1768904,5.1993376,-5.1993376,1.0685216,0.69910809,-0.36553148,-5.1993376
4837,0.51349142,0.92233022,1.2640664,1.7679033,-0.26398459,0.62109893,-0.36687305,5.1993376,5.1993376,0.45842568,0.18547963,-0.001254569,0.27308902
4838,-5.1993376,1.7330708,-1.1644437,-0.23808933,0.17400458,-0.1422445,-0.67055744,5.1993376,5.1993376,0.98969684,0.18547963,0.71036555,-5.1993376
4839,-5.1993376,1.0487476,-0.1422445,1.3879077,-0.83733836,-5.1993376,0.25360621,5.1993376,5.1993376,-0.65804298,0.18547963,0.71036555,-5.1993376
4840,-5.1993376,1.7055704,-5.1993376,-0.98357337,0.97546566,-5.1993376,0.25360621,5.1993376,5.1993376,-1.0552931,-0.60746322,-0.17527843,0.63343596
4841,2.1079532,-1.9769432,-0.1422445,-2.2730524,-0.69112102,1.5843543,0.96142934,5.1993376,5.1993376,1.6443685,-0.60746322,0.29922973,-5.1993376
4842,-5.1993376,-0.7697614,-0.1422445,-0.18547963,-0.26398459,-0.1422445,-0.67055744,5.1993376,-5.1993376,-0.65804298,0.69910809,2.1968939,0.32028968
4843,0.51349142,-5.1993376,0.13811333,-0.44869228,-0.26398459,1.5843543,-1.5215251,-5.1993376,-5.1993376,-0.17018472,-1.1694007,-0.17527843,-5.1993376
4844,0.51349142,-1.4827602,-5.1993376,-0.72008693,-0.26398459,-0.1422445,1.2447784,5.1993376,-5.1993376,-0.78332986,1.3781138,-1.6691125,-5.1993376
4845,-5.1993376,0.23938016,0.91087287,0.54088248,-0.26398459,-5.1993376,0.25360621,-5.1993376,-5.1993376,-0.11441489,-0.21363612,0.45146888,0.88088812
4846,-5.1993376,-0.07534535,-5.1993376,-0.77822491,-1.3219458,-5.1993376,0.25360621,5.1993376,-5.1993376,-1.0552931,1.3781138,-1.6691125,-5.1993376
4847,-5.1993376,-1.1768904,0.55253687,-0.18547963,0.63946185,-5.1993376,0.25360621,5.1993376,-5.1993376,-0.78332986,1.3781138,0.58052362,-5.1993376
4848,0.51349142,-0.1625524,1.401177,-0.72008693,1.2023467,1.2612822,-1.1768904,-5.1993376,-5.1993376,0.0062728847,-1.1694007,-1.0230033,0.55985906
4849,-5.1993376,1.3159579,0.55253687,1.057485,-1.3219458,-5.1993376,0.25360621,5.1993376,5.1993376,0.14858402,0.69910809,0.14858402,0.49213682
4850,-5.1993376,0.13464458,-0.7315153,-0.18547963,-0.26398459,-5.1993376,0.25360621,5.1993376,-5.1993376,0.37628274,0.18547963,0.58052362,0.87719565
4851,-5.1993376,0.45424896,0.82669773,0.54088248,0.30448193,-0.1422445,-0.67055744,-5.1993376,-5.1993376,0.8570968,-0.60746322,-0.79704409,-5.1993376
4852,-5.1993376,-0.6150245,-0.1422445,0.75299744,-0.26398459,-0.1422445,-0.67055744,-5.1993376,-5.1993376,0.56132709,-0.21363612,-0.57311539,0.32028968
4853,-5.1993376,0.51349142,-0.7315153,0.57607489,0.087932998,-5.1993376,0.25360621,5.1993376,5.1993376,-5.1993376,-0.21363612,-1.0230033,-5.1993376
4854,-5.1993376,-0.42660141,-0.1422445,0.32954771,0.087932998,-5.1993376,0.25360621,5.1993376,-5.1993376,1.1497418,0.69910809,0.45146888,1.0028088
4855,0.51349142,0.92617632,0.91087287,0.47100434,-0.26398459,0.29660674,0.25360621,5.1993376,5.1993376,0.22262957,0.18547963,-0.36553148,-5.1993376
4856,-5.1993376,1.7330708,1.0841952,0.36821529,-0.69112102,-0.1422445,-0.67055744,-5.1993376,-5.1993376,-0.28744217,0.18547963,-1.0230033,-5.1993376
4857,-5.1993376,-0.32557657,-0.7315153,-0.18547963,0.63946185,-5.1993376,0.25360621,5.1993376,5.1993376,-5.1993376,-0.60746322,-0.79704409,-5.1993376
4858,-5.1993376,-0.42660141,-0.1422445,-0.041412601,-1.3219458,-5.1993376,0.25360621,5.1993376,-5.1993376,-0.17018472,0.69910809,-1.0230033,-5.1993376
4859,-5.1993376,1.9028735,1.3620783,1.0230033,-1.7219141,-5.1993376,0.25360621,-5.1993376,-5.1993376,0.45842568,-0.60746322,1.464186,0.32028968
4860,1.0230033,0.32161055,1.649237,-0.44869228,-1.0819398,1.2612822,-0.42385485,5.1993376,5.1993376,-5.1993376,-1.1694007,0.85167519,-5.1993376
4861,-5.1993376,-0.27439149,2.0965206,0.61199579,-0.97143575,-0.1422445,-0.67055744,-5.1993376,-5.1993376,0.06025574,2.1196682,-1.4678604,-5.1993376
4862,-5.1993376,0.96742157,0.55253687,0.57607489,-0.26398459,-5.1993376,0.25360621,5.1993376,-5.1993376,0.34948301,0.18547963,0.98561042,-5.1993376
4863,-5.1993376,1.4212582,1.649237,0.68001258,-1.6299924,1.2612822,-2.2111272,5.1993376,5.1993376,0.10810309,-1.1694007,-0.36553148,1.1125547
4864,-5.1993376,-1.3310177,-0.1422445,0.47100434,0.17400458,0.29660674,-1.1768904,5.1993376,-5.1993376,0.81440074,0.18547963,0.29922973,-5.1993376
4865,-5.1993376,-0.32557657,-0.1422445,-0.041412601,0.63946185,-5.1993376,0.25360621,5.1993376,-5.1993376,-0.11441489,1.3781138,-0.79704409,-5.1993376
4866,0.51349142,0.86618925,0.91087287,1.6640817,-0.26398459,0.29660674,0.25360621,-5.1993376,-5.1993376,0.14858402,-0.60746322,-0.17527843,-5.1993376
4867,2.8778461,0.84987354,1.649237,-0.13591068,-0.26398459,1.4354772,5.1993376,5.1993376,-5.1993376,-0.45564031,0.18547963,1.1140325,2.360938
4868,0.51349142,1.3402005,-0.1422445,0.71359852,-0.26398459,1.2612822,-1.1768904,5.1993376,5.1993376,0.0062728847,-0.60746322,-1.4678604,2.1921412
4869,-5.1993376,0.22648938,1.649237,2.1316816,0.97546566,-5.1993376,0.25360621,5.1993376,-5.1993376,0.29791798,0.18547963,0.29922973,1.3851083
4870,-5.1993376,-0.84448508,0.55253687,0.29267606,1.6022103,1.8803524,-2.7474533,5.1993376,5.1993376,-0.22648938,-1.1694007,1.464186,-5.1993376
4871,-5.1993376,-0.50777433,-0.1422445,0.25360621,-0.26398459,-5.1993376,0.25360621,5.1993376,-5.1993376,0.7413876,0.69910809,0.85167519,0.49213682
4872,-5.1993376,0.51349142,0.91087287,1.5843543,-0.83733836,1.4354772,-2.3863399,5.1993376,5.1993376,-0.053972647,0.69910809,-0.36553148,1.8544914
4873,-5.1993376,0.5642668,-0.1422445,0.75299744,0.30448193,-5.1993376,0.25360621,5.1993376,-5.1993376,-1.0552931,-0.21363612,-0.001254569,-5.1993376
4874,0.51349142,1.2724784,0.2239158,0.75299744,-0.26398459,-0.1422445,1.2447784,5.1993376,5.1993376,-0.11441489,0.18547963,0.58052362,0.38167465
4875,-5.1993376,-0.42660141,-1.3633888,-1.059682,-0.26398459,-5.1993376,0.25360621,5.1993376,-5.1993376,-0.17018472,0.69910809,-0.57311539,-5.1993376
4876,-5.1993376,0.53943086,-0.1422445,0.8196557,-0.26398459,-5.1993376,0.25360621,5.1993376,-5.1993376,1.0082941,-0.21363612,-0.001254569,1.2532863
4877,-5.1993376,-1.2924649,0.2239158,-0.44869228,-0.26398459,1.2612822,-2.2111272,-5.1993376,-5.1993376,0.06025574,-1.1694007,0.45146888,0.26528387
4878,-5.1993376,0.60595514,0.2239158,0.50492201,-0.26398459,-5.1993376,0.25360621,5.1993376,-5.1993376,-1.0552931,0.18547963,-0.57311539,-5.1993376
4879,1.7679033,-0.028859086,1.649237,1.0230033,-0.26398459,1.0774455,1.5542696,5.1993376,-5.1993376,1.3041214,-0.21363612,0.98561042,-5.1993376
4880,-5.1993376,-0.56868553,-0.1422445,-0.041412601,-0.26398459,-5.1993376,0.25360621,5.1993376,-5.1993376,1.5376912,0.69910809,1.2339616,-5.1993376
4881,0.51349142,1.6022103,-0.1422445,0.05146002,-1.3219458,-0.1422445,1.2447784,-5.1993376,-5.1993376,0.70552998,0.69910809,-1.0230033,1.2296273
4882,-5.1993376,-0.93585209,-0.43348197,0.0062728847,-0.26398459,-5.1993376,0.25360621,-5.1993376,5.1993376,-5.1993376,0.18547963,-0.17527843,1.2490266
4883,-5.1993376,1.2502419,1.649237,0.47100434,-0.26398459,-5.1993376,0.25360621,-5.1993376,5.1993376,1.2668604,-0.21363612,0.29922973,-5.1993376
4884,-5.1993376,-1.2053021,-5.1993376,-0.77822491,2.1440107,0.29660674,-1.1768904,5.1993376,-5.1993376,-1.0552931,-1.1694007,-0.36553148,0.68476299
4885,-5.1993376,0.49638952,0.55253687,0.61199579,-0.97143575,1.0774455,-1.994971,5.1993376,-5.1993376,1.1743865,0.69910809,1.3494976,0.52168603
4886,0.51349142,-0.42660141,0.55253687,1.057485,-1.0819398,0.29660674,0.25360621,-5.1993376,-5.1993376,0.84090635,2.1196682,-0.36553148,0.80222568
4887,-5.1993376,1.5459273,1.0841952,1.3249577,-0.26398459,-0.1422445,-0.67055744,5.1993376,5.1993376,0.0062728847,0.18547963,-0.17527843,-5.1993376
4888,1.4181186,-1.3978365,-0.7315153,-0.72008693,0.63946185,2.3863399,-1.3652574,5.1993376,-5.1993376,1.1163689,-1.1694007,0.85167519,1.3229321
4889,1.0230033,0.17655256,-0.1422445,-0.44869228,-1.3219458,0.29660674,1.761948,5.1993376,5.1993376,-0.11441489,1.3781138,0.45146888,0.43061959
4890,-5.1993376,-0.018819641,-0.39249204,-0.13591068,0.087932998,-5.1993376,0.25360621,5.1993376,-5.1993376,-0.78332986,0.18547963,-1.4678604,0.27699782
4891,1.0230033,-1.003908,-1.1644437,-1.6590928,2.1440107,2.4743823,-1.9037736,5.1993376,-5.1993376,-0.053972647,-1.1694007,-0.79704409,-5.1993376
4892,-5.1993376,0.5642668,0.11820414,0.36821529,-0.69112102,-5.1993376,0.25360621,5.1993376,5.1993376,-0.11441489,1.3781138,0.45146888,-5.1993376
4893,0.51349142,-0.74635093,-1.0444088,-0.44869228,-0.69112102,-0.1422445,1.2447784,5.1993376,5.1993376,-5.1993376,0.18547963,-0.001254569,-5.1993376
4894,-5.1993376,-0.42660141,-0.1422445,-0.18547963,-0.26398459,-0.1422445,-0.67055744,-5.1993376,-5.1993376,-0.92233022,0.69910809,0.29922973,-5.1993376
4895,-5.1993376,0.46400712,-5.1993376,-1.2529876,-0.26398459,-5.1993376,0.25360621,-5.1993376,-5.1993376,0.34948301,0.69910809,-1.2502419,1.5030391
4896,-5.1993376,-0.65337661,1.649237,-0.72008693,0.97546566,-0.1422445,-0.67055744,-5.1993376,-5.1993376,0.79360155,-1.1694007,0.58052362,-5.1993376
4897,2.1079532,-0.71359852,-0.7315153,-0.50492201,-1.0819398,1.5843543,0.96142934,5.1993376,5.1993376,0.14858402,0.69910809,0.29922973,0.60144006
4898,-5.1993376,-0.90518882,-1.1644437,-2.1316816,1.3684503,0.62109893,-1.5215251,5.1993376,5.1993376,0.45842568,-1.1694007,-0.36553148,-5.1993376
4899,-5.1993376,0.14731565,-0.1422445,-0.13591068,-0.69112102,1.4354772,-2.3863399,-5.1993376,-5.1993376,0.22262957,0.69910809,0.14858402,-5.1993376
4900,-5.1993376,0.92233022,-0.47521374,-0.18547963,0.30448193,-0.1422445,-0.67055744,-5.1993376,-5.1993376,-0.053972647,0.18547963,-1.4678604,1.2389434
4901,0.51349142,-0.27439149,0.2239158,0.50492201,0.30448193,1.0774455,-0.98765156,5.1993376,5.1993376,-0.22648938,-0.21363612,0.45146888,0.18020985
4902,0.51349142,-0.50777433,0.11820414,0.54088248,-0.26398459,-0.1422445,1.2447784,-5.1993376,-5.1993376,0.48930663,0.18547963,0.29922973,0.66379252
4903,-5.1993376,0.20722283,-0.39607543,0.0062728847,-0.69112102,-0.1422445,-0.67055744,5.1993376,5.1993376,0.14858402,1.3781138,1.1140325,-5.1993376
4904,1.4181186,-0.18165198,1.4354772,1.057485,0.17400458,1.4354772,-0.28091085,5.1993376,5.1993376,-0.55985906,0.18547963,0.45146888,0.67490275
4905,-5.1993376,0.39520352,1.649237,0.50492201,-1.0819398,-5.1993376,0.25360621,5.1993376,5.1993376,-0.65804298,-1.1694007,1.3494976,-5.1993376
4906,0.51349142,-0.036390523,-0.7315153,-0.44869228,0.63946185,-0.1422445,1.2447784,5.1993376,-5.1993376,0.29791798,0.18547963,0.71036555,-5.1993376
4907,-5.1993376,1.588771,1.0841952,1.5096564,-2.6965111,-5.1993376,0.25360621,5.1993376,5.1993376,0.22262957,1.3781138,0.71036555,-5.1993376
4908,0.51349142,-0.42660141,-0.1422445,0.13337869,-0.69112102,0.29660674,0.25360621,5.1993376,-5.1993376,1.7330708,2.1196682,0.45146888,2.3449438
4909,-5.1993376,-0.42660141,-0.7315153,-0.23808933,-0.83733836,-5.1993376,0.25360621,5.1993376,5.1993376,1.2393519,1.3781138,-0.001254569,-5.1993376
4910,0.51349142,0.55107599,0.55253687,0.88088812,-1.3219458,0.29660674,0.25360621,5.1993376,5.1993376,0.56132709,2.1196682,0.98561042,2.5264978
4911,-5.1993376,-1.2339616,-0.1422445,-0.041412601,0.63946185,-5.1993376,0.25360621,5.1993376,-5.1993376,2.5374902,0.69910809,1.2339616,-5.1993376
4912,-5.1993376,-2.3076067,-0.7315153,-1.8179677,1.6022103,-5.1993376,0.25360621,5.1993376,5.1993376,0.56132709,-1.1694007,1.1140325,0.17830324
4913,-5.1993376,-0.34415366,-0.1422445,-0.13591068,0.63946185,0.29660674,-1.1768904,5.1993376,5.1993376,-5.1993376,-0.60746322,0.85167519,-5.1993376
4914,-5.1993376,0.47661874,1.0841952,2.3259725,-0.26398459,-5.1993376,0.25360621,5.1993376,-5.1993376,-0.22648938,0.18547963,0.29922973,-5.1993376
4915,-5.1993376,0.64254324,0.91087287,1.4568958,-0.26398459,-0.1422445,-0.67055744,5.1993376,-5.1993376,1.634747,0.18547963,0.71036555,1.975057
4916,-5.1993376,1.4112933,-0.1422445,-0.18547963,-1.3219458,-5.1993376,0.25360621,5.1993376,5.1993376,-0.55985906,-0.21363612,-2.1079532,-5.1993376
4917,1.7679033,2.6617295,2.1968939,0.68001258,-1.6299924,1.4354772,0.87904038,5.1993376,-5.1993376,0.37628274,-0.21363612,0.29922973,-5.1993376
4918,-5.1993376,-0.34415366,-0.1422445,0.25360621,0.63946185,-5.1993376,0.25360621,5.1993376,5.1993376,-0.053972647,1.3781138,1.5669896,-5.1993376
4919,-5.1993376,0.65648594,-0.7315153,-0.77822491,2.1440107,-5.1993376,0.25360621,5.1993376,5.1993376,0.40471681,-1.1694007,-0.001254569,-5.1993376
4920,1.0230033,0.73315571,-5.1993376,-1.6590928,0.30448193,1.4354772,-0.67055744,5.1993376,-5.1993376,-0.78332986,-5.1993376,0.29922973,-5.1993376
4921,-5.1993376,1.2502419,0.55253687,1.4568958,0.30448193,-0.1422445,-0.67055744,-5.1993376,-5.1993376,-0.92233022,0.18547963,-0.17527843,-5.1993376
4922,-5.1993376,1.2502419,0.55253687,0.8196557,0.30448193,-0.1422445,-0.67055744,5.1993376,-5.1993376,0.22262957,0.18547963,-0.79704409,-5.1993376
4923,1.0230033,-1.3100167,0.10053459,-0.23808933,0.97546566,0.87535389,0.25360621,-5.1993376,-5.1993376,0.84090635,-0.60746322,0.14858402,1.3926613
4924,-5.1993376,-0.018819641,-0.7315153,0.13337869,1.0955557,0.87535389,-1.7986626,5.1993376,-5.1993376,-0.55985906,-0.60746322,-0.57311539,1.0124086
4925,-5.1993376,-0.60595514,-0.7315153,0.0062728847,0.30448193,-0.1422445,-0.67055744,5.1993376,-5.1993376,2.2410162,1.3781138,1.6590928,1.6253733
4926,2.483413,-0.66898742,-1.1644437,-0.6150245,-0.26398459,1.2612822,2.8778461,5.1993376,-5.1993376,1.3041214,-0.21363612,0.85167519,0.45412485
4927,-5.1993376,-0.42660141,-0.7315153,-0.39384742,-0.26398459,-0.1422445,-0.67055744,5.1993376,-5.1993376,-0.22648938,0.18547963,0.45146888,-5.1993376
4928,-5.1993376,-0.21491982,1.2640664,1.0230033,0.97546566,0.29660674,-1.1768904,-5.1993376,-5.1993376,0.18165198,-1.1694007,0.29922973,-5.1993376
4929,0.51349142,-0.31237604,-1.1644437,-1.3684503,0.63946185,0.62109893,-0.36687305,-5.1993376,-5.1993376,-0.45564031,-5.1993376,1.3494976,0.28352193
4930,0.51349142,-0.74635093,-0.1422445,0.13337869,-0.83733836,0.62109893,-0.36687305,5.1993376,-5.1993376,-0.11441489,0.69910809,-0.17527843,3.1763887
4931,-5.1993376,0.98154039,-0.1422445,0.84987354,0.97546566,-0.1422445,-0.67055744,5.1993376,-5.1993376,-0.17018472,0.18547963,0.45146888,-5.1993376
4932,-5.1993376,2.2542411,0.55253687,0.64872442,-2.6965111,-0.1422445,-0.67055744,5.1993376,-5.1993376,1.0685216,1.3781138,0.29922973,-5.1993376
4933,0.51349142,0.7152178,-0.7315153,-1.505747,0.97546566,0.62109893,-0.36687305,5.1993376,5.1993376,-5.1993376,-1.1694007,-0.001254569,-5.1993376
4934,-5.1993376,-5.1993376,-5.1993376,-1.6590928,0.63946185,-0.1422445,-0.67055744,5.1993376,5.1993376,0.93779777,-1.1694007,-1.2502419,-5.1993376
4935,0.51349142,-0.72660581,-0.1422445,-0.13591068,-0.26398459,0.29660674,0.25360621,5.1993376,5.1993376,1.4827602,1.3781138,1.1140325,0.69386782
4936,-5.1993376,2.1696941,0.55253687,0.91467864,-2.3863399,-5.1993376,0.25360621,5.1993376,-5.1993376,0.92233022,2.1196682,-0.17527843,-5.1993376
4937,1.7679033,-5.1993376,-1.1644437,-1.6590928,2.1440107,2.1696941,-0.67055744,5.1993376,5.1993376,-5.1993376,-1.1694007,-0.36553148,-5.1993376
4938,-5.1993376,2.1199899,-0.1422445,0.05146002,-1.6299924,-5.1993376,0.25360621,-5.1993376,-5.1993376,0.40471681,0.69910809,1.464186,2.2611088
4939,-5.1993376,-1.2924649,0.11820414,-0.089192496,0.63946185,-0.1422445,-0.67055744,-5.1993376,-5.1993376,1.358913,-0.60746322,-0.57311539,0.73973722
4940,0.51349142,-0.42660141,-1.1644437,-0.6150245,-0.69112102,-0.1422445,1.2447784,-5.1993376,-5.1993376,0.62566982,1.3781138,-1.2502419,-5.1993376
4941,0.51349142,0.16636735,-0.1422445,0.25360621,1.6022103,0.87535389,-0.67055744,-5.1993376,-5.1993376,-0.11441489,-1.1694007,-0.36553148,-5.1993376
4942,1.7679033,1.5255293,-5.1993376,-1.059682,-1.0819398,1.0774455,1.5542696,5.1993376,-5.1993376,-0.45564031,1.3781138,0.71036555,-5.1993376
4943,-5.1993376,0.13464458,-5.1993376,-1.2529876,-1.0819398,-5.1993376,0.25360621,5.1993376,5.1993376,1.5459273,0.69910809,0.98561042,-5.1993376
4944,-5.1993376,-0.42660141,0.55253687,0.50492201,-2.0431151,0.29660674,-1.1768904,5.1993376,5.1993376,0.06025574,0.69910809,-0.57311539,0.76516224
4945,-5.1993376,-1.2982711,0.2239158,0.68001258,-0.26398459,-0.1422445,-0.67055744,-5.1993376,-5.1993376,-0.17018472,0.18547963,-0.001254569,0.46960306
4946,-5.1993376,-0.42660141,0.99791966,0.95151828,-0.26398459,-5.1993376,0.25360621,5.1993376,-5.1993376,-0.45564031,0.18547963,1.2339616,-5.1993376
4947,-5.1993376,-1.1140325,-0.1422445,0.29267606,0.63946185,-5.1993376,0.25360621,5.1993376,-5.1993376,0.96742157,1.3781138,-0.57311539,-5.1993376
4948,-5.1993376,-1.4294456,-0.7315153,-0.83912102,0.63946185,-5.1993376,0.25360621,5.1993376,5.1993376,-5.1993376,0.69910809,0.85167519,-5.1993376
4949,-5.1993376,-1.8658521,-0.7315153,-1.9858764,2.1440107,-0.1422445,-0.67055744,-5.1993376,5.1993376,-5.1993376,-5.1993376,-1.2502419,-5.1993376
4950,0.51349142,-0.98561042,-5.1993376,-0.98357337,0.63946185,0.29660674,0.25360621,5.1993376,-5.1993376,-0.92233022,-0.21363612,-0.001254569,-5.1993376
4951,-5.1993376,-0.79188381,0.55253687,0.36821529,0.30448193,1.0774455,-1.994971,5.1993376,5.1993376,-0.17018472,-1.1694007,0.71036555,-5.1993376
4952,-5.1993376,-0.20081806,-0.1422445,-0.13591068,1.0955557,0.29660674,-1.1768904,5.1993376,-5.1993376,0.14858402,-1.1694007,-0.17527843,-5.1993376
4953,0.51349142,0.51349142,-0.47521374,-0.50492201,1.0955557,2.2899878,-2.2111272,5.1993376,-5.1993376,-0.92233022,-1.1694007,-1.0230033,-5.1993376
4954,-5.1993376,-0.68317781,2.4320167,0.95151828,-0.83733836,-0.1422445,-0.67055744,-5.1993376,-5.1993376,-0.65804298,2.1196682,1.1140325,-5.1993376
4955,-5.1993376,1.4112933,-0.1422445,0.64872442,1.6022103,0.29660674,-1.1768904,5.1993376,5.1993376,-0.45564031,-0.60746322,-0.17527843,-5.1993376
4956,-5.1993376,-0.54524419,-0.1422445,-0.089192496,0.30448193,-5.1993376,0.25360621,5.1993376,5.1993376,0.14858402,0.18547963,0.71036555,-5.1993376
4957,-5.1993376,1.3557612,-1.1644437,-0.56279634,-0.83733836,-5.1993376,0.25360621,5.1993376,-5.1993376,-1.0552931,0.18547963,-1.0230033,-5.1993376
4958,0.51349142,1.7679033,1.2640664,1.533612,-0.69112102,0.62109893,-0.36687305,-5.1993376,5.1993376,-5.1993376,0.18547963,-1.0230033,-5.1993376
4959,-5.1993376,1.0124743,-5.1993376,-1.059682,0.97546566,-5.1993376,0.25360621,5.1993376,5.1993376,-1.0552931,-0.21363612,-1.4678604,-5.1993376
4960,0.51349142,0.11820414,1.3471048,1.7330708,-0.26398459,0.29660674,0.25360621,5.1993376,5.1993376,0.40471681,-0.21363612,0.45146888,0.30711117
4961,-5.1993376,1.0552931,-5.1993376,-2.5423492,-2.483413,0.29660674,-1.1768904,5.1993376,5.1993376,-5.1993376,1.3781138,-0.36553148,0.34149266
4962,-5.1993376,0.36017172,-0.1422445,-0.041412601,-1.3219458,-0.1422445,-0.67055744,5.1993376,5.1993376,-0.45564031,0.69910809,-0.36553148,0.65982597
4963,-5.1993376,0.31105902,-0.1422445,0.05146002,-1.0819398,-5.1993376,0.25360621,5.1993376,5.1993376,0.06025574,0.69910809,-0.36553148,-5.1993376
4964,-5.1993376,0.57607489,-0.7315153,-0.44869228,1.3684503,-5.1993376,0.25360621,5.1993376,-5.1993376,-0.65804298,-0.60746322,-0.57311539,-5.1993376
4965,-5.1993376,-0.21491982,0.2239158,0.40607882,0.63946185,-5.1993376,0.25360621,5.1993376,-5.1993376,0.90897492,0.69910809,0.98561042,-5.1993376
4966,-5.1993376,-0.87167925,-5.1993376,-1.059682,1.6022103,-0.1422445,-0.67055744,-5.1993376,-5.1993376,-0.28744217,-1.1694007,-1.0230033,-5.1993376
4967,1.4181186,-1.3978365,-1.0307974,-1.144896,1.2023467,1.5843543,-0.36687305,5.1993376,5.1993376,0.48930663,-1.1694007,1.464186,0.23550885
4968,0.51349142,-0.046435725,0.11820414,-0.18547963,0.17400458,0.29660674,0.25360621,5.1993376,-5.1993376,-0.28744217,-0.21363612,0.14858402,0.4639355
4969,0.51349142,-0.68317781,-1.1644437,-2.1316816,1.6022103,0.29660674,0.25360621,-5.1993376,-5.1993376,-1.0552931,-1.1694007,-0.57311539,-5.1993376
4970,0.51349142,-1.0013826,-1.1644437,-1.6590928,1.6022103,0.29660674,0.25360621,-5.1993376,5.1993376,-5.1993376,-5.1993376,0.14858402,-5.1993376
4971,0.51349142,0.38572587,1.649237,1.2366522,-0.26398459,0.87535389,-0.67055744,5.1993376,-5.1993376,-0.22648938,-0.21363612,0.85167519,-5.1993376
4972,-5.1993376,0.38572587,-0.7315153,-0.39384742,-0.26398459,-5.1993376,0.25360621,5.1993376,-5.1993376,0.68159434,-0.60746322,-0.001254569,-5.1993376
4973,-5.1993376,-0.93585209,1.0841952,-0.90518882,0.97546566,-0.1422445,-0.67055744,5.1993376,-5.1993376,0.56132709,-1.1694007,1.9858764,0.32028968
4974,1.0230033,-1.4496823,-5.1993376,-2.1316816,1.2023467,1.2612822,-0.42385485,-5.1993376,5.1993376,0.22262957,-1.1694007,-0.36553148,0.49213682
4975,-5.1993376,-1.1905774,-0.7315153,-0.66428721,-0.26398459,-5.1993376,0.25360621,5.1993376,-5.1993376,0.64100179,0.69910809,-1.0230033,-5.1993376
4976,-5.1993376,0.50349739,-0.1422445,0.0062728847,-0.97143575,-0.1422445,-0.67055744,5.1993376,-5.1993376,0.22262957,0.69910809,-0.17527843,-5.1993376
4977,0.51349142,-0.75466427,-0.1422445,-1.144896,2.1440107,0.87535389,-0.67055744,5.1993376,-5.1993376,0.29791798,-1.1694007,1.9858764,2.5589071
4978,-5.1993376,0.59693534,-0.1422445,0.05146002,0.17400458,-5.1993376,0.25360621,5.1993376,5.1993376,1.8114574,0.69910809,0.98561042,0.30185479
4979,0.51349142,-1.5976984,0.11820414,0.29267606,1.2023467,1.0774455,-0.98765156,-5.1993376,-5.1993376,-0.65804298,-1.1694007,-0.17527843,-5.1993376
4980,1.7679033,-0.26268576,0.55253687,-0.18547963,0.087932998,2.1696941,-0.67055744,-5.1993376,-5.1993376,1.3189459,-0.60746322,1.8312243,0.9127741
4981,-5.1993376,-1.8125393,0.55253687,-1.6590928,1.6022103,-5.1993376,0.25360621,-5.1993376,-5.1993376,0.40471681,-5.1993376,-0.57311539,-5.1993376
4982,-5.1993376,0.50349739,0.55253687,0.54088248,-0.26398459,-0.1422445,-0.67055744,-5.1993376,-5.1993376,0.48930663,0.69910809,-0.36553148,-5.1993376
4983,0.51349142,-0.23292993,1.3498586,2.6620346,0.17400458,0.29660674,0.25360621,-5.1993376,-5.1993376,0.60897269,-0.21363612,-0.17527843,0.59094906
4984,-5.1993376,-0.1625524,0.2239158,0.43900121,-0.26398459,-0.1422445,-0.67055744,5.1993376,5.1993376,-5.1993376,-0.21363612,-0.17527843,0.34619824
4985,1.4181186,0.73315571,-0.7315153,-0.50492201,-0.26398459,0.87535389,1.2447784,5.1993376,-5.1993376,0.4307273,0.18547963,-0.17527843,-5.1993376
4986,-5.1993376,-0.65337661,-0.1422445,-0.089192496,-0.97143575,-5.1993376,0.25360621,5.1993376,-5.1993376,1.8587466,0.69910809,0.14858402,-5.1993376
4987,-5.1993376,0.65027359,-0.7315153,0.092971849,-0.26398459,-5.1993376,0.25360621,5.1993376,5.1993376,0.26658359,-0.21363612,-0.17527843,0.23938016
4988,0.51349142,-1.1768904,-5.1993376,-1.144896,-1.3219458,0.29660674,0.25360621,5.1993376,-5.1993376,0.06025574,1.3781138,1.8312243,-5.1993376
4989,-5.1993376,-0.72660581,0.55253687,1.1794018,0.17400458,-0.1422445,-0.67055744,5.1993376,-5.1993376,0.70552998,-0.21363612,0.98561042,0.22906446
4990,-5.1993376,0.60595514,-0.7315153,-0.39384742,0.63946185,-5.1993376,0.25360621,5.1993376,5.1993376,0.4307273,0.18547963,-0.36553148,0.32028968
4991,-5.1993376,-1.1140325,-1.1644437,-0.77822491,-0.26398459,-5.1993376,0.25360621,5.1993376,-5.1993376,-0.92233022,1.3781138,-1.2502419,0.59458232
4992,1.4181186,-0.75967739,-0.1422445,0.21235277,0.17400458,1.0774455,0.89765526,5.1993376,5.1993376,-5.1993376,0.69910809,0.14858402,-5.1993376
4993,2.483413,-0.53653104,-5.1993376,-1.6590928,1.6022103,2.5754833,-0.94561627,-5.1993376,-5.1993376,1.0293754,-1.1694007,0.29922973,1.1086265
4994,-5.1993376,0.0075274833,0.55253687,-0.29005812,-0.83733836,-0.1422445,-0.67055744,-5.1993376,-5.1993376,-0.45564031,-0.21363612,-0.79704409,-5.1993376
4995,-5.1993376,-0.81614989,0.82669773,-0.089192496,1.2023467,-0.1422445,-0.67055744,5.1993376,-5.1993376,0.22262957,-1.1694007,1.5669896,-5.1993376
4996,-5.1993376,2.5423492,-0.1422445,-0.041412601,-2.0431151,0.87535389,-1.7986626,5.1993376,5.1993376,-5.1993376,0.18547963,1.5669896,-5.1993376
4997,-5.1993376,-0.92233022,1.649237,1.0230033,-0.26398459,-0.1422445,-0.67055744,5.1993376,-5.1993376,1.358913,0.69910809,0.14858402,0.82317161
4998,-5.1993376,0.41563423,-0.1422445,0.13337869,-2.0431151,-0.1422445,-0.67055744,5.1993376,-5.1993376,0.79360155,2.1196682,0.85167519,-5.1993376
4999,1.0230033,2.2111272,-0.7315153,-0.18547963,-0.83733836,0.29660674,1.761948,5.1993376,-5.1993376,-0.45564031,0.18547963,-0.36553148,-5.1993376
5000,-5.1993376,-1.2585077,-0.43348197,-0.39384742,0.63946185,-0.1422445,-0.67055744,5.1993376,5.1993376,1.1743865,-0.60746322,1.2339616,-5.1993376
5001,-5.1993376,-5.1993376,-5.1993376,-1.505747,1.6022103,-5.1993376,0.25360621,5.1993376,5.1993376,-5.1993376,-5.1993376,-0.57311539,-5.1993376
5002,-5.1993376,0.5642668,-1.1644437,-0.72008693,-0.69112102,-5.1993376,0.25360621,5.1993376,-5.1993376,-0.053972647,0.69910809,-0.36553148,0.80685816
5003,-5.1993376,-1.0336468,-0.7315153,-0.089192496,-0.83733836,-5.1993376,0.25360621,5.1993376,5.1993376,1.7739219,0.69910809,0.85167519,-5.1993376
5004,0.51349142,-0.59993651,1.0841952,1.0909946,-0.69112102,0.29660674,0.25360621,5.1993376,5.1993376,1.3978365,-0.60746322,1.1140325,1.4792221
5005,-5.1993376,-0.07534535,0.91087287,-0.29005812,-0.69112102,-5.1993376,0.25360621,5.1993376,5.1993376,0.06025574,1.3781138,-1.0230033,-5.1993376
5006,-5.1993376,0.63485111,-5.1993376,-1.144896,1.6022103,-0.1422445,-0.67055744,5.1993376,5.1993376,-0.36017172,-0.60746322,-1.4678604,-5.1993376
5007,0.51349142,1.1768904,-5.1993376,-1.3684503,-0.83733836,-0.1422445,1.2447784,5.1993376,-5.1993376,-0.053972647,0.69910809,-2.1079532,-5.1993376
5008,2.1079532,0.61805886,0.2239158,0.47100434,-0.26398459,1.2612822,1.761948,5.1993376,-5.1993376,1.9264032,1.3781138,1.1140325,1.4856905
5009,1.0230033,0.73315571,0.55253687,-0.34149266,-0.97143575,0.62109893,0.96142934,5.1993376,-5.1993376,0.98969684,-0.21363612,0.29922973,-5.1993376
5010,-5.1993376,0.38572587,-1.3041214,-0.90518882,-0.69112102,-5.1993376,0.25360621,5.1993376,5.1993376,-0.55985906,0.69910809,-2.4320167,-5.1993376
5011,0.51349142,-0.62414474,2.4320167,-2.1316816,0.63946185,-0.1422445,1.2447784,5.1993376,-5.1993376,1.6896701,1.3781138,0.58052362,1.0775549
5012,-5.1993376,1.1047469,0.55253687,2.2258232,-0.69112102,-5.1993376,0.25360621,5.1993376,5.1993376,0.4307273,0.18547963,0.85167519,-5.1993376
5013,1.7679033,0.40335554,-1.1644437,-0.56279634,0.63946185,1.0774455,1.5542696,5.1993376,-5.1993376,0.22262957,-1.1694007,-0.36553148,0.82317161
5014,-5.1993376,1.0124743,-0.7315153,-0.29005812,-1.3219458,-0.1422445,-0.67055744,5.1993376,-5.1993376,0.45842568,-0.21363612,1.464186,-5.1993376
5015,-5.1993376,0.75466427,0.55253687,0.61199579,0.087932998,-5.1993376,0.25360621,5.1993376,5.1993376,-0.78332986,0.69910809,-0.001254569,0.86300954
5016,1.0230033,1.3716572,-5.1993376,-1.3684503,0.17400458,0.62109893,0.96142934,5.1993376,-5.1993376,-0.55985906,0.18547963,-0.57311539,0.41898832
5017,0.51349142,0.76639141,-0.1422445,0.98561042,-0.26398459,0.62109893,-0.36687305,5.1993376,5.1993376,-0.55985906,0.18547963,-0.57311539,-5.1993376
5018,-5.1993376,-0.07534535,1.649237,-0.34149266,1.2023467,-0.1422445,-0.67055744,-5.1993376,-5.1993376,-0.22648938,-1.1694007,0.14858402,-5.1993376
5019,0.51349142,0.36955819,-0.7315153,0.47100434,-0.26398459,-0.1422445,1.2447784,5.1993376,-5.1993376,0.34948301,-0.21363612,0.45146888,0.30798805
5020,1.0230033,-0.69750712,-0.7315153,0.21235277,0.63946185,0.29660674,1.761948,5.1993376,5.1993376,0.98969684,-0.60746322,1.3494976,0.88960027
5021,-5.1993376,1.4532796,0.55253687,0.50492201,-0.26398459,-5.1993376,0.25360621,5.1993376,-5.1993376,-0.55985906,0.18547963,1.464186,-5.1993376
5022,-5.1993376,1.2724784,-0.1422445,0.32954771,-1.7219141,-5.1993376,0.25360621,5.1993376,-5.1993376,-0.45564031,0.18547963,-0.57311539,-5.1993376
5023,-5.1993376,0.78162595,-0.1422445,0.17400458,-0.83733836,-5.1993376,0.25360621,5.1993376,-5.1993376,0.34948301,0.18547963,3.0899352,-5.1993376
5024,-5.1993376,1.1352842,0.91087287,1.0230033,-1.3219458,-5.1993376,0.25360621,5.1993376,5.1993376,1.6091315,0.69910809,0.45146888,-5.1993376
5025,-5.1993376,0.10557959,-0.1422445,0.21235277,-0.26398459,-5.1993376,0.25360621,5.1993376,-5.1993376,-0.92233022,-0.21363612,-0.36553148,-5.1993376
5026,-5.1993376,1.2502419,-0.1422445,0.68001258,-1.6299924,-5.1993376,0.25360621,5.1993376,5.1993376,0.29791798,0.69910809,-0.79704409,-5.1993376
5027,-5.1993376,-0.018819641,-0.7315153,-0.56279634,2.1440107,0.62109893,-1.5215251,-5.1993376,5.1993376,-0.92233022,-1.1694007,-1.4678604,-5.1993376
5028,0.51349142,0.53943086,1.2640664,2.6620346,-0.83733836,0.62109893,-0.36687305,5.1993376,5.1993376,-0.45564031,-0.21363612,0.98561042,0.89804297
5029,0.51349142,-1.5712865,-0.7315153,0.13337869,1.2023467,0.87535389,-0.67055744,-5.1993376,5.1993376,-0.28744217,-0.60746322,-0.57311539,-5.1993376
5030,-5.1993376,1.1869807,-0.7315153,0.0062728847,0.63946185,-5.1993376,0.25360621,5.1993376,-5.1993376,-0.053972647,0.69910809,-0.36553148,-5.1993376
5031,0.51349142,-0.52066149,-0.7315153,-0.83912102,0.63946185,-0.1422445,1.2447784,-5.1993376,-5.1993376,-0.053972647,-0.60746322,1.1140325,0.66213532
5032,-5.1993376,-5.1993376,-1.0357896,-1.8179677,1.6022103,-0.1422445,-0.67055744,5.1993376,5.1993376,-5.1993376,-5.1993376,1.8952593,-5.1993376
5033,-5.1993376,1.0124743,1.0841952,0.21235277,-0.26398459,-5.1993376,0.25360621,-5.1993376,-5.1993376,-0.65804298,-1.1694007,-0.36553148,-5.1993376
5034,-5.1993376,-0.07534535,-5.1993376,-0.56279634,0.97546566,-5.1993376,0.25360621,5.1993376,-5.1993376,-0.92233022,0.18547963,0.29922973,0.42248277
5035,1.0230033,0.33485067,-0.43348197,-0.23808933,-1.3219458,0.29660674,1.761948,5.1993376,-5.1993376,0.77314015,0.18547963,1.1140325,-5.1993376
5036,0.51349142,-1.8125393,0.55253687,-0.56279634,0.087932998,1.2612822,-1.1768904,-5.1993376,5.1993376,0.40471681,-1.1694007,0.14858402,-5.1993376
5037,0.51349142,-0.20081806,-0.7315153,-0.50492201,-2.0431151,0.29660674,0.25360621,5.1993376,5.1993376,1.6896701,0.69910809,0.29922973,-5.1993376
5038,-5.1993376,0.58498388,-1.3041214,-1.505747,1.6022103,-0.1422445,-0.67055744,5.1993376,5.1993376,-0.45564031,-1.1694007,-0.17527843,-5.1993376
5039,-5.1993376,0.035135151,0.55253687,1.4181186,-0.26398459,-0.1422445,-0.67055744,-5.1993376,5.1993376,-5.1993376,-0.21363612,-0.001254569,0.25231085
5040,-5.1993376,0.072829316,0.91087287,0.75299744,-0.26398459,-5.1993376,0.25360621,-5.1993376,5.1993376,-0.65804298,0.18547963,1.5669896,-5.1993376
5041,-5.1993376,0.82493339,-0.1422445,-0.23808933,-1.3219458,-5.1993376,0.25360621,-5.1993376,-5.1993376,0.34948301,-0.60746322,0.58052362,0.92544961
5042,-5.1993376,-1.0336468,0.2239158,0.43900121,-0.26398459,-5.1993376,0.25360621,-5.1993376,5.1993376,-0.78332986,0.69910809,-0.001254569,-5.1993376
5043,-5.1993376,-0.42660141,-0.1422445,-0.089192496,0.63946185,-5.1993376,0.25360621,5.1993376,-5.1993376,1.3189459,0.69910809,0.45146888,-5.1993376
5044,-5.1993376,-0.42660141,1.2640664,1.0230033,0.17400458,-0.1422445,-0.67055744,5.1993376,-5.1993376,-0.55985906,0.18547963,1.464186,-5.1993376
5045,1.0230033,0.17655256,0.91087287,0.84987354,-1.3219458,1.0774455,-0.300542,5.1993376,-5.1993376,0.324254,0.69910809,-1.4678604,-5.1993376
5046,-5.1993376,0.90330062,0.55253687,0.05146002,-0.26398459,-5.1993376,0.25360621,-5.1993376,-5.1993376,0.56132709,-1.1694007,-0.57311539,-5.1993376
5047,-5.1993376,-1.3402005,0.55253687,-0.72008693,0.17400458,-0.1422445,-0.67055744,5.1993376,5.1993376,-0.36017172,-0.60746322,-0.79704409,0.82317161
5048,-5.1993376,1.994971,1.649237,1.2366522,-0.83733836,0.29660674,-1.1768904,5.1993376,5.1993376,0.14858402,0.18547963,-1.2502419,1.0315088
5049,0.51349142,-0.55253687,0.55253687,0.43900121,0.63946185,1.7444475,-1.6896701,5.1993376,5.1993376,0.14858402,-1.1694007,-0.001254569,-5.1993376
5050,-5.1993376,0.90330062,-0.1422445,0.91467864,-0.26398459,-5.1993376,0.25360621,5.1993376,5.1993376,-0.45564031,-0.21363612,1.3494976,-5.1993376
5051,-5.1993376,0.27699782,-0.1422445,0.25360621,-0.26398459,-5.1993376,0.25360621,5.1993376,-5.1993376,0.34948301,0.18547963,-1.6691125,-5.1993376
5052,1.0230033,0.10557959,0.2239158,0.36821529,-0.26398459,0.87535389,0.25360621,-5.1993376,5.1993376,0.22262957,-0.21363612,0.29922973,-5.1993376
5053,-5.1993376,0.66741904,0.11820414,-0.041412601,0.63946185,-0.1422445,-0.67055744,5.1993376,-5.1993376,-0.65804298,0.69910809,-1.2502419,-5.1993376
5054,0.51349142,-0.29529601,-0.7315153,0.0062728847,-0.26398459,0.29660674,0.25360621,5.1993376,-5.1993376,1.0082941,1.3781138,-1.6691125,0.80801263
5055,-5.1993376,-0.028859086,1.2640664,0.13337869,-0.26398459,-0.1422445,-0.67055744,-5.1993376,-5.1993376,-5.1993376,-1.1694007,-0.001254569,0.73973722
5056,1.0230033,0.025094008,0.2239158,0.75299744,0.63946185,1.5843543,-0.95943959,5.1993376,5.1993376,-5.1993376,-0.21363612,-0.001254569,0.40199502
5057,0.51349142,0.18803291,1.0841952,1.2640664,-0.97143575,0.87535389,-0.67055744,-5.1993376,5.1993376,0.82846465,1.3781138,-0.17527843,0.97669047
5058,-5.1993376,1.4284821,-1.1644437,-1.505747,-0.69112102,-5.1993376,0.25360621,5.1993376,-5.1993376,2.3936128,-0.60746322,0.14858402,-5.1993376
5059,0.51349142,0.1257878,-0.1422445,0.13337869,-1.8658521,0.87535389,-0.67055744,5.1993376,-5.1993376,1.3912021,2.1196682,-0.57311539,-5.1993376
5060,-5.1993376,0.11820414,-0.1422445,-1.8179677,0.97546566,-5.1993376,0.25360621,5.1993376,5.1993376,0.68159434,-1.1694007,1.2339616,1.5388179
5061,1.4181186,-0.18165198,-1.3432866,-0.56279634,0.40471681,1.2612822,0.25360621,5.1993376,-5.1993376,-0.22648938,-0.21363612,1.2339616,0.28576731
5062,0.51349142,2.9375782,-0.1422445,0.092971849,-2.0431151,-0.1422445,1.2447784,-5.1993376,-5.1993376,-0.28744217,0.18547963,-0.79704409,-5.1993376
5063,-5.1993376,-0.42660141,-1.1644437,-0.50492201,0.63946185,-5.1993376,0.25360621,5.1993376,5.1993376,0.65804298,0.69910809,2.3076067,-5.1993376
5064,-5.1993376,-0.14604751,0.91087287,1.0230033,-0.26398459,-0.1422445,-0.67055744,5.1993376,-5.1993376,-0.92233022,0.18547963,0.14858402,0.1625524
5065,-5.1993376,2.0853556,-0.7315153,-0.041412601,-0.26398459,-5.1993376,0.25360621,5.1993376,5.1993376,-0.17018472,0.18547963,-1.873053,1.3186272
5066,-5.1993376,-0.42660141,1.3620783,1.057485,-1.0819398,-5.1993376,0.25360621,-5.1993376,5.1993376,1.2753025,1.3781138,1.2339616,0.23938016
5067,-5.1993376,0.50349739,0.55253687,-1.8179677,1.2023467,0.29660674,-1.1768904,-5.1993376,-5.1993376,1.0444088,-0.21363612,-0.57311539,0.45578625
5068,2.483413,1.6022103,0.31764959,-0.56279634,0.17400458,2.8778461,-1.0145711,5.1993376,-5.1993376,-0.11441489,0.18547963,0.29922973,0.73104697
5069,0.51349142,-0.88459264,1.0841952,1.4568958,0.40471681,-0.1422445,1.2447784,5.1993376,5.1993376,1.4827602,0.69910809,-1.2502419,0.46680326
5070,-5.1993376,0.25101592,2.0965206,0.61199579,0.17400458,-0.1422445,-0.67055744,-5.1993376,-5.1993376,-0.36017172,-0.21363612,-1.0230033,1.3463856
5071,1.0230033,-0.29529601,-5.1993376,-1.3684503,-0.26398459,1.0774455,-0.300542,5.1993376,-5.1993376,-0.17018472,-1.1694007,-0.79704409,-5.1993376
5072,1.0230033,0.072829316,-0.1422445,-0.6150245,-0.26398459,0.62109893,0.96142934,5.1993376,-5.1993376,-1.0552931,2.1196682,-0.36553148,0.89804297
5073,-5.1993376,-0.42660141,0.2239158,-0.23808933,-0.26398459,-5.1993376,0.25360621,5.1993376,-5.1993376,0.0062728847,0.69910809,0.85167519,0.97351226
5074,-5.1993376,-1.4157599,-5.1993376,-1.505747,2.1440107,1.2612822,-2.2111272,5.1993376,5.1993376,-5.1993376,-5.1993376,0.14858402,-5.1993376
5075,-5.1993376,-0.52066149,0.55253687,0.98561042,0.087932998,-0.1422445,-0.67055744,5.1993376,5.1993376,-0.45564031,0.69910809,-0.17527843,-5.1993376
5076,0.51349142,-0.046435725,0.55253687,-1.059682,1.2023467,-0.1422445,1.2447784,5.1993376,5.1993376,0.68159434,-1.1694007,1.2339616,-5.1993376
5077,-5.1993376,1.4532796,-0.1422445,0.05146002,-0.26398459,-5.1993376,0.25360621,5.1993376,-5.1993376,-0.45564031,0.18547963,-2.4320167,-5.1993376
5078,-5.1993376,-1.0082941,0.55253687,1.4568958,-0.26398459,1.0774455,-1.994971,-5.1993376,-5.1993376,0.8570968,-0.60746322,1.5669896,1.3126097
5079,2.1079532,0.43210422,-0.7315153,-0.44869228,-0.26398459,1.5843543,0.96142934,5.1993376,-5.1993376,-0.65804298,0.18547963,0.58052362,-5.1993376
5080,-5.1993376,0.45424896,1.0841952,-0.089192496,-0.97143575,-0.1422445,-0.67055744,5.1993376,-5.1993376,0.18165198,0.69910809,1.2339616,1.8609192
5081,1.4181186,0.19570018,0.2239158,-0.98357337,-0.26398459,1.0774455,0.89765526,5.1993376,5.1993376,0.64100179,0.18547963,0.29922973,0.32028968
5082,-5.1993376,-1.1946284,0.99791966,1.9858764,0.17400458,-0.1422445,-0.67055744,5.1993376,-5.1993376,1.8952593,-0.21363612,1.1140325,0.40199502
5083,0.51349142,1.0552931,-5.1993376,-1.8179677,-1.8658521,-0.1422445,1.2447784,5.1993376,5.1993376,-0.17018472,-1.1694007,1.2339616,-5.1993376
5084,-5.1993376,-0.27439149,1.0841952,1.057485,-1.3219458,-5.1993376,0.25360621,5.1993376,-5.1993376,-0.28744217,0.69910809,-0.57311539,-5.1993376
5085,-5.1993376,2.3652476,1.649237,1.358913,-1.3219458,-5.1993376,0.25360621,5.1993376,-5.1993376,0.48930663,0.18547963,0.14858402,1.3708554
5086,-5.1993376,0.25101592,0.11820414,-0.98357337,-0.69112102,0.87535389,-1.7986626,5.1993376,5.1993376,0.0062728847,-0.60746322,-0.36553148,0.15819534
5087,-5.1993376,-0.25490199,-0.7315153,-0.13591068,0.63946185,-5.1993376,0.25360621,5.1993376,-5.1993376,-0.17018472,1.3781138,-0.36553148,0.66268752
5088,2.483413,-0.53653104,-1.3645121,-1.6590928,1.6022103,2.5754833,-0.94561627,5.1993376,-5.1993376,1.0293754,-1.1694007,0.29922973,1.1086265
5089,-5.1993376,0.65648594,0.55253687,1.2640664,0.30448193,-0.1422445,-0.67055744,-5.1993376,-5.1993376,0.4307273,-0.21363612,-0.36553148,1.0583412
5090,2.1079532,-1.2640664,-5.1993376,-0.66428721,2.1440107,1.2612822,1.761948,5.1993376,5.1993376,0.58796385,-0.60746322,-0.57311539,-5.1993376
5091,-5.1993376,0.13464458,-1.1644437,-1.9858764,1.6022103,-5.1993376,0.25360621,5.1993376,5.1993376,-5.1993376,-5.1993376,0.29922973,-5.1993376
5092,-5.1993376,0.44314942,2.0042336,2.2567448,-0.26398459,-0.1422445,-0.67055744,-5.1993376,5.1993376,1.6590411,-0.60746322,-0.001254569,0.28052863
5093,-5.1993376,-0.15365993,1.0841952,1.4181186,-0.26398459,-5.1993376,0.25360621,5.1993376,-5.1993376,-0.053972647,-0.21363612,-1.0230033,0.55985906
5094,-5.1993376,0.27699782,-0.7315153,-0.50492201,0.97546566,-5.1993376,0.25360621,-5.1993376,5.1993376,0.75800423,-0.21363612,-1.2502419,-5.1993376
5095,-5.1993376,0.10557959,0.55253687,0.68001258,0.63946185,2.0853556,-3.0899352,-5.1993376,5.1993376,0.34948301,-1.1694007,1.7560546,-5.1993376
5096,0.51349142,-0.42660141,0.55253687,0.95151828,-0.26398459,0.29660674,0.25360621,-5.1993376,-5.1993376,0.70552998,0.69910809,-0.36553148,0.70073587
5097,-5.1993376,0.25101592,0.55253687,0.84987354,0.17400458,0.87535389,-1.7986626,5.1993376,-5.1993376,-0.65804298,-0.21363612,-0.001254569,0.16001041
5098,-5.1993376,1.1497418,-0.7315153,-0.90518882,0.17400458,0.29660674,-1.1768904,-5.1993376,5.1993376,-0.053972647,-1.1694007,-0.36553148,-5.1993376
5099,-5.1993376,-0.42660141,0.91087287,0.75299744,-1.0819398,-5.1993376,0.25360621,-5.1993376,-5.1993376,-0.78332986,0.69910809,-0.79704409,1.7360149
5100,-5.1993376,2.2111272,-0.7315153,-0.34149266,-0.83733836,-0.1422445,-0.67055744,5.1993376,-5.1993376,-0.65804298,0.18547963,-1.2502419,-5.1993376
5101,1.4181186,-0.20081806,-0.7315153,-0.72008693,-1.3219458,1.7444475,-0.43762015,5.1993376,-5.1993376,3.0906591,0.69910809,1.7560546,1.9051384
5102,0.51349142,1.1117021,2.0042336,1.057485,-0.26398459,0.29660674,0.25360621,5.1993376,-5.1993376,-0.11441489,-0.21363612,-0.17527843,-5.1993376
5103,-5.1993376,-0.23292993,0.55253687,1.6299924,-0.26398459,-5.1993376,0.25360621,5.1993376,-5.1993376,0.324254,-0.21363612,0.98561042,0.68476299
5104,-5.1993376,-2.169543,-5.1993376,-1.8179677,1.8658521,0.29660674,-1.1768904,-5.1993376,5.1993376,-5.1993376,-5.1993376,-0.36553148,-5.1993376
5105,1.0230033,-0.73315571,0.2239158,0.8196557,1.2023467,1.5843543,-0.95943959,5.1993376,5.1993376,-5.1993376,-0.60746322,-0.001254569,0.40199502
5106,-5.1993376,-0.10305677,-0.7315153,-0.39384742,-0.83733836,-5.1993376,0.25360621,5.1993376,-5.1993376,0.79360155,0.69910809,0.98561042,0.58747101
5107,1.4181186,1.5712865,-0.7315153,-0.72008693,-1.0819398,0.62109893,2.1696941,5.1993376,-5.1993376,-0.053972647,0.18547963,-0.17527843,-5.1993376
5108,-5.1993376,-0.78674453,-0.1422445,0.57607489,-0.26398459,-5.1993376,0.25360621,-5.1993376,-5.1993376,0.45842568,1.3781138,-0.79704409,0.45713667
5109,1.0230033,-1.6276289,-0.7315153,-0.90518882,1.3684503,0.87535389,0.25360621,5.1993376,5.1993376,0.10810309,-1.1694007,-1.2502419,-5.1993376
5110,-5.1993376,-1.1768904,-1.1644437,-0.50492201,-0.26398459,-5.1993376,0.25360621,5.1993376,5.1993376,-0.28744217,1.3781138,-1.4678604,-5.1993376
5111,0.51349142,-1.4361036,-0.7315153,-0.77822491,1.6022103,1.2612822,-1.1768904,5.1993376,5.1993376,-1.0552931,-1.1694007,-0.36553148,-5.1993376
5112,-5.1993376,1.1352842,0.55253687,1.0909946,0.63946185,-5.1993376,0.25360621,5.1993376,-5.1993376,-0.22648938,0.69910809,-1.0230033,-5.1993376
5113,1.4181186,-0.42660141,-0.1422445,0.25360621,0.087932998,0.62109893,2.1696941,-5.1993376,-5.1993376,-0.55985906,1.3781138,-0.79704409,-5.1993376
5114,-5.1993376,-1.1140325,-0.1422445,-0.34149266,-1.3219458,-0.1422445,-0.67055744,5.1993376,5.1993376,1.1163689,0.69910809,-1.2502419,-5.1993376
5115,-5.1993376,1.5627215,0.55253687,0.71359852,-1.3219458,-5.1993376,0.25360621,5.1993376,5.1993376,-5.1993376,0.69910809,0.45146888,2.6588571
5116,-5.1993376,0.056485615,-0.1422445,-1.2529876,1.6022103,1.2612822,-2.2111272,-5.1993376,5.1993376,-0.053972647,-1.1694007,-0.36553148,-5.1993376
5117,1.0230033,-0.63792343,0.55253687,-1.144896,0.63946185,1.0774455,-0.300542,-5.1993376,-5.1993376,0.53653104,-5.1993376,0.85167519,1.8774123
5118,1.0230033,0.66741904,1.2640664,0.98561042,0.17400458,1.0774455,-0.300542,-5.1993376,5.1993376,0.51635627,0.18547963,1.6590928,-5.1993376
5119,1.0230033,-1.1768904,-0.7315153,-0.13591068,0.63946185,1.2612822,-0.42385485,5.1993376,-5.1993376,-0.28744217,-1.1694007,-1.4678604,-5.1993376
5120,1.4181186,0.22648938,-1.1644437,0.0062728847,-0.83733836,1.4354772,-0.28091085,5.1993376,-5.1993376,0.324254,-0.21363612,0.45146888,0.58900637
5121,-5.1993376,2.5423492,-0.1422445,0.57607489,-0.69112102,0.62109893,-1.5215251,5.1993376,-5.1993376,0.70552998,0.18547963,1.464186,-5.1993376
5122,-5.1993376,-0.24454752,-0.1422445,0.29267606,1.0955557,-5.1993376,0.25360621,5.1993376,5.1993376,-0.55985906,-0.60746322,1.1140325,0.25231085
5123,-5.1993376,-0.59393954,2.4320167,-1.144896,1.6022103,1.4354772,-2.3863399,5.1993376,5.1993376,-5.1993376,-1.1694007,0.98561042,0.4403831
5124,-5.1993376,-1.0640195,0.55253687,0.54088248,-0.26398459,0.62109893,-1.5215251,-5.1993376,-5.1993376,-0.45564031,-1.1694007,0.58052362,-5.1993376
5125,-5.1993376,-0.6150245,0.91087287,1.2366522,0.17400458,-0.1422445,-0.67055744,-5.1993376,-5.1993376,0.26658359,-0.60746322,-0.001254569,-5.1993376
5126,0.51349142,-0.79188381,1.0841952,0.29267606,0.30448193,-0.1422445,1.2447784,5.1993376,-5.1993376,5.1993376,-0.21363612,3.3525178,1.8814424
5127,1.7679033,3.212356,0.2239158,-1.2529876,-1.7219141,1.4354772,0.87904038,5.1993376,-5.1993376,0.58796385,-0.60746322,0.29922973,-5.1993376
5128,1.0230033,-0.25490199,0.55253687,-1.144896,1.6022103,1.9858764,-1.3716572,5.1993376,-5.1993376,-0.28744217,-1.1694007,0.58052362,-5.1993376
5129,-5.1993376,1.1497418,-0.1422445,0.61199579,-0.26398459,0.87535389,-1.7986626,5.1993376,5.1993376,-0.65804298,0.18547963,-0.79704409,-5.1993376
5130,-5.1993376,-0.93585209,0.91087287,0.71359852,-1.3219458,-5.1993376,0.25360621,-5.1993376,5.1993376,0.58796385,0.69910809,1.6590928,-5.1993376
5131,0.51349142,-0.21491982,0.14026113,0.54088248,0.087932998,0.62109893,-0.36687305,5.1993376,5.1993376,-0.45564031,-0.60746322,-0.57311539,-5.1993376
5132,-5.1993376,-0.036390523,-0.7315153,-0.041412601,-0.26398459,-5.1993376,0.25360621,5.1993376,5.1993376,0.06025574,0.69910809,1.3494976,-5.1993376
5133,1.0230033,1.2075323,-0.7315153,-0.089192496,-1.3219458,0.87535389,0.25360621,-5.1993376,-5.1993376,0.26658359,0.69910809,-0.79704409,0.70073587
5134,-5.1993376,1.7679033,-0.1422445,0.54088248,-0.26398459,0.62109893,-1.5215251,5.1993376,-5.1993376,-0.55985906,0.18547963,-0.17527843,-5.1993376
5135,-5.1993376,-0.78674453,-0.1422445,0.32954771,-0.26398459,-0.1422445,-0.67055744,5.1993376,-5.1993376,0.45842568,1.3781138,-0.57311539,-5.1993376
5136,-5.1993376,0.11820414,1.2640664,0.47100434,-0.97143575,0.29660674,-1.1768904,5.1993376,5.1993376,0.0062728847,1.3781138,-0.36553148,1.4470253
5137,-5.1993376,0.74635093,-0.7315153,-0.44869228,-0.26398459,0.29660674,-1.1768904,5.1993376,-5.1993376,0.64100179,0.18547963,-1.6691125,-5.1993376
5138,-5.1993376,-0.55253687,2.4320167,2.3259725,0.087932998,-0.1422445,-0.67055744,-5.1993376,-5.1993376,-0.78332986,-0.21363612,0.45146888,1.9310446
5139,-5.1993376,0.73315571,-0.7315153,-0.089192496,-0.26398459,-0.1422445,-0.67055744,5.1993376,-5.1993376,0.88830934,0.18547963,0.14858402,-5.1993376
5140,0.51349142,1.0444088,0.55253687,1.959536,0.087932998,0.62109893,-0.36687305,-5.1993376,5.1993376,0.56132709,0.18547963,1.5669896,1.7163419
5141,1.0230033,0.035135151,-0.43348197,-0.83912102,0.40471681,2.6689068,-2.1279927,-5.1993376,5.1993376,1.7986626,-1.1694007,0.71036555,-5.1993376
5142,0.51349142,1.5799684,1.0841952,1.533612,-0.26398459,1.2612822,-1.1768904,-5.1993376,5.1993376,0.29791798,-0.60746322,-1.4678604,2.405223
5143,0.51349142,-0.69750712,0.55253687,0.36821529,0.17400458,-0.1422445,1.2447784,-5.1993376,-5.1993376,0.34948301,-0.21363612,0.14858402,-5.1993376
5144,1.4181186,-0.49922964,-0.43348197,-0.13591068,-0.26398459,0.62109893,2.1696941,5.1993376,-5.1993376,0.77314015,0.18547963,1.1140325,1.0315088
5145,-5.1993376,-0.75967739,-0.1422445,-0.18547963,0.63946185,-5.1993376,0.25360621,5.1993376,-5.1993376,-0.17018472,1.3781138,-0.79704409,-5.1993376
5146,0.51349142,-0.88459264,1.0841952,1.5096564,0.30448193,-0.1422445,1.2447784,5.1993376,5.1993376,1.3912021,0.69910809,-1.2502419,0.51972919
5147,-5.1993376,0.22648938,-0.1422445,-0.29005812,0.63946185,-5.1993376,0.25360621,5.1993376,5.1993376,0.48930663,0.18547963,2.5117912,-5.1993376
5148,-5.1993376,0.095492152,-0.7315153,-0.72008693,-0.26398459,0.29660674,-1.1768904,5.1993376,-5.1993376,-0.55985906,-0.60746322,0.98561042,-5.1993376
5149,-5.1993376,1.1869807,0.11820414,0.17400458,-0.26398459,-0.1422445,-0.67055744,5.1993376,-5.1993376,-0.65804298,0.69910809,-0.79704409,-5.1993376
5150,0.51349142,1.9264032,-1.1644437,-0.56279634,0.63946185,-0.1422445,1.2447784,5.1993376,5.1993376,-5.1993376,0.18547963,-0.36553148,-5.1993376
5151,1.0230033,0.8109099,-5.1993376,-0.66428721,-0.26398459,0.62109893,0.96142934,5.1993376,-5.1993376,0.48930663,-0.21363612,0.45146888,-5.1993376
5152,-5.1993376,-1.6640817,-1.1644437,-0.39384742,0.97546566,1.0774455,-1.994971,5.1993376,-5.1993376,0.62566982,-0.60746322,-0.001254569,-5.1993376
5153,1.0230033,0.90330062,0.82669773,0.98561042,-1.6299924,0.62109893,0.96142934,-5.1993376,-5.1993376,-0.28744217,1.3781138,-0.001254569,0.3485941
5154,0.51349142,-0.20081806,0.2239158,0.68001258,0.30448193,-0.1422445,1.2447784,5.1993376,-5.1993376,1.8482612,1.3781138,0.98561042,1.7458424
5155,-5.1993376,0.016310116,-0.7315153,0.05146002,-0.26398459,-5.1993376,0.25360621,5.1993376,-5.1993376,1.5295582,-0.21363612,0.29922973,0.68476299
5156,-5.1993376,-5.1993376,-0.1422445,-0.98357337,0.63946185,-5.1993376,0.25360621,-5.1993376,-5.1993376,-0.11441489,-1.1694007,-0.17527843,-5.1993376
5157,2.1079532,0.25101592,0.2239158,0.32954771,-1.3219458,2.0853556,-0.300542,5.1993376,5.1993376,-5.1993376,-0.21363612,-0.57311539,1.5843543
5158,1.4181186,-0.6150245,-1.1644437,-1.6590928,2.1440107,1.2612822,0.25360621,5.1993376,-5.1993376,-5.1993376,-5.1993376,1.2339616,0.2887499
5159,-5.1993376,1.0124743,-1.1644437,-0.34149266,-0.26398459,-5.1993376,0.25360621,5.1993376,5.1993376,-0.92233022,1.3781138,-3.0899352,-5.1993376
5160,0.51349142,-1.6808165,-1.1644437,-1.505747,2.1440107,0.29660674,0.25360621,-5.1993376,5.1993376,-5.1993376,-5.1993376,0.45146888,-5.1993376
5161,-5.1993376,0.69590794,0.11820414,0.8196557,-0.26398459,-5.1993376,0.25360621,5.1993376,-5.1993376,1.1163689,-0.60746322,-0.57311539,-5.1993376
5162,-5.1993376,1.5135889,-1.1644437,-1.6590928,0.63946185,-5.1993376,0.25360621,5.1993376,5.1993376,-5.1993376,-1.1694007,-0.36553148,-5.1993376
5163,-5.1993376,0.50349739,0.55253687,0.17400458,-0.26398459,-5.1993376,0.25360621,5.1993376,5.1993376,-5.1993376,0.69910809,-0.17527843,-5.1993376
5164,-5.1993376,0.14731565,2.1968939,1.8448108,-0.69112102,0.62109893,-1.5215251,-5.1993376,-5.1993376,-0.22648938,1.3781138,0.98561042,-5.1993376
5165,-5.1993376,0.88644946,1.649237,0.75299744,-0.26398459,0.62109893,-1.5215251,5.1993376,5.1993376,0.68159434,-0.21363612,0.29922973,-5.1993376
5166,0.51349142,-0.65337661,-0.1422445,0.25360621,-0.26398459,-0.1422445,1.2447784,5.1993376,5.1993376,0.10810309,0.69910809,0.58052362,0.93066622
5167,0.51349142,-0.42660141,-0.1422445,0.47100434,-1.3219458,-0.1422445,1.2447784,5.1993376,-5.1993376,-0.11441489,1.3781138,-0.79704409,0.93995685
5168,-5.1993376,-0.68317781,-5.1993376,-1.8179677,2.9674304,-0.1422445,-0.67055744,5.1993376,5.1993376,-5.1993376,-5.1993376,-0.57311539,-5.1993376
5169,-5.1993376,-0.58498388,-0.1422445,-1.505747,0.63946185,0.87535389,-1.7986626,5.1993376,5.1993376,-0.78332986,-5.1993376,-0.36553148,0.64872904
5170,1.0230033,0.34948301,0.2239158,0.47100434,-2.0431151,1.0774455,-0.300542,5.1993376,5.1993376,-1.0552931,0.18547963,-0.79704409,0.26528387
5171,0.51349142,1.0487476,1.0841952,1.3249577,-0.83733836,-0.1422445,1.2447784,5.1993376,-5.1993376,0.48930663,0.18547963,0.45146888,0.20309537
5172,-5.1993376,-0.42660141,-0.1422445,0.50492201,0.63946185,-5.1993376,0.25360621,5.1993376,-5.1993376,0.22262957,1.3781138,-1.873053,-5.1993376
5173,-5.1993376,0.38572587,-5.1993376,-1.2529876,-1.3219458,-5.1993376,0.25360621,5.1993376,5.1993376,-5.1993376,0.69910809,-2.1079532,-5.1993376
5174,-5.1993376,0.84987354,1.2640664,1.4568958,-1.3219458,-5.1993376,0.25360621,5.1993376,-5.1993376,-0.65804298,0.18547963,1.7560546,0.60294309
5175,-5.1993376,0.36955819,-0.1422445,0.092971849,-0.69112102,-5.1993376,0.25360621,5.1993376,-5.1993376,-0.78332986,0.18547963,0.14858402,-5.1993376
5176,-5.1993376,1.0124743,0.55253687,1.1794018,-0.69112102,-5.1993376,0.25360621,5.1993376,-5.1993376,-0.92233022,-0.21363612,1.9858764,-5.1993376
5177,-5.1993376,0.61805886,-0.7315153,-0.56279634,-1.3219458,-5.1993376,0.25360621,5.1993376,5.1993376,-5.1993376,0.69910809,-3.0899352,-5.1993376
5178,1.0230033,0.27699782,-0.7315153,-1.505747,1.2023467,0.62109893,0.96142934,-5.1993376,5.1993376,0.22262957,-5.1993376,0.98561042,1.144896
5179,-5.1993376,-0.49922964,-0.1422445,-0.72008693,-0.26398459,-5.1993376,0.25360621,5.1993376,5.1993376,0.4307273,-1.1694007,0.85167519,-5.1993376
5180,-5.1993376,-1.5459273,1.649237,2.0331038,0.63946185,0.29660674,-1.1768904,-5.1993376,-5.1993376,-0.36017172,-1.1694007,0.45146888,-5.1993376
5181,0.51349142,-0.6150245,-0.7315153,-1.6590928,1.2023467,0.87535389,-0.67055744,5.1993376,-5.1993376,-0.65804298,-5.1993376,-0.001254569,0.24456167
5182,0.51349142,0.65027359,1.0841952,0.75299744,-1.0819398,0.29660674,0.25360621,-5.1993376,-5.1993376,0.8570968,-0.21363612,-1.2502419,-5.1993376
5183,1.0230033,1.2724784,2.1968939,1.2075323,-0.26398459,0.29660674,1.761948,-5.1993376,5.1993376,-5.1993376,1.3781138,-0.79704409,0.14956269
5184,-5.1993376,-1.1140325,-0.7315153,-0.089192496,0.63946185,-5.1993376,0.25360621,5.1993376,5.1993376,-0.28744217,1.3781138,-0.79704409,-5.1993376
5185,-5.1993376,-0.31237604,-0.7315153,-0.77822491,-1.0819398,-5.1993376,0.25360621,5.1993376,5.1993376,0.65804298,0.69910809,-0.36553148,0.51396861
5186,-5.1993376,1.5627215,-5.1993376,-0.50492201,1.6022103,-5.1993376,0.25360621,5.1993376,5.1993376,-1.0552931,-1.1694007,-1.4678604,-5.1993376
5187,-5.1993376,0.080378865,0.55253687,0.54088248,0.63946185,-0.1422445,-0.67055744,5.1993376,5.1993376,-0.78332986,0.69910809,0.71036555,-5.1993376
5188,-5.1993376,0.41563423,-0.7315153,0.32954771,-0.97143575,-5.1993376,0.25360621,5.1993376,5.1993376,-0.45564031,-0.21363612,0.29922973,-5.1993376
5189,1.0230033,-0.69750712,-1.1644437,-1.9858764,1.6022103,1.2612822,-0.42385485,5.1993376,-5.1993376,1.9975397,-1.1694007,0.98561042,0.59945938
5190,-5.1993376,0.98154039,-0.1422445,-0.56279634,-0.26398459,-5.1993376,0.25360621,5.1993376,5.1993376,0.79360155,-0.60746322,0.58052362,-5.1993376
5191,-5.1993376,-0.17018472,-5.1993376,-1.8179677,1.6022103,-5.1993376,0.25360621,5.1993376,5.1993376,-5.1993376,-1.1694007,-0.36553148,-5.1993376
5192,0.51349142,0.90330062,0.91087287,1.4181186,-0.26398459,0.87535389,-0.67055744,-5.1993376,-5.1993376,-0.92233022,-0.21363612,-1.4678604,-5.1993376
5193,-5.1993376,-1.4827602,-0.7315153,-0.83912102,0.63946185,0.29660674,-1.1768904,5.1993376,-5.1993376,-5.1993376,0.69910809,-0.36553148,0.15564783
5194,-5.1993376,-0.42660141,-0.1422445,-0.23808933,-0.26398459,-5.1993376,0.25360621,5.1993376,-5.1993376,0.40471681,0.69910809,-0.001254569,1.0105507
5195,-5.1993376,0.70714,-0.1422445,0.21235277,0.40471681,-0.1422445,-0.67055744,5.1993376,-5.1993376,-0.65804298,0.18547963,-0.79704409,-5.1993376
5196,-5.1993376,0.63485111,1.0841952,0.88088812,-0.26398459,-5.1993376,0.25360621,5.1993376,-5.1993376,1.2668604,0.69910809,0.14858402,1.7302015
5197,-5.1993376,-0.91087287,-0.1422445,0.17400458,0.63946185,-5.1993376,0.25360621,5.1993376,-5.1993376,1.2753025,0.18547963,0.45146888,0.54670039
5198,2.1079532,1.4941549,0.55253687,1.7330708,-1.3219458,1.7444475,0.86984634,5.1993376,5.1993376,-0.92233022,0.18547963,-0.001254569,-5.1993376
5199,0.51349142,2.1696941,1.0841952,0.61199579,-1.3219458,0.29660674,0.25360621,5.1993376,-5.1993376,1.1163689,0.18547963,0.14858402,-5.1993376
5200,-5.1993376,-0.27439149,-0.1422445,-0.041412601,-0.69112102,-5.1993376,0.25360621,5.1993376,5.1993376,-0.78332986,0.69910809,-0.57311539,-5.1993376
5201,1.4181186,0.17655256,-5.1993376,-0.77822491,1.6022103,1.4354772,-0.28091085,5.1993376,-5.1993376,-0.45564031,-0.60746322,0.45146888,-5.1993376
5202,-5.1993376,-0.095492152,-0.1422445,0.17400458,-0.26398459,0.62109893,-1.5215251,5.1993376,5.1993376,-5.1993376,0.69910809,-0.57311539,-5.1993376
5203,0.51349142,-0.89450084,-0.1422445,-1.2529876,0.63946185,0.29660674,0.25360621,5.1993376,5.1993376,0.06025574,-1.1694007,-0.79704409,0.25231085
5204,-5.1993376,0.61805886,0.55253687,0.47100434,-0.69112102,-5.1993376,0.25360621,5.1993376,5.1993376,0.93779777,0.69910809,2.5117912,1.7804016
5205,1.4181186,-0.15365993,0.2239158,0.88088812,0.30448193,0.87535389,1.2447784,5.1993376,5.1993376,-0.45564031,-0.60746322,0.58052362,1.3562664
5206,-5.1993376,1.3249577,1.649237,1.2366522,-0.26398459,-0.1422445,-0.67055744,5.1993376,-5.1993376,-0.053972647,-0.21363612,-1.6691125,-5.1993376
5207,-5.1993376,-0.81614989,-0.1422445,-1.2529876,1.6022103,-0.1422445,-0.67055744,5.1993376,5.1993376,-0.11441489,-1.1694007,-1.0230033,-5.1993376
5208,0.51349142,0.86618925,-0.7315153,-0.44869228,0.40471681,-0.1422445,1.2447784,5.1993376,5.1993376,-0.92233022,0.69910809,-1.6691125,-5.1993376
5209,-5.1993376,0.40335554,0.55253687,-0.041412601,0.63946185,-5.1993376,0.25360621,-5.1993376,5.1993376,0.34948301,-0.60746322,-0.001254569,-5.1993376
5210,2.1079532,1.8245559,1.401177,1.7055704,-1.7219141,1.7444475,0.86984634,5.1993376,5.1993376,0.22262957,0.69910809,-0.001254569,-5.1993376
5211,1.0230033,1.4532796,-0.1422445,0.25360621,-0.83733836,0.29660674,1.761948,5.1993376,-5.1993376,-0.55985906,0.18547963,-0.17527843,0.63809258
5212,-5.1993376,0.18803291,1.649237,-0.50492201,1.2023467,0.29660674,-1.1768904,-5.1993376,-5.1993376,1.337127,-1.1694007,0.85167519,0.49213682
5213,-5.1993376,-1.8188649,-0.7315153,-0.66428721,1.3684503,1.4354772,-2.3863399,-5.1993376,-5.1993376,-0.17018472,-1.1694007,-0.17527843,-5.1993376
5214,0.51349142,-0.79532164,-0.7315153,-0.29005812,-0.97143575,0.29660674,0.25360621,5.1993376,-5.1993376,1.3189459,1.3781138,1.3494976,1.2895106
5215,1.0230033,1.0887225,0.55253687,0.84987354,-0.26398459,0.62109893,0.96142934,5.1993376,5.1993376,0.34948301,0.18547963,-0.001254569,1.6317931
5216,1.0230033,-1.6135227,-0.7315153,-1.059682,0.63946185,0.29660674,1.761948,5.1993376,5.1993376,-5.1993376,-1.1694007,-0.36553148,-5.1993376
5217,-5.1993376,-0.07534535,2.4320167,1.5096564,0.17400458,0.62109893,-1.5215251,5.1993376,-5.1993376,1.3189459,-0.21363612,0.71036555,1.3494976
5218,-5.1993376,-1.8658521,-1.1644437,-1.6590928,-0.26398459,-0.1422445,-0.67055744,5.1993376,5.1993376,-5.1993376,-1.1694007,0.14858402,0.26055479
5219,0.51349142,-0.21491982,-0.1422445,-0.13591068,0.63946185,1.2612822,-1.1768904,-5.1993376,5.1993376,-5.1993376,-1.1694007,-0.36553148,-5.1993376
5220,-5.1993376,-0.07534535,1.0841952,0.71359852,-0.26398459,-5.1993376,0.25360621,5.1993376,5.1993376,-0.17018472,0.18547963,-0.17527843,-5.1993376
5221,1.7679033,0.17655256,1.649237,1.4181186,1.3684503,1.5843543,0.25360621,5.1993376,5.1993376,-0.28744217,-1.1694007,0.98561042,-5.1993376
5222,-5.1993376,0.0075274833,-5.1993376,-0.66428721,2.1440107,-0.1422445,-0.67055744,-5.1993376,5.1993376,-0.78332986,-0.60746322,-0.79704409,-5.1993376
5223,-5.1993376,-0.7697614,0.2239158,-0.13591068,-0.26398459,-5.1993376,0.25360621,5.1993376,5.1993376,-0.053972647,0.69910809,-0.001254569,-5.1993376
5224,0.51349142,-1.5031535,-1.1644437,-1.505747,1.3684503,0.62109893,-0.36687305,5.1993376,5.1993376,-5.1993376,-5.1993376,-0.36553148,1.2127505
5225,-5.1993376,-2.0744446,-0.1422445,-1.9858764,1.6022103,1.0774455,-1.994971,-5.1993376,-5.1993376,1.4390013,-5.1993376,-0.17527843,1.3463856
5226,-5.1993376,2.9375782,0.55253687,1.358913,-0.26398459,-0.1422445,-0.67055744,5.1993376,5.1993376,-0.55985906,0.18547963,-0.001254569,-5.1993376
5227,-5.1993376,0.22648938,-0.7315153,-1.6590928,-0.69112102,-0.1422445,-0.67055744,5.1993376,5.1993376,0.60897269,0.69910809,-0.57311539,-5.1993376
5228,-5.1993376,-0.42660141,-0.3884302,-0.39384742,0.63946185,-5.1993376,0.25360621,-5.1993376,-5.1993376,0.06025574,0.69910809,0.29922973,1.941445
5229,-5.1993376,0.38572587,-0.7315153,-1.2529876,2.1440107,-5.1993376,0.25360621,-5.1993376,5.1993376,-0.053972647,-1.1694007,-1.0230033,-5.1993376
5230,-5.1993376,-0.92810452,-0.1422445,-1.144896,2.1440107,-0.1422445,-0.67055744,-5.1993376,5.1993376,-5.1993376,-1.1694007,-1.2502419,-5.1993376
5231,0.51349142,-0.13591068,-5.1993376,-1.9858764,-0.26398459,0.87535389,-0.67055744,5.1993376,5.1993376,-5.1993376,-1.1694007,-1.0230033,-5.1993376
5232,-5.1993376,0.61805886,-0.7315153,-0.13591068,0.97546566,-5.1993376,0.25360621,5.1993376,-5.1993376,-0.053972647,-0.21363612,0.45146888,-5.1993376
5233,1.0230033,2.1378571,-0.7315153,-0.39384742,-0.26398459,0.29660674,1.761948,5.1993376,-5.1993376,-0.45564031,0.69910809,-0.36553148,0.87719565
5234,-5.1993376,1.2724784,-0.1422445,0.13337869,-0.26398459,-0.1422445,-0.67055744,5.1993376,5.1993376,-0.55985906,-0.21363612,0.45146888,-5.1993376
5235,-5.1993376,0.36955819,0.11820414,0.21235277,-1.3219458,-0.1422445,-0.67055744,5.1993376,-5.1993376,-0.28744217,0.69910809,0.58052362,-5.1993376
5236,-5.1993376,0.33485067,2.4320167,2.0744446,-0.83733836,-5.1993376,0.25360621,-5.1993376,-5.1993376,0.77314015,0.69910809,-0.36553148,1.3382767
5237,1.4181186,0.095492152,-5.1993376,-0.83912102,0.30448193,0.87535389,1.2447784,5.1993376,-5.1993376,0.56132709,-0.21363612,-0.79704409,-5.1993376
5238,-5.1993376,-0.095492152,0.2239158,0.21235277,-0.26398459,-5.1993376,0.25360621,5.1993376,-5.1993376,-0.36017172,0.69910809,-0.57311539,-5.1993376
5239,-5.1993376,-1.2339616,0.81440074,0.29267606,0.30448193,-5.1993376,0.25360621,-5.1993376,-5.1993376,-0.28744217,-1.1694007,-0.57311539,-5.1993376
5240,0.51349142,0.81790154,0.55253687,-0.77822491,0.17400458,-0.1422445,1.2447784,5.1993376,5.1993376,-5.1993376,-0.60746322,0.45146888,-5.1993376
5241,-5.1993376,-0.12705243,-0.7315153,-0.089192496,1.2023467,-0.1422445,-0.67055744,5.1993376,-5.1993376,0.06025574,-0.60746322,1.2339616,-5.1993376
5242,-5.1993376,0.52930109,-0.1422445,-0.83912102,0.97546566,-5.1993376,0.25360621,5.1993376,5.1993376,1.6031761,-0.21363612,-0.17527843,-5.1993376
5243,-5.1993376,-0.095492152,-0.1422445,0.61199579,-0.97143575,-0.1422445,-0.67055744,5.1993376,-5.1993376,0.14858402,2.1196682,-0.36553148,0.61957818
5244,-5.1993376,0.40335554,-5.1993376,-0.6150245,-2.6965111,-5.1993376,0.25360621,5.1993376,-5.1993376,-0.78332986,1.3781138,-1.4678604,-5.1993376
5245,1.7679033,-2.1856263,0.55253687,-0.29005812,1.3684503,1.2612822,1.0251227,5.1993376,-5.1993376,0.0062728847,-1.1694007,0.45146888,0.16630471
5246,-5.1993376,0.7152178,-0.1422445,-0.66428721,0.63946185,-0.1422445,-0.67055744,5.1993376,5.1993376,-0.17018472,-0.60746322,-0.36553148,-5.1993376
5247,-5.1993376,-1.8188649,-5.1993376,-2.5423492,1.3684503,0.29660674,-1.1768904,5.1993376,-5.1993376,-5.1993376,-1.1694007,-0.57311539,-5.1993376
5248,-5.1993376,-0.25490199,0.55253687,0.25360621,0.63946185,-5.1993376,0.25360621,-5.1993376,5.1993376,0.324254,-1.1694007,-0.001254569,0.1501817
5249,-5.1993376,0.94169982,-0.1422445,0.17400458,0.63946185,-5.1993376,0.25360621,5.1993376,5.1993376,-0.22648938,0.69910809,-0.79704409,0.87719565
5250,0.51349142,0.19570018,2.0042336,0.8196557,-0.26398459,-0.1422445,1.2447784,-5.1993376,5.1993376,0.75800423,-0.21363612,0.29922973,0.65531205
5251,1.0230033,-1.533612,1.0841952,2.0744446,1.2023467,0.62109893,0.96142934,-5.1993376,5.1993376,0.51635627,-0.60746322,1.3494976,1.2127505
5252,1.7679033,2.0533356,1.4354772,1.6640817,-1.7219141,1.4354772,0.87904038,-5.1993376,-5.1993376,1.2924649,0.69910809,0.29922973,-5.1993376
5253,-5.1993376,0.13464458,0.91087287,0.98561042,-0.26398459,-5.1993376,0.25360621,-5.1993376,-5.1993376,0.48930663,0.18547963,-2.1079532,0.61957818
5254,-5.1993376,0.74635093,-0.1422445,-0.29005812,0.40471681,-5.1993376,0.25360621,5.1993376,-5.1993376,-0.22648938,-0.21363612,-2.4320167,-5.1993376
5255,1.4181186,1.1187114,0.2239158,-0.089192496,0.17400458,0.62109893,2.1696941,-5.1993376,-5.1993376,-0.11441489,0.18547963,-0.001254569,-5.1993376
5256,0.51349142,-0.42660141,0.55253687,0.61199579,-1.3219458,0.62109893,-0.36687305,5.1993376,-5.1993376,0.96742157,0.69910809,-0.57311539,-5.1993376
5257,-5.1993376,0.072829316,-0.7315153,0.13337869,0.40471681,0.29660674,-1.1768904,5.1993376,-5.1993376,-0.053972647,-0.60746322,1.3494976,0.2887499
5258,-5.1993376,-0.58498388,0.82669773,1.873053,-0.26398459,-5.1993376,0.25360621,-5.1993376,-5.1993376,0.81440074,-0.21363612,-0.17527843,0.36697024
5259,0.51349142,-1.3868129,-5.1993376,-0.90518882,-0.26398459,-0.1422445,1.2447784,5.1993376,-5.1993376,0.37628274,0.18547963,0.85167519,-5.1993376
5260,-5.1993376,2.8778461,0.2239158,0.36821529,-0.69112102,-5.1993376,0.25360621,5.1993376,-5.1993376,0.22262957,0.18547963,0.58052362,-5.1993376
5261,0.51349142,0.37762969,0.55253687,0.95151828,0.97546566,-0.1422445,1.2447784,5.1993376,-5.1993376,0.48930663,0.18547963,-0.001254569,1.766851
5262,-5.1993376,1.2179357,0.55253687,1.123415,-0.26398459,0.29660674,-1.1768904,-5.1993376,5.1993376,0.72334253,-0.60746322,1.2339616,0.94061222
5263,-5.1993376,-0.79188381,-0.1422445,-1.505747,1.6022103,-0.1422445,-0.67055744,5.1993376,5.1993376,-5.1993376,-5.1993376,-1.0230033,-5.1993376
5264,-5.1993376,-1.4979966,-0.7315153,0.64872442,0.97546566,-5.1993376,0.25360621,-5.1993376,5.1993376,-1.0552931,-0.60746322,1.1140325,-5.1993376
5265,-5.1993376,-1.1946284,0.11820414,-0.77822491,1.2023467,0.29660674,-1.1768904,-5.1993376,-5.1993376,0.22262957,-5.1993376,1.9858764,-5.1993376
5266,-5.1993376,-0.42660141,-5.1993376,-1.059682,-1.3219458,-0.1422445,-0.67055744,5.1993376,-5.1993376,1.0685216,0.69910809,-0.001254569,-5.1993376
5267,0.51349142,1.9494745,-0.7315153,-1.505747,-0.26398459,1.2612822,-1.1768904,5.1993376,-5.1993376,0.88830934,-5.1993376,-0.79704409,-5.1993376
5268,-5.1993376,-0.29529601,0.2239158,-0.56279634,-0.26398459,-5.1993376,0.25360621,5.1993376,-5.1993376,-0.45564031,-0.21363612,-0.36553148,0.5353282
5269,-5.1993376,-0.3521514,0.2239158,-0.34149266,0.63946185,-5.1993376,0.25360621,-5.1993376,-5.1993376,-0.45564031,-1.1694007,-0.36553148,-5.1993376
5270,1.4181186,0.27699782,0.55253687,-0.90518882,1.6022103,1.7444475,-0.43762015,5.1993376,5.1993376,1.4079051,-1.1694007,0.29922973,-5.1993376
5271,-5.1993376,-1.0336468,-0.1422445,-0.39384742,0.63946185,-5.1993376,0.25360621,5.1993376,5.1993376,-0.78332986,0.69910809,-1.0230033,-5.1993376
5272,0.51349142,0.0075274833,-0.1422445,0.36821529,0.63946185,1.2612822,-1.1768904,5.1993376,-5.1993376,-1.0552931,-0.60746322,-1.0230033,-5.1993376
5273,0.51349142,0.48789301,1.649237,2.3652476,-0.83733836,0.62109893,-0.36687305,-5.1993376,-5.1993376,-0.11441489,1.3781138,0.85167519,-5.1993376
5274,-5.1993376,0.83023416,-1.1644437,-0.66428721,-0.26398459,-5.1993376,0.25360621,5.1993376,-5.1993376,0.79360155,0.18547963,-0.36553148,0.21586277
5275,0.51349142,-0.83200627,-0.1422445,-1.2529876,2.1440107,1.2612822,-1.1768904,-5.1993376,5.1993376,-5.1993376,-5.1993376,-0.36553148,0.32028968
5276,-5.1993376,0.78162595,0.55253687,0.05146002,-1.3219458,-0.1422445,-0.67055744,5.1993376,5.1993376,0.48930663,0.18547963,0.98561042,-5.1993376
5277,0.51349142,-1.2529876,-0.7315153,-1.144896,1.2023467,1.2612822,-1.1768904,-5.1993376,-5.1993376,-0.45564031,-1.1694007,-0.57311539,-5.1993376
5278,0.51349142,-0.32557657,0.2239158,0.29267606,-1.8114574,0.29660674,0.25360621,-5.1993376,-5.1993376,1.337127,1.3781138,0.98561042,0.43507693
5279,0.51349142,1.1047469,0.55253687,0.75299744,-1.3219458,0.29660674,0.25360621,5.1993376,-5.1993376,-0.65804298,0.69910809,-0.17527843,-5.1993376
5280,0.51349142,-0.56868553,-0.1422445,-0.98357337,2.1440107,1.4354772,-1.3846283,-5.1993376,5.1993376,1.6896701,-1.1694007,0.98561042,1.2127505
5281,-5.1993376,1.2075323,0.91087287,1.0909946,-0.26398459,-5.1993376,0.25360621,5.1993376,5.1993376,-0.45564031,0.69910809,-0.001254569,-5.1993376
5282,-5.1993376,0.79360155,0.55253687,1.6299924,-0.26398459,-0.1422445,-0.67055744,5.1993376,-5.1993376,-0.65804298,-0.60746322,1.1140325,1.648145
5283,-5.1993376,0.19570018,0.2239158,0.61199579,0.63946185,-5.1993376,0.25360621,-5.1993376,5.1993376,1.2475055,0.69910809,1.2339616,0.77416208
5284,-5.1993376,1.1352842,-5.1993376,-1.8179677,0.63946185,-5.1993376,0.25360621,5.1993376,-5.1993376,-1.0552931,1.3781138,-3.0899352,-5.1993376
5285,-5.1993376,-0.8589096,0.55253687,0.78845531,-0.26398459,-5.1993376,0.25360621,5.1993376,-5.1993376,0.4307273,-0.21363612,0.14858402,-5.1993376
5286,0.51349142,0.080378865,2.2681091,2.4769214,-0.69112102,-0.1422445,1.2447784,-5.1993376,-5.1993376,0.48930663,0.69910809,-1.6691125,-5.1993376
5287,1.0230033,1.3402005,0.55253687,-0.66428721,0.17400458,0.29660674,1.761948,5.1993376,-5.1993376,-0.053972647,0.18547963,-0.79704409,0.77796133
5288,-5.1993376,0.48789301,0.81265408,0.61199579,-1.3219458,-0.1422445,-0.67055744,5.1993376,5.1993376,0.82846465,0.69910809,0.85167519,-5.1993376
5289,-5.1993376,-0.31237604,-0.7315153,-0.56279634,-0.69112102,-0.1422445,-0.67055744,5.1993376,5.1993376,-5.1993376,1.3781138,-0.17527843,-5.1993376
5290,1.0230033,-0.42660141,0.2239158,-0.50492201,-0.26398459,0.87535389,0.25360621,5.1993376,-5.1993376,0.26658359,1.3781138,-1.2502419,0.29975458
5291,-5.1993376,1.2502419,-0.7315153,-0.34149266,-0.26398459,-0.1422445,-0.67055744,5.1993376,5.1993376,0.06025574,0.69910809,-1.2502419,-5.1993376
5292,0.51349142,0.74635093,1.2640664,1.4181186,-1.0819398,0.62109893,-0.36687305,-5.1993376,-5.1993376,-0.65804298,0.69910809,0.85167519,-5.1993376
5293,-5.1993376,-1.1140325,-0.7315153,-0.18547963,-1.0819398,-5.1993376,0.25360621,5.1993376,-5.1993376,0.37628274,1.3781138,-0.17527843,-5.1993376
5294,1.4181186,-0.26268576,-0.1422445,-0.83912102,1.6022103,1.5843543,-0.36687305,-5.1993376,5.1993376,0.93779777,-5.1993376,0.71036555,1.5843543
5295,-5.1993376,-0.42660141,0.55253687,0.91467864,-1.0819398,-5.1993376,0.25360621,-5.1993376,-5.1993376,2.0151366,0.69910809,-0.17527843,-5.1993376
5296,-5.1993376,-1.3846283,-1.1644437,-0.72008693,0.63946185,-5.1993376,0.25360621,5.1993376,5.1993376,-0.45564031,1.3781138,-1.0230033,-5.1993376
5297,1.0230033,-1.7055704,0.2239158,-1.505747,-0.26398459,0.87535389,0.25360621,-5.1993376,-5.1993376,0.06025574,-1.1694007,-0.36553148,-5.1993376
5298,-5.1993376,0.94169982,0.11820414,0.57607489,-0.26398459,-5.1993376,0.25360621,5.1993376,-5.1993376,1.1163689,0.18547963,-0.57311539,0.2887499
5299,-5.1993376,-1.1768904,-5.1993376,-1.2529876,2.1440107,-0.1422445,-0.67055744,5.1993376,5.1993376,-0.45564031,-5.1993376,-0.17527843,-5.1993376
5300,-5.1993376,0.34948301,-0.1422445,0.21235277,-1.3219458,-5.1993376,0.25360621,-5.1993376,-5.1993376,1.1497418,1.3781138,0.85167519,2.2116895
5301,1.4181186,0.20209835,-0.7315153,-1.505747,1.6022103,1.0774455,0.89765526,5.1993376,5.1993376,0.14858402,-1.1694007,0.98561042,-5.1993376
5302,-5.1993376,-1.3100167,-0.7315153,-1.3684503,-2.0431151,-5.1993376,0.25360621,-5.1993376,5.1993376,-0.55985906,1.3781138,-0.36553148,-5.1993376
5303,0.51349142,-0.66116187,-1.3159579,-1.8179677,1.6022103,-0.1422445,1.2447784,5.1993376,-5.1993376,0.10810309,-1.1694007,0.29922973,1.0097369
5304,1.0230033,1.1047469,-5.1993376,-1.6590928,-1.7219141,1.5843543,-0.95943959,5.1993376,-5.1993376,0.45842568,-0.21363612,0.45146888,0.40199502
5305,1.0230033,-1.3813637,-0.7315153,-1.144896,-0.26398459,0.29660674,1.761948,5.1993376,-5.1993376,0.06025574,-5.1993376,0.29922973,-5.1993376
5306,-5.1993376,1.0552931,0.55253687,1.2640664,-0.26398459,-5.1993376,0.25360621,-5.1993376,-5.1993376,0.26658359,0.18547963,0.45146888,0.62839817
5307,-5.1993376,-0.12705243,0.55253687,1.358913,0.97546566,-0.1422445,-0.67055744,5.1993376,-5.1993376,-0.65804298,0.18547963,-0.57311539,0.38707768
5308,-5.1993376,0.035135151,1.649237,3.1773446,0.30448193,-5.1993376,0.25360621,-5.1993376,-5.1993376,-0.45564031,-0.21363612,-0.17527843,-5.1993376
5309,1.0230033,0.50349739,0.82669773,0.47100434,-0.26398459,1.5843543,-0.95943959,-5.1993376,-5.1993376,-0.45564031,-1.1694007,-0.79704409,-5.1993376
5310,2.1079532,-0.0050182959,0.91087287,-1.6590928,-1.3219458,1.5843543,0.96142934,5.1993376,5.1993376,-5.1993376,-0.60746322,0.29922973,-5.1993376
5311,-5.1993376,-0.42660141,0.55253687,1.2895781,-1.3219458,-5.1993376,0.25360621,5.1993376,-5.1993376,0.26658359,1.3781138,-1.873053,-5.1993376
5312,-5.1993376,1.6691125,1.2640664,0.71359852,-0.97143575,-5.1993376,0.25360621,5.1993376,-5.1993376,0.88830934,1.3781138,0.71036555,3.1045286
5313,0.51349142,-0.07534535,0.99791966,0.8196557,-0.69112102,-0.1422445,1.2447784,-5.1993376,5.1993376,0.953493,0.69910809,0.71036555,0.52446524
5314,-5.1993376,1.6949227,-5.1993376,-0.6150245,0.97546566,0.29660674,-1.1768904,5.1993376,-5.1993376,0.79360155,0.18547963,1.3494976,-5.1993376
5315,-5.1993376,0.48789301,0.91087287,0.0062728847,-0.26398459,-5.1993376,0.25360621,-5.1993376,5.1993376,-5.1993376,-0.60746322,0.14858402,0.30238005
5316,-5.1993376,0.79360155,-0.7315153,0.57607489,-0.26398459,0.29660674,-1.1768904,5.1993376,-5.1993376,0.22262957,-0.60746322,-0.57311539,-5.1993376
5317,-5.1993376,-0.17018472,-0.7315153,-0.39384742,-0.26398459,-5.1993376,0.25360621,5.1993376,5.1993376,-0.65804298,0.69910809,0.58052362,1.2464352
5318,1.0230033,0.17655256,0.11820414,0.43900121,-0.26398459,0.29660674,1.761948,5.1993376,5.1993376,0.324254,1.3781138,0.98561042,1.6896701
5319,-5.1993376,-0.8901723,-0.7315153,-0.6150245,-0.97143575,-5.1993376,0.25360621,5.1993376,-5.1993376,1.1669186,0.69910809,-0.001254569,-5.1993376
5320,-5.1993376,-0.14604751,0.2239158,0.36821529,1.3684503,-5.1993376,0.25360621,-5.1993376,5.1993376,-5.1993376,-0.60746322,1.9858764,0.22906446
5321,-5.1993376,2.0136714,-0.1422445,-0.56279634,0.97546566,-5.1993376,0.25360621,5.1993376,-5.1993376,-0.45564031,0.18547963,-1.873053,-5.1993376
5322,1.0230033,0.10557959,2.0965206,1.057485,0.63946185,0.62109893,0.96142934,-5.1993376,5.1993376,0.4307273,-0.60746322,0.71036555,0.76265502
5323,-5.1993376,0.95943959,-5.1993376,-0.83912102,0.63946185,1.0774455,-1.994971,5.1993376,-5.1993376,-0.55985906,0.18547963,2.617134,-5.1993376
5324,-5.1993376,0.39520352,-5.1993376,-2.1316816,0.30448193,1.2612822,-2.2111272,5.1993376,5.1993376,0.0062728847,-0.60746322,-1.0230033,-5.1993376
5325,-5.1993376,-0.20081806,0.2239158,0.32954771,-0.26398459,-5.1993376,0.25360621,5.1993376,5.1993376,0.88830934,1.3781138,-0.001254569,-5.1993376
5326,-5.1993376,2.5423492,-0.7315153,-0.39384742,0.63946185,-5.1993376,0.25360621,5.1993376,5.1993376,0.0062728847,0.18547963,0.29922973,-5.1993376
5327,1.4181186,0.42385485,0.2239158,0.29267606,-0.69112102,1.2612822,0.25360621,5.1993376,5.1993376,-0.22648938,-1.1694007,0.98561042,-5.1993376
5328,-5.1993376,0.025094008,-5.1993376,-1.6590928,1.2023467,0.62109893,-1.5215251,5.1993376,5.1993376,-0.45564031,-1.1694007,-0.17527843,-5.1993376
5329,1.0230033,1.4752694,-1.1644437,-0.6150245,-0.26398459,0.29660674,1.761948,5.1993376,5.1993376,0.51635627,0.69910809,0.29922973,0.67669113
5330,-5.1993376,-0.34415366,-0.1422445,0.13337869,-0.26398459,-5.1993376,0.25360621,5.1993376,-5.1993376,0.77314015,0.69910809,1.1140325,0.68476299
5331,-5.1993376,-0.70392179,-0.7315153,-0.66428721,0.97546566,0.87535389,-1.7986626,5.1993376,5.1993376,1.5542696,-0.60746322,1.8952593,0.82317161
5332,-5.1993376,-1.9769432,-0.7315153,-1.3684503,2.1440107,-0.1422445,-0.67055744,5.1993376,-5.1993376,-0.053972647,-5.1993376,1.2339616,-5.1993376
5333,0.51349142,1.2502419,-0.7315153,-0.089192496,-0.83733836,1.4354772,-1.3846283,5.1993376,5.1993376,0.88830934,0.18547963,-1.2502419,-5.1993376
5334,-5.1993376,-0.42660141,0.55253687,0.71359852,0.63946185,-5.1993376,0.25360621,5.1993376,-5.1993376,-0.92233022,0.69910809,0.29922973,-5.1993376
5335,-5.1993376,-0.07534535,0.11820414,0.71359852,-0.26398459,-5.1993376,0.25360621,5.1993376,5.1993376,0.77314015,-0.21363612,-1.0230033,0.99462629
5336,-5.1993376,1.7679033,1.2640664,1.2075323,-0.26398459,0.29660674,-1.1768904,-5.1993376,-5.1993376,-0.78332986,0.18547963,-2.1079532,-5.1993376
5337,-5.1993376,1.0640914,-0.1422445,0.0062728847,0.63946185,-5.1993376,0.25360621,5.1993376,5.1993376,0.40471681,-1.1694007,-0.57311539,-5.1993376
5338,-5.1993376,-0.25490199,-0.7315153,0.13337869,0.97546566,-0.1422445,-0.67055744,-5.1993376,-5.1993376,-0.78332986,-0.21363612,-0.001254569,-5.1993376
5339,-5.1993376,1.1768904,-0.43348197,-1.8179677,0.63946185,0.29660674,-1.1768904,-5.1993376,-5.1993376,-5.1993376,-0.60746322,-0.001254569,-5.1993376
5340,1.0230033,-1.761948,-0.7315153,-1.2529876,1.2023467,1.2612822,-0.42385485,5.1993376,5.1993376,-0.053972647,-1.1694007,0.58052362,-5.1993376
5341,-5.1993376,1.7679033,-5.1993376,-1.144896,0.63946185,-5.1993376,0.25360621,5.1993376,5.1993376,-5.1993376,0.18547963,0.29922973,-5.1993376
5342,-5.1993376,0.83912102,-0.7315153,-1.3684503,0.97546566,-0.1422445,-0.67055744,5.1993376,5.1993376,-1.0552931,0.18547963,-1.0230033,0.43273037
5343,-5.1993376,1.5459273,1.649237,2.4240455,-0.26398459,-0.1422445,-0.67055744,-5.1993376,5.1993376,0.10810309,-0.21363612,-0.57311539,-5.1993376
5344,-5.1993376,-0.97143575,-5.1993376,-0.83912102,-1.6299924,0.87535389,-1.7986626,5.1993376,5.1993376,-0.22648938,1.3781138,-1.2502419,-5.1993376
5345,-5.1993376,0.26138737,-0.7315153,0.0062728847,0.63946185,-5.1993376,0.25360621,5.1993376,5.1993376,-0.36017172,1.3781138,-1.873053,-5.1993376
5346,-5.1993376,0.86618925,-1.1644437,-2.5423492,0.30448193,-0.1422445,-0.67055744,-5.1993376,5.1993376,0.22262957,-1.1694007,-0.57311539,-5.1993376
5347,-5.1993376,-0.42660141,-0.7315153,-0.44869228,-1.3219458,-5.1993376,0.25360621,-5.1993376,-5.1993376,-0.36017172,1.3781138,-0.36553148,-5.1993376
5348,0.51349142,1.4532796,0.2239158,1.2895781,0.17400458,-0.1422445,1.2447784,5.1993376,5.1993376,-1.0552931,0.18547963,-0.001254569,-5.1993376
5349,-5.1993376,1.2502419,-0.7315153,-0.29005812,-0.83733836,-5.1993376,0.25360621,5.1993376,-5.1993376,-0.11441489,0.18547963,0.29922973,-5.1993376
5350,0.51349142,0.59693534,1.649237,1.0230033,-0.26398459,0.29660674,0.25360621,5.1993376,5.1993376,0.45842568,0.69910809,0.45146888,-5.1993376
5351,-5.1993376,0.37762969,0.55253687,0.78845531,0.63946185,0.29660674,-1.1768904,5.1993376,-5.1993376,0.58796385,0.18547963,0.29922973,0.63723932
5352,-5.1993376,1.0887225,1.649237,1.7055704,0.63946185,-5.1993376,0.25360621,5.1993376,-5.1993376,0.96742157,0.69910809,0.85167519,0.40199502
5353,1.4181186,1.2502419,0.55253687,0.13337869,-0.26398459,0.87535389,1.2447784,5.1993376,-5.1993376,0.62566982,-0.60746322,0.45146888,-5.1993376
5354,1.4181186,-0.6150245,-5.1993376,-0.39384742,-0.69112102,0.87535389,1.2447784,-5.1993376,-5.1993376,0.77314015,-0.21363612,-0.57311539,0.78657589
5355,-5.1993376,-1.3100167,-0.7315153,-2.1316816,-1.3219458,-0.1422445,-0.67055744,5.1993376,-5.1993376,0.18165198,1.3781138,-0.17527843,-5.1993376
5356,-5.1993376,-0.60595514,0.91087287,1.2366522,0.97546566,0.29660674,-1.1768904,5.1993376,5.1993376,1.5932188,-0.21363612,1.8312243,0.38167465
5357,-5.1993376,0.32161055,-0.7315153,-0.77822491,1.6022103,-0.1422445,-0.67055744,-5.1993376,5.1993376,-0.45564031,-1.1694007,-0.17527843,0.9127741
5358,-5.1993376,2.8778461,0.55253687,0.54088248,-1.3219458,-5.1993376,0.25360621,5.1993376,5.1993376,-0.65804298,0.69910809,-1.2502419,-5.1993376
5359,-5.1993376,-1.2612822,1.0841952,0.71359852,-0.26398459,-5.1993376,0.25360621,5.1993376,5.1993376,-0.053972647,-1.1694007,1.7560546,0.73973722
5360,-5.1993376,-0.97143575,-5.1993376,-0.90518882,-0.26398459,-5.1993376,0.25360621,5.1993376,-5.1993376,-0.45564031,0.69910809,0.85167519,-5.1993376
5361,2.1079532,-2.3602623,-0.1422445,0.0062728847,1.6022103,1.5843543,0.96142934,5.1993376,5.1993376,0.48930663,-1.1694007,0.58052362,-5.1993376
5362,1.7679033,-0.83200627,0.55253687,0.43900121,-0.69112102,1.9858764,-0.41426686,5.1993376,-5.1993376,0.77314015,1.3781138,-0.57311539,0.86300954
5363,-5.1993376,0.45424896,0.91087287,0.84987354,0.17400458,-5.1993376,0.25360621,5.1993376,5.1993376,-0.28744217,-0.21363612,-1.873053,0.64490201
5364,-5.1993376,2.2743805,0.55253687,1.6067551,-1.3219458,-5.1993376,0.25360621,5.1993376,5.1993376,-5.1993376,0.18547963,-1.0230033,-5.1993376
5365,0.51349142,1.0887225,-0.1422445,0.29267606,-0.26398459,-0.1422445,1.2447784,5.1993376,5.1993376,-1.0552931,0.18547963,-1.2502419,0.39151519
5366,-5.1993376,0.97344873,0.11820414,0.13337869,-0.69112102,-0.1422445,-0.67055744,-5.1993376,-5.1993376,0.10810309,-0.21363612,-0.36553148,0.73973722
5367,1.0230033,0.10557959,0.11820414,1.2895781,0.087932998,1.5843543,-0.95943959,-5.1993376,-5.1993376,-0.92233022,-0.21363612,-1.2502419,0.76807531
5368,-5.1993376,1.3716572,-0.7315153,-0.6150245,-0.26398459,-5.1993376,0.25360621,5.1993376,-5.1993376,-0.65804298,0.69910809,-1.4678604,1.4745021
5369,-5.1993376,-1.8188649,-0.7315153,-1.2529876,2.1440107,-5.1993376,0.25360621,5.1993376,5.1993376,-5.1993376,-1.1694007,-0.36553148,0.32028968
5370,1.4181186,0.75466427,1.649237,1.6299924,-0.26398459,0.62109893,2.1696941,5.1993376,5.1993376,1.0552931,-0.21363612,1.464186,1.29281
5371,1.4181186,0.016310116,-0.7315153,-2.2730524,0.63946185,1.2612822,0.25360621,-5.1993376,-5.1993376,-0.28744217,-1.1694007,-0.79704409,-5.1993376
5372,0.51349142,1.0887225,2.0965206,2.1696941,-0.83733836,0.87535389,-0.67055744,5.1993376,5.1993376,0.58796385,0.18547963,-0.36553148,0.75800423
5373,1.4181186,0.15873981,2.0965206,0.75299744,0.30448193,1.5843543,-0.36687305,-5.1993376,-5.1993376,-0.053972647,-0.21363612,-1.0230033,-5.1993376
5374,-5.1993376,-0.6150245,-0.48083942,-2.5423492,0.97546566,-5.1993376,0.25360621,5.1993376,5.1993376,1.5627215,-0.60746322,1.9858764,-5.1993376
5375,-5.1993376,-0.50777433,0.55253687,1.358913,-0.69112102,0.29660674,-1.1768904,-5.1993376,-5.1993376,1.0978448,1.3781138,0.71036555,1.1930399
5376,0.51349142,-0.68317781,0.55253687,-0.72008693,1.2023467,0.29660674,0.25360621,-5.1993376,-5.1993376,-1.0552931,-1.1694007,-0.57311539,-5.1993376
5377,0.51349142,-0.13591068,-5.1993376,-1.6590928,-0.26398459,0.87535389,-0.67055744,-5.1993376,5.1993376,-5.1993376,-5.1993376,-1.0230033,-5.1993376
5378,-5.1993376,0.51349142,0.55253687,-0.39384742,-0.26398459,0.29660674,-1.1768904,5.1993376,5.1993376,0.79360155,-0.21363612,-1.0230033,-5.1993376
5379,-5.1993376,0.30185479,-0.7315153,-0.6150245,-0.69112102,-0.1422445,-0.67055744,5.1993376,5.1993376,-5.1993376,0.69910809,-1.0230033,-5.1993376
5380,0.51349142,-0.95547144,1.401177,-1.9858764,0.30448193,1.4354772,-1.3846283,-5.1993376,-5.1993376,0.88830934,-0.60746322,0.14858402,1.3283472
5381,-5.1993376,0.46400712,1.649237,1.7679033,0.63946185,-0.1422445,-0.67055744,5.1993376,5.1993376,0.0062728847,-0.21363612,0.71036555,0.82317161
5382,0.51349142,-1.2420606,-0.1422445,-2.5423492,0.97546566,1.2612822,-1.1768904,5.1993376,-5.1993376,0.29791798,-1.1694007,-0.79704409,0.20556234
5383,0.51349142,-0.55253687,-0.1422445,0.092971849,-0.97143575,0.29660674,0.25360621,5.1993376,-5.1993376,0.10810309,-0.21363612,0.29922973,1.0840554
5384,0.51349142,-2.0331038,-5.1993376,-1.8179677,2.1440107,2.8778461,-2.8778461,5.1993376,5.1993376,-0.65804298,-1.1694007,0.14858402,0.25231085
5385,1.7679033,0.52930109,0.55253687,-1.059682,-0.26398459,1.0774455,1.5542696,5.1993376,-5.1993376,1.5627215,0.18547963,0.98561042,-5.1993376
5386,-5.1993376,0.20722283,0.2239158,1.3249577,0.17400458,-5.1993376,0.25360621,5.1993376,-5.1993376,-0.55985906,-0.21363612,1.464186,-5.1993376
5387,-5.1993376,-0.12705243,1.649237,0.25360621,-0.69112102,-0.1422445,-0.67055744,-5.1993376,5.1993376,0.29791798,-1.1694007,0.29922973,0.17906581
5388,-5.1993376,-0.52066149,-0.7315153,-0.34149266,0.63946185,-5.1993376,0.25360621,5.1993376,-5.1993376,0.51635627,1.3781138,0.14858402,0.42522773
5389,-5.1993376,0.19570018,-5.1993376,-0.90518882,0.63946185,-0.1422445,-0.67055744,5.1993376,5.1993376,-1.0552931,0.69910809,0.14858402,-5.1993376
5390,-5.1993376,0.61805886,-0.7315153,-0.39384742,0.97546566,1.2612822,-2.2111272,5.1993376,-5.1993376,0.48930663,-1.1694007,-0.57311539,0.23938016
5391,1.0230033,-0.77483284,-1.1644437,-1.3684503,3.3232414,1.0774455,-0.300542,5.1993376,-5.1993376,-0.92233022,-5.1993376,0.71036555,-5.1993376
5392,0.51349142,-1.4361036,-1.1644437,-1.8179677,2.1440107,1.2612822,-1.1768904,5.1993376,5.1993376,-1.0552931,-5.1993376,-0.36553148,-5.1993376
5393,-5.1993376,1.7679033,0.2239158,0.61199579,-0.26398459,-0.1422445,-0.67055744,5.1993376,-5.1993376,-0.11441489,0.69910809,-0.79704409,-5.1993376
5394,1.4181186,0.056485615,0.55253687,1.6299924,1.0955557,0.62109893,2.1696941,-5.1993376,5.1993376,0.92233022,-0.60746322,-0.17527843,-5.1993376
5395,0.51349142,-0.2239158,1.2640664,2.4401455,0.30448193,0.62109893,-0.36687305,5.1993376,5.1993376,0.90897492,0.18547963,1.2339616,0.2887499
5396,-5.1993376,0.8109099,0.99791966,1.1546147,-0.26398459,0.29660674,-1.1768904,-5.1993376,-5.1993376,2.0744446,0.18547963,1.464186,1.3978704
5397,1.7679033,-1.3526228,-0.1422445,0.0062728847,0.30448193,1.9858764,-0.41426686,5.1993376,5.1993376,1.4568958,0.69910809,0.71036555,-5.1993376
5398,-5.1993376,-1.8252481,1.649237,0.05146002,0.97546566,-5.1993376,0.25360621,5.1993376,-5.1993376,0.34948301,-1.1694007,0.14858402,-5.1993376
5399,0.51349142,-0.55253687,-0.7315153,-2.5423492,1.6022103,-0.1422445,1.2447784,-5.1993376,5.1993376,0.953493,-1.1694007,0.71036555,-5.1993376
5400,-5.1993376,0.18803291,-5.1993376,-1.505747,1.2023467,-0.1422445,-0.67055744,5.1993376,5.1993376,-5.1993376,-5.1993376,-0.57311539,-5.1993376
5401,-5.1993376,0.70714,1.649237,0.61199579,0.40471681,-5.1993376,0.25360621,-5.1993376,-5.1993376,-0.65804298,0.18547963,-0.79704409,-5.1993376
5402,-5.1993376,0.046435725,-1.3432866,-0.83912102,-1.7219141,-5.1993376,0.25360621,5.1993376,-5.1993376,-1.0552931,0.69910809,-1.4678604,-5.1993376
5403,-5.1993376,0.68001258,-0.7315153,-0.18547963,-0.26398459,-5.1993376,0.25360621,5.1993376,5.1993376,0.324254,0.18547963,-0.001254569,-5.1993376
5404,-5.1993376,-1.3041214,-0.1422445,0.21235277,0.63946185,-5.1993376,0.25360621,-5.1993376,5.1993376,-5.1993376,-0.60746322,0.14858402,0.27830169
5405,1.7679033,0.37762969,0.91087287,0.68001258,-0.26398459,1.0774455,1.5542696,-5.1993376,5.1993376,0.37628274,0.69910809,0.71036555,0.70231541
5406,0.51349142,0.23938016,0.82669773,0.64872442,0.30448193,0.62109893,-0.36687305,-5.1993376,-5.1993376,0.81440074,-0.60746322,-0.17527843,-5.1993376
5407,-5.1993376,0.83912102,-0.7315153,-0.23808933,-1.3219458,-5.1993376,0.25360621,5.1993376,-5.1993376,0.48930663,0.69910809,-2.1079532,1.0531063
5408,-5.1993376,0.49638952,-5.1993376,-1.9858764,2.1440107,-5.1993376,0.25360621,5.1993376,5.1993376,-0.78332986,-1.1694007,0.71036555,-5.1993376
5409,-5.1993376,-0.42660141,-5.1993376,-1.2529876,-0.26398459,-5.1993376,0.25360621,5.1993376,-5.1993376,0.14858402,0.69910809,-1.2502419,0.18642145
5410,-5.1993376,-0.55253687,0.11820414,-1.2529876,1.6022103,-0.1422445,-0.67055744,5.1993376,5.1993376,-5.1993376,-5.1993376,0.98561042,1.5843543
5411,0.51349142,-0.64408623,0.55253687,0.25360621,-0.83733836,-0.1422445,1.2447784,-5.1993376,-5.1993376,0.06025574,0.18547963,-1.2502419,0.33834917
5412,-5.1993376,-0.13591068,-1.1644437,-1.144896,1.7986626,-0.1422445,-0.67055744,5.1993376,5.1993376,0.0062728847,-1.1694007,-0.57311539,-5.1993376
5413,-5.1993376,-1.0336468,0.2239158,0.57607489,0.97546566,-0.1422445,-0.67055744,5.1993376,-5.1993376,0.60897269,-1.1694007,0.14858402,-5.1993376
5414,-5.1993376,0.51349142,-0.38978343,0.29267606,0.63946185,-5.1993376,0.25360621,5.1993376,-5.1993376,0.72334253,1.3781138,0.14858402,0.4403831
5415,0.51349142,-0.82317161,-0.1422445,0.0062728847,-0.26398459,0.29660674,0.25360621,5.1993376,5.1993376,0.0062728847,0.69910809,0.14858402,-5.1993376
5416,-5.1993376,1.5376912,-0.7315153,-0.50492201,0.63946185,0.29660674,-1.1768904,5.1993376,5.1993376,0.22262957,0.18547963,-1.6691125,0.26528387
5417,-5.1993376,1.3070634,-0.1422445,0.05146002,-0.26398459,-0.1422445,-0.67055744,5.1993376,-5.1993376,-0.65804298,0.69910809,-1.6691125,-5.1993376
5418,-5.1993376,0.9165865,-0.1422445,-0.089192496,0.97546566,-5.1993376,0.25360621,-5.1993376,-5.1993376,0.56132709,0.18547963,-0.36553148,-5.1993376
5419,1.0230033,0.46400712,-5.1993376,-1.144896,-0.69112102,0.87535389,0.25360621,5.1993376,-5.1993376,0.48930663,2.1196682,1.6590928,0.90431857
5420,-5.1993376,-0.23292993,-0.7315153,-0.66428721,0.63946185,-5.1993376,0.25360621,5.1993376,-5.1993376,1.358913,1.3781138,-0.57311539,-5.1993376
5421,-5.1993376,1.0640914,0.11820414,0.95151828,-0.26398459,-5.1993376,0.25360621,-5.1993376,5.1993376,-5.1993376,0.18547963,-0.001254569,0.52319219
5422,-5.1993376,-0.60595514,-5.1993376,-1.059682,1.6022103,-5.1993376,0.25360621,5.1993376,5.1993376,-5.1993376,-1.1694007,-1.2502419,-5.1993376
5423,-5.1993376,0.5642668,0.2239158,0.71359852,-0.26398459,-5.1993376,0.25360621,5.1993376,-5.1993376,0.06025574,-0.21363612,0.85167519,-5.1993376
5424,-5.1993376,0.86618925,-0.1422445,0.36821529,-0.69112102,-5.1993376,0.25360621,5.1993376,-5.1993376,-1.0552931,-0.21363612,-0.57311539,0.40199502
5425,-5.1993376,1.7679033,-0.1422445,0.0062728847,-0.26398459,-5.1993376,0.25360621,5.1993376,5.1993376,-5.1993376,0.69910809,-0.57311539,-5.1993376
5426,0.51349142,-1.2206403,-0.7315153,-0.72008693,1.3684503,-0.1422445,1.2447784,5.1993376,-5.1993376,2.2954352,-0.60746322,1.8312243,1.1132844
5427,-5.1993376,-0.07534535,-0.7315153,-0.041412601,-0.26398459,-5.1993376,0.25360621,5.1993376,5.1993376,-0.053972647,1.3781138,-1.4678604,-5.1993376
5428,0.51349142,1.2924649,-0.1422445,-0.44869228,-0.26398459,0.29660674,0.25360621,5.1993376,5.1993376,-0.22648938,0.18547963,1.3494976,-5.1993376
5429,-5.1993376,-0.11820414,-0.7315153,0.05146002,-1.8114574,-0.1422445,-0.67055744,5.1993376,5.1993376,-5.1993376,2.1196682,-2.1079532,-5.1993376
5430,-5.1993376,-1.1140325,-0.7315153,-0.18547963,-1.0819398,-5.1993376,0.25360621,5.1993376,-5.1993376,-1.0552931,1.3781138,-0.36553148,1.2127505
5431,1.0230033,-0.72171378,-0.7315153,0.092971849,0.63946185,0.62109893,0.96142934,5.1993376,-5.1993376,0.51635627,-0.60746322,0.85167519,-5.1993376
5432,-5.1993376,0.73315571,-0.7315153,-0.72008693,-0.26398459,-0.1422445,-0.67055744,5.1993376,-5.1993376,0.14858402,0.18547963,-0.36553148,-5.1993376
5433,0.51349142,-0.85167519,0.55253687,1.4568958,0.30448193,0.29660674,0.25360621,-5.1993376,5.1993376,-0.78332986,-0.21363612,-0.36553148,0.80608911
5434,0.51349142,-0.42660141,0.55253687,1.1794018,-1.0819398,-0.1422445,1.2447784,5.1993376,5.1993376,0.58796385,0.69910809,0.98561042,1.416166
5435,0.51349142,-0.87904038,1.4461036,0.32954771,0.30448193,1.4354772,-1.3846283,-5.1993376,-5.1993376,-0.55985906,-1.1694007,-0.36553148,-5.1993376
5436,-5.1993376,0.087932998,0.82669773,1.2895781,-0.26398459,-5.1993376,0.25360621,5.1993376,-5.1993376,-0.45564031,-0.21363612,-0.36553148,1.1179025
5437,1.0230033,0.32161055,1.0841952,0.68001258,1.0955557,0.87535389,0.25360621,5.1993376,5.1993376,0.64100179,-0.60746322,0.45146888,-5.1993376
5438,0.51349142,0.66741904,1.649237,1.7679033,-0.26398459,0.29660674,0.25360621,5.1993376,5.1993376,0.75800423,0.69910809,0.45146888,0.71142377
5439,-5.1993376,0.43210422,0.91087287,1.3879077,0.17400458,-5.1993376,0.25360621,-5.1993376,5.1993376,-0.053972647,-0.21363612,-1.0230033,1.0707446
5440,1.0230033,0.79360155,-5.1993376,-0.72008693,0.63946185,0.62109893,0.96142934,5.1993376,5.1993376,1.0685216,-0.21363612,0.58052362,-5.1993376
5441,1.4181186,1.2724784,0.99791966,0.91467864,-0.26398459,0.87535389,1.2447784,5.1993376,-5.1993376,1.0978448,0.69910809,0.29922973,-5.1993376
5442,-5.1993376,-1.3310177,0.55253687,-0.041412601,1.3684503,1.4354772,-2.3863399,5.1993376,-5.1993376,-0.45564031,-1.1694007,-0.79704409,-5.1993376
5443,-5.1993376,-1.4827602,-0.7315153,-0.39384742,0.63946185,-0.1422445,-0.67055744,5.1993376,-5.1993376,1.2393519,0.69910809,0.71036555,-5.1993376
5444,-5.1993376,-2.0071492,-0.1422445,-0.98357337,1.3684503,-5.1993376,0.25360621,5.1993376,-5.1993376,2.1196682,-1.1694007,0.85167519,1.6541448
5445,2.1079532,-0.028859086,-0.1422445,0.17400458,0.97546566,1.5843543,0.96142934,5.1993376,-5.1993376,-0.17018472,0.18547963,0.58052362,-5.1993376
5446,0.51349142,-0.036390523,-1.1644437,-0.72008693,-0.97143575,-0.1422445,1.2447784,5.1993376,-5.1993376,0.45842568,0.69910809,0.29922973,0.3735909
5447,1.0230033,1.3978365,-5.1993376,-0.98357337,-2.0431151,0.62109893,0.96142934,5.1993376,-5.1993376,0.56132709,1.3781138,-0.57311539,0.58817447
5448,-5.1993376,-0.028859086,0.91087287,1.358913,0.30448193,0.29660674,-1.1768904,-5.1993376,-5.1993376,0.45842568,-0.21363612,-0.36553148,-5.1993376
5449,-5.1993376,1.4903351,0.2239158,0.57607489,-0.26398459,-5.1993376,0.25360621,5.1993376,5.1993376,-5.1993376,0.69910809,-1.2502419,-5.1993376
5450,1.0230033,-0.18165198,1.1912208,1.2366522,0.30448193,0.87535389,0.25360621,-5.1993376,-5.1993376,0.7413876,-0.21363612,-0.36553148,-5.1993376
5451,-5.1993376,-0.036390523,-0.1422445,0.32954771,-1.3219458,-5.1993376,0.25360621,5.1993376,5.1993376,0.40471681,1.3781138,-0.001254569,0.95151828
5452,-5.1993376,-1.3652574,-1.1644437,-2.5423492,0.63946185,-5.1993376,0.25360621,5.1993376,5.1993376,0.72334253,1.3781138,-1.873053,1.0315088
5453,-5.1993376,-1.0082941,0.55253687,-0.66428721,-0.26398459,0.29660674,-1.1768904,5.1993376,-5.1993376,-0.78332986,-1.1694007,-0.17527843,0.20081806
5454,-5.1993376,1.1768904,-0.1422445,0.43900121,-2.0431151,-5.1993376,0.25360621,-5.1993376,-5.1993376,-0.28744217,0.69910809,-1.0230033,0.40199502
5455,0.51349142,0.064026723,-1.1644437,-1.6590928,2.9674304,0.29660674,0.25360621,5.1993376,5.1993376,-5.1993376,-5.1993376,1.1140325,-5.1993376
5456,1.4181186,-0.058998939,1.3620783,1.4903351,0.63946185,1.9858764,-0.95151828,-5.1993376,-5.1993376,0.34948301,-1.1694007,-0.17527843,-5.1993376
5457,0.51349142,-0.095492152,-1.1644437,-0.90518882,0.17400458,0.87535389,-0.67055744,5.1993376,5.1993376,0.34948301,-0.21363612,-0.001254569,0.88366567
5458,1.7679033,-0.86436505,-0.7315153,-1.505747,1.6022103,2.1696941,-0.67055744,5.1993376,-5.1993376,1.3189459,-5.1993376,1.8312243,0.9127741
5459,-5.1993376,0.59693534,-0.7315153,-0.23808933,0.63946185,-5.1993376,0.25360621,5.1993376,-5.1993376,-0.45564031,1.3781138,0.85167519,0.7315153
5460,0.51349142,-0.13591068,0.55253687,0.25360621,0.63946185,0.62109893,-0.36687305,-5.1993376,5.1993376,0.88830934,-0.21363612,-0.17527843,0.16001041
5461,-5.1993376,-0.25490199,0.55253687,1.0230033,-0.26398459,-5.1993376,0.25360621,5.1993376,5.1993376,0.77314015,-0.21363612,0.14858402,0.43587483
5462,1.0230033,-0.36017172,0.2239158,0.17400458,1.2023467,0.62109893,0.96142934,5.1993376,5.1993376,0.68159434,-0.60746322,0.45146888,-5.1993376
5463,-5.1993376,-0.17018472,-5.1993376,-0.29005812,0.97546566,0.29660674,-1.1768904,5.1993376,5.1993376,-0.053972647,-0.21363612,-0.57311539,-5.1993376
5464,1.0230033,0.66741904,-1.3432866,-0.98357337,1.3684503,0.62109893,0.96142934,5.1993376,5.1993376,-5.1993376,-0.60746322,0.58052362,-5.1993376
5465,-5.1993376,0.70714,0.55253687,0.54088248,-0.26398459,-5.1993376,0.25360621,5.1993376,-5.1993376,0.0062728847,0.18547963,1.7560546,1.0018553
5466,-5.1993376,-1.2982711,-0.1422445,-0.6150245,-0.26398459,-0.1422445,-0.67055744,-5.1993376,5.1993376,-0.36017172,-1.1694007,-1.0230033,-5.1993376
5467,-5.1993376,-1.4361036,-0.1422445,-1.505747,1.8379752,-0.1422445,-0.67055744,5.1993376,5.1993376,-5.1993376,-1.1694007,-0.36553148,-5.1993376
5468,-5.1993376,-0.0050182959,-0.1422445,0.25360621,-1.8114574,-0.1422445,-0.67055744,5.1993376,-5.1993376,0.48930663,2.1196682,-2.8067115,-5.1993376
5469,-5.1993376,-0.036390523,-0.7315153,-0.041412601,-0.83733836,-5.1993376,0.25360621,5.1993376,-5.1993376,0.62566982,1.3781138,2.0965206,0.66781525
5470,-5.1993376,1.1768904,-0.7315153,-0.089192496,1.2023467,-5.1993376,0.25360621,5.1993376,5.1993376,-5.1993376,-0.60746322,-0.79704409,-5.1993376
5471,-5.1993376,0.21620388,-0.1422445,0.092971849,0.63946185,-5.1993376,0.25360621,5.1993376,5.1993376,-0.45564031,0.69910809,-1.6691125,-5.1993376
5472,-5.1993376,-5.1993376,-5.1993376,-1.059682,2.1440107,-0.1422445,-0.67055744,5.1993376,-5.1993376,-5.1993376,-1.1694007,-0.36553148,-5.1993376
5473,-5.1993376,5.1993376,-0.7315153,-0.72008693,-0.97143575,-5.1993376,0.25360621,5.1993376,5.1993376,-5.1993376,0.69910809,-1.6691125,-5.1993376
5474,-5.1993376,-1.3219458,-5.1993376,-0.66428721,-1.3219458,-0.1422445,-0.67055744,-5.1993376,5.1993376,1.3189459,1.3781138,0.14858402,-5.1993376
5475,-5.1993376,0.63485111,-0.1422445,-0.18547963,-0.26398459,-5.1993376,0.25360621,-5.1993376,-5.1993376,-1.0552931,-0.21363612,-0.001254569,-5.1993376
5476,-5.1993376,-1.0336468,-0.1422445,0.32954771,0.63946185,-5.1993376,0.25360621,5.1993376,5.1993376,0.82846465,1.3781138,0.58052362,-5.1993376
5477,-5.1993376,-0.18931001,-0.7315153,-0.83912102,0.97546566,-0.1422445,-0.67055744,5.1993376,-5.1993376,0.22262957,-1.1694007,0.85167519,-5.1993376
5478,-5.1993376,-0.28482819,0.55253687,-0.6150245,0.17400458,0.29660674,-1.1768904,-5.1993376,-5.1993376,-0.78332986,-1.1694007,-0.36553148,-5.1993376
5479,0.51349142,1.1644437,1.2640664,0.36821529,-0.69112102,-0.1422445,1.2447784,-5.1993376,-5.1993376,-0.92233022,0.18547963,-0.79704409,1.0857591
5480,-5.1993376,-0.1625524,-0.7315153,-0.72008693,0.63946185,1.0774455,-1.994971,-5.1993376,-5.1993376,0.0062728847,-1.1694007,-0.36553148,-5.1993376
5481,-5.1993376,0.59693534,-0.1422445,-0.23808933,-1.3219458,-5.1993376,0.25360621,-5.1993376,-5.1993376,0.10810309,0.69910809,-1.4678604,0.718462
5482,1.0230033,-0.77483284,1.0841952,0.88088812,0.40471681,0.62109893,0.96142934,-5.1993376,5.1993376,-0.45564031,-0.60746322,0.45146888,0.84610318
5483,0.51349142,0.17655256,1.649237,2.3042291,-0.97143575,-0.1422445,1.2447784,5.1993376,5.1993376,1.1946284,2.1196682,0.71036555,1.2544436
5484,0.51349142,0.29005812,-0.43348197,-0.23808933,0.63946185,-0.1422445,1.2447784,-5.1993376,-5.1993376,0.18165198,-0.21363612,-0.79704409,-5.1993376
5485,-5.1993376,-0.42660141,-0.43348197,-0.50492201,-0.83733836,0.62109893,-1.5215251,5.1993376,-5.1993376,-0.45564031,0.69910809,-0.79704409,0.5254408
5486,-5.1993376,-0.58498388,-0.7315153,-0.18547963,-1.3219458,-5.1993376,0.25360621,5.1993376,-5.1993376,-0.55985906,1.3781138,-0.36553148,0.32028968
5487,-5.1993376,-1.4827602,-1.1644437,-0.72008693,-0.26398459,-5.1993376,0.25360621,5.1993376,-5.1993376,-0.55985906,0.69910809,-1.873053,-5.1993376
5488,-5.1993376,-1.6421406,-1.1644437,-0.041412601,1.8658521,-0.1422445,-0.67055744,-5.1993376,5.1993376,-1.0552931,-0.60746322,-0.57311539,-5.1993376
5489,-5.1993376,-1.3310177,0.55253687,0.95151828,0.63946185,-5.1993376,0.25360621,5.1993376,5.1993376,0.79360155,0.18547963,-0.001254569,-5.1993376
5490,-5.1993376,-1.5770612,1.2640664,0.40607882,0.97546566,-0.1422445,-0.67055744,-5.1993376,5.1993376,0.22262957,-1.1694007,1.7560546,-5.1993376
5491,1.0230033,-0.84448508,0.55253687,0.91467864,0.63946185,0.62109893,0.96142934,5.1993376,-5.1993376,-0.92233022,0.69910809,-1.2502419,-5.1993376
5492,0.51349142,-0.81265408,0.55253687,-0.6150245,-0.26398459,0.29660674,0.25360621,5.1993376,-5.1993376,1.1570615,-0.60746322,0.45146888,2.037387
5493,-5.1993376,2.4085504,-0.1422445,1.0230033,-2.0431151,-5.1993376,0.25360621,5.1993376,5.1993376,-0.053972647,0.18547963,0.71036555,1.0775549
5494,1.4181186,-0.29529601,-1.1644437,0.29267606,0.17400458,2.0853556,-0.98765156,5.1993376,5.1993376,0.37628274,-0.21363612,-0.17527843,0.920976
5495,-5.1993376,1.5627215,0.55253687,0.8196557,0.63946185,-5.1993376,0.25360621,5.1993376,5.1993376,-5.1993376,0.18547963,-0.36553148,-5.1993376
5496,-5.1993376,-0.028859086,-5.1993376,-1.8179677,-0.69112102,-5.1993376,0.25360621,-5.1993376,-5.1993376,0.48930663,-0.21363612,-1.0230033,0.28701678
5497,0.51349142,1.1497418,1.0841952,1.358913,-0.83733836,-0.1422445,1.2447784,5.1993376,-5.1993376,0.90897492,0.18547963,1.3494976,-5.1993376
5498,-5.1993376,-0.66116187,-0.1422445,0.47100434,0.63946185,-0.1422445,-0.67055744,-5.1993376,-5.1993376,-0.17018472,-0.60746322,-0.17527843,-5.1993376
5499,-5.1993376,0.83023416,-0.1422445,-0.089192496,0.63946185,-5.1993376,0.25360621,5.1993376,-5.1993376,-0.053972647,0.69910809,2.0965206,0.49213682
5500,1.7679033,0.19570018,-5.1993376,-0.72008693,-1.3219458,1.0774455,1.5542696,5.1993376,-5.1993376,-0.78332986,-0.21363612,0.85167519,-5.1993376
5501,-5.1993376,-0.42660141,-0.1422445,0.25360621,0.63946185,-0.1422445,-0.67055744,5.1993376,5.1993376,0.65804298,1.3781138,0.14858402,-5.1993376
5502,-5.1993376,0.33485067,1.2640664,0.54088248,-0.26398459,-5.1993376,0.25360621,-5.1993376,5.1993376,0.79360155,0.18547963,-0.001254569,0.44682355
5503,-5.1993376,-1.6372016,-0.7315153,-0.44869228,0.63946185,-5.1993376,0.25360621,5.1993376,5.1993376,-5.1993376,0.69910809,-0.001254569,-5.1993376
5504,-5.1993376,0.025094008,0.55253687,1.1794018,0.30448193,-0.1422445,-0.67055744,5.1993376,-5.1993376,0.0062728847,-0.60746322,-0.36553148,0.66530619
5505,0.51349142,0.34948301,-5.1993376,-1.6590928,1.6022103,0.29660674,0.25360621,5.1993376,5.1993376,-5.1993376,-0.60746322,-1.873053,-5.1993376
5506,-5.1993376,0.99174625,0.2239158,0.50492201,-0.83733836,-5.1993376,0.25360621,5.1993376,5.1993376,-0.45564031,0.18547963,0.85167519,-5.1993376
5507,-5.1993376,-0.42660141,0.55253687,0.71359852,0.63946185,-5.1993376,0.25360621,5.1993376,-5.1993376,0.56132709,0.69910809,0.45146888,0.72870773
5508,2.483413,-1.057485,0.55253687,1.6299924,0.63946185,2.8778461,-1.0145711,-5.1993376,-5.1993376,-0.65804298,-0.21363612,0.29922973,0.42132667
5509,1.4181186,-0.046435725,-5.1993376,-1.9858764,-0.83733836,1.0774455,0.89765526,5.1993376,-5.1993376,0.64100179,-0.60746322,-1.2502419,-5.1993376
5510,1.0230033,0.86618925,-0.1422445,-0.34149266,0.17400458,0.29660674,1.761948,-5.1993376,-5.1993376,2.0819877,0.18547963,0.45146888,1.5231238
5511,0.51349142,-1.215372,0.2239158,-0.66428721,-0.26398459,0.29660674,0.25360621,-5.1993376,-5.1993376,-0.65804298,-0.21363612,-0.36553148,-5.1993376
5512,0.51349142,0.57607489,1.649237,1.4568958,-0.26398459,-0.1422445,1.2447784,5.1993376,-5.1993376,0.06025574,0.18547963,-0.57311539,-5.1993376
5513,-5.1993376,0.90330062,0.55253687,2.617134,-0.83733836,0.29660674,-1.1768904,5.1993376,-5.1993376,-0.45564031,0.18547963,0.45146888,-5.1993376
5514,-5.1993376,0.90330062,0.2239158,0.36821529,0.30448193,-0.1422445,-0.67055744,-5.1993376,5.1993376,-0.053972647,-0.60746322,-0.57311539,-5.1993376
5515,-5.1993376,1.0962016,-5.1993376,-1.2529876,-1.3219458,-5.1993376,0.25360621,5.1993376,5.1993376,-0.45564031,0.69910809,-1.2502419,0.64254324
5516,0.51349142,0.056485615,1.649237,1.8952593,-0.26398459,-0.1422445,1.2447784,5.1993376,5.1993376,-5.1993376,-0.21363612,0.14858402,-5.1993376
5517,0.51349142,0.11820414,0.2239158,-1.059682,1.6022103,-0.1422445,1.2447784,-5.1993376,5.1993376,0.98969684,-5.1993376,-0.17527843,0.54670039
5518,-5.1993376,-0.42660141,-1.1644437,-0.83912102,-0.69112102,-5.1993376,0.25360621,-5.1993376,-5.1993376,0.29791798,1.3781138,-1.6691125,-5.1993376
5519,-5.1993376,-1.2053021,-0.1422445,1.0909946,0.63946185,-0.1422445,-0.67055744,-5.1993376,-5.1993376,0.14858402,-0.60746322,-0.17527843,-5.1993376
5520,1.0230033,1.7679033,0.91087287,2.2567448,-0.69112102,0.62109893,0.96142934,5.1993376,-5.1993376,-1.0552931,0.18547963,-2.1079532,-5.1993376
5521,-5.1993376,-1.1140325,-0.7315153,-0.83912102,0.63946185,-5.1993376,0.25360621,5.1993376,5.1993376,-5.1993376,0.69910809,0.29922973,-5.1993376
5522,-5.1993376,-0.6150245,0.91087287,1.0230033,0.087932998,0.29660674,-1.1768904,-5.1993376,-5.1993376,0.10810309,-0.21363612,-1.0230033,0.69191774
5523,-5.1993376,-1.4045331,-0.7315153,-0.39384742,1.3684503,-0.1422445,-0.67055744,5.1993376,5.1993376,-0.65804298,-0.60746322,-0.79704409,-5.1993376
5524,0.51349142,1.4319709,1.649237,-0.089192496,-1.3219458,0.62109893,-0.36687305,5.1993376,5.1993376,-5.1993376,0.18547963,0.29922973,1.5198657
5525,-5.1993376,-0.42660141,-0.1422445,0.25360621,0.30448193,-5.1993376,0.25360621,5.1993376,-5.1993376,-0.65804298,0.69910809,-0.36553148,1.0707446
5526,-5.1993376,-0.42660141,-0.1422445,0.54088248,-0.26398459,-5.1993376,0.25360621,5.1993376,-5.1993376,-0.55985906,1.3781138,-0.001254569,-5.1993376
5527,1.7679033,-0.80569207,-0.1422445,-0.90518882,0.30448193,0.87535389,2.5423492,5.1993376,-5.1993376,1.5627215,-0.21363612,0.14858402,1.4366255
5528,1.4181186,0.62872436,0.91087287,0.91467864,-0.83733836,1.4354772,-0.28091085,5.1993376,-5.1993376,0.72334253,0.69910809,0.58052362,0.89929198
5529,-5.1993376,-0.74635093,0.2239158,-0.56279634,-0.26398459,-0.1422445,-0.67055744,-5.1993376,-5.1993376,-0.28744217,-1.1694007,-0.001254569,1.0574846
5530,0.51349142,-0.98561042,-0.7315153,0.092971849,-0.69112102,-0.1422445,1.2447784,5.1993376,-5.1993376,0.26658359,1.3781138,-1.4678604,-5.1993376
5531,1.0230033,-1.4678604,-1.1644437,-0.34149266,1.6022103,1.8803524,-1.1768904,5.1993376,-5.1993376,1.6031761,-1.1694007,0.71036555,1.1258265
5532,5.1993376,-0.12705243,1.401177,0.50492201,-0.69112102,1.7444475,2.3652476,5.1993376,-5.1993376,1.0978448,-0.21363612,0.29922973,-5.1993376
5533,-5.1993376,0.55107599,1.0841952,0.95151828,0.97546566,0.87535389,-1.7986626,5.1993376,-5.1993376,1.9105996,-0.21363612,0.85167519,2.4230376
5534,-5.1993376,-0.31237604,2.4320167,-1.059682,-1.3219458,-0.1422445,-0.67055744,5.1993376,-5.1993376,1.5097242,-0.60746322,2.3076067,2.4893771
5535,-5.1993376,-0.86436505,-0.1422445,0.40607882,0.63946185,-5.1993376,0.25360621,5.1993376,-5.1993376,0.81440074,1.3781138,-0.36553148,-5.1993376
5536,-5.1993376,-2.2594521,-5.1993376,-2.5423492,1.6022103,0.62109893,-1.5215251,-5.1993376,-5.1993376,0.8570968,-1.1694007,-0.57311539,-5.1993376
5537,1.0230033,0.14731565,0.91087287,0.25360621,0.30448193,0.62109893,0.96142934,-5.1993376,5.1993376,0.22262957,-1.1694007,-0.79704409,-5.1993376
5538,-5.1993376,-0.23292993,-0.7315153,-0.56279634,2.1440107,-5.1993376,0.25360621,-5.1993376,5.1993376,-0.92233022,-1.1694007,0.14858402,-5.1993376
5539,-5.1993376,-0.42660141,1.0841952,1.0909946,0.087932998,-5.1993376,0.25360621,-5.1993376,-5.1993376,-0.92233022,0.69910809,-1.873053,1.0422507
5540,0.51349142,-0.78162595,-0.7315153,-2.5423492,0.63946185,-0.1422445,1.2447784,5.1993376,5.1993376,-5.1993376,1.3781138,-0.79704409,-5.1993376
5541,-5.1993376,0.17655256,0.55253687,0.84987354,-0.97143575,-5.1993376,0.25360621,5.1993376,-5.1993376,0.40471681,0.69910809,1.6590928,-5.1993376
5542,0.51349142,0.17655256,-5.1993376,-1.505747,0.97546566,-0.1422445,1.2447784,5.1993376,5.1993376,-5.1993376,0.18547963,-0.001254569,-5.1993376
5543,-5.1993376,-0.0050182959,1.401177,0.43900121,-0.26398459,-0.1422445,-0.67055744,-5.1993376,-5.1993376,0.953493,-0.21363612,-0.57311539,2.2032255
5544,-5.1993376,-0.58498388,0.91087287,1.2366522,0.17400458,-5.1993376,0.25360621,5.1993376,-5.1993376,1.5376912,-0.21363612,0.85167519,1.2443545
5545,0.51349142,-1.1140325,-0.1422445,0.47100434,-0.26398459,0.87535389,-0.67055744,5.1993376,-5.1993376,0.51635627,1.3781138,0.98561042,2.1832294
5546,-5.1993376,0.86618925,0.13745007,0.64872442,-0.26398459,-0.1422445,-0.67055744,-5.1993376,-5.1993376,0.7413876,-0.60746322,0.45146888,1.1495172
5547,0.51349142,0.66741904,0.55253687,0.98561042,-0.97143575,-0.1422445,1.2447784,-5.1993376,5.1993376,0.60897269,0.69910809,-0.79704409,-5.1993376
5548,-5.1993376,0.47661874,0.91087287,0.40607882,-0.26398459,-5.1993376,0.25360621,5.1993376,-5.1993376,1.2393519,0.18547963,0.98561042,-5.1993376
5549,-5.1993376,-0.046435725,0.55253687,0.78845531,0.30448193,-5.1993376,0.25360621,5.1993376,-5.1993376,-0.78332986,0.69910809,0.98561042,0.40199502
5550,-5.1993376,0.65648594,-0.7315153,-1.2529876,1.6022103,0.29660674,-1.1768904,5.1993376,5.1993376,-5.1993376,-5.1993376,0.14858402,-5.1993376
5551,-5.1993376,-1.6640817,-5.1993376,-1.505747,2.1440107,0.29660674,-1.1768904,5.1993376,5.1993376,-5.1993376,-1.1694007,1.2339616,-5.1993376
5552,0.51349142,-0.42660141,-5.1993376,-1.2529876,-1.6299924,1.0774455,-0.98765156,5.1993376,-5.1993376,0.4307273,1.3781138,-0.79704409,1.3463856
5553,-5.1993376,-0.79188381,1.2640664,0.092971849,-0.26398459,-0.1422445,-0.67055744,-5.1993376,-5.1993376,0.29791798,-0.21363612,0.58052362,1.4568958
5554,1.0230033,-2.2286301,-0.7315153,-1.505747,0.63946185,1.4354772,-0.67055744,5.1993376,-5.1993376,0.06025574,-1.1694007,1.2339616,0.40199502
5555,-5.1993376,-0.067798615,-0.1422445,-1.3684503,0.63946185,-0.1422445,-0.67055744,-5.1993376,-5.1993376,1.2023467,-1.1694007,0.29922973,-5.1993376
5556,0.51349142,-1.634747,-0.1422445,-0.50492201,0.40471681,-0.1422445,1.2447784,5.1993376,5.1993376,1.3189459,-1.1694007,-0.001254569,2.6151308
5557,0.51349142,-0.68317781,-0.43348197,0.25360621,0.63946185,0.29660674,0.25360621,5.1993376,-5.1993376,-0.053972647,-0.21363612,0.85167519,0.92144183
5558,-5.1993376,0.8552868,0.55253687,0.98561042,-1.3219458,0.29660674,-1.1768904,5.1993376,5.1993376,0.18165198,0.69910809,0.85167519,1.6348357
5559,-5.1993376,0.23938016,0.91087287,0.71359852,0.63946185,-5.1993376,0.25360621,5.1993376,5.1993376,-0.28744217,0.69910809,1.1140325,-5.1993376
5560,1.0230033,-0.18931001,-0.48648036,0.29267606,0.17400458,1.5843543,-0.95943959,-5.1993376,-5.1993376,-0.053972647,-0.21363612,-1.2502419,0.82317161
5561,0.51349142,0.90330062,-0.7315153,-0.34149266,-0.26398459,0.29660674,0.25360621,5.1993376,-5.1993376,0.10810309,0.18547963,-0.36553148,0.55985906
5562,-5.1993376,-0.17018472,-0.1422445,-0.18547963,-1.3219458,-5.1993376,0.25360621,5.1993376,5.1993376,-5.1993376,0.69910809,0.45146888,-5.1993376
5563,-5.1993376,-1.2475055,-1.1644437,-1.6590928,1.2023467,0.29660674,-1.1768904,5.1993376,5.1993376,-0.92233022,-1.1694007,-1.0230033,-5.1993376
5564,-5.1993376,1.4532796,-0.1422445,0.21235277,-0.26398459,-0.1422445,-0.67055744,5.1993376,5.1993376,-0.053972647,0.69910809,-0.36553148,-5.1993376
5565,-5.1993376,0.11820414,0.55253687,0.75299744,-0.26398459,0.29660674,-1.1768904,5.1993376,5.1993376,0.10810309,-1.1694007,0.14858402,-5.1993376
5566,-5.1993376,-0.52066149,1.649237,1.358913,0.17400458,-0.1422445,-0.67055744,5.1993376,-5.1993376,-0.92233022,-0.21363612,0.45146888,0.24307221
5567,-5.1993376,-1.6067551,2.0965206,-0.77822491,0.30448193,-5.1993376,0.25360621,-5.1993376,5.1993376,1.5542696,-1.1694007,0.45146888,2.5122499
5568,-5.1993376,-1.4605312,-5.1993376,-2.1316816,-1.3219458,0.29660674,-1.1768904,5.1993376,5.1993376,1.0841952,1.3781138,-0.36553148,-5.1993376
5569,2.1079532,0.27699782,-5.1993376,-0.90518882,-0.26398459,1.2612822,1.761948,5.1993376,-5.1993376,0.81440074,-0.21363612,-0.57311539,0.40199502
5570,-5.1993376,-0.31237604,-1.1644437,-0.72008693,-0.26398459,-5.1993376,0.25360621,5.1993376,5.1993376,-5.1993376,0.69910809,-1.4678604,-5.1993376
5571,-5.1993376,-0.21491982,1.401177,0.64872442,0.63946185,0.87535389,-1.7986626,-5.1993376,5.1993376,0.58796385,-1.1694007,-0.36553148,-5.1993376
5572,-5.1993376,-0.64408623,-1.1644437,-0.44869228,0.63946185,-0.1422445,-0.67055744,5.1993376,5.1993376,-0.55985906,-0.21363612,-0.36553148,-5.1993376
5573,-5.1993376,0.38572587,0.2239158,0.64872442,-0.26398459,-0.1422445,-0.67055744,5.1993376,5.1993376,0.60897269,1.3781138,-1.6691125,-5.1993376
5574,0.51349142,-1.7274656,0.55253687,-0.98357337,1.2023467,0.29660674,0.25360621,5.1993376,-5.1993376,1.0082941,-1.1694007,-0.001254569,0.23550885
5575,-5.1993376,-0.0050182959,0.91087287,1.1546147,0.63946185,0.29660674,-1.1768904,-5.1993376,-5.1993376,-0.053972647,-0.60746322,0.45146888,0.36697024
5576,-5.1993376,-0.07534535,-0.1422445,-2.1316816,0.63946185,-5.1993376,0.25360621,5.1993376,5.1993376,-0.65804298,1.3781138,-1.873053,-5.1993376
5577,-5.1993376,-1.2420606,0.55253687,0.91467864,-0.83733836,-5.1993376,0.25360621,-5.1993376,-5.1993376,1.7444475,1.3781138,-0.001254569,0.7243207
5578,-5.1993376,-0.72171378,-1.1644437,-0.56279634,-1.3219458,-5.1993376,0.25360621,5.1993376,-5.1993376,0.82846465,0.69910809,-1.0230033,-5.1993376
5579,0.51349142,-1.9616139,-0.1422445,-1.6590928,0.63946185,-0.1422445,1.2447784,5.1993376,5.1993376,0.56132709,-5.1993376,0.29922973,-5.1993376
5580,-5.1993376,0.73315571,0.91087287,0.092971849,0.17400458,-5.1993376,0.25360621,5.1993376,-5.1993376,0.40471681,0.18547963,-1.4678604,-5.1993376
5581,0.51349142,-0.42660141,-0.7315153,-0.089192496,-0.97143575,-0.1422445,1.2447784,5.1993376,5.1993376,0.58796385,1.3781138,-0.57311539,-5.1993376
5582,-5.1993376,-1.2924649,0.91087287,0.64872442,0.30448193,-5.1993376,0.25360621,5.1993376,5.1993376,-5.1993376,-1.1694007,-0.001254569,-5.1993376
5583,-5.1993376,1.2502419,-5.1993376,-0.98357337,-1.3219458,-5.1993376,0.25360621,5.1993376,-5.1993376,0.34948301,1.3781138,-0.57311539,0.3561587
5584,1.4181186,-1.0336468,0.91087287,0.40607882,0.17400458,1.2612822,0.25360621,5.1993376,5.1993376,-5.1993376,-1.1694007,0.71036555,0.55027995
5585,1.4181186,-0.20081806,-5.1993376,-0.50492201,0.30448193,1.0774455,0.89765526,5.1993376,-5.1993376,0.45842568,-0.60746322,-0.001254569,-5.1993376
5586,1.0230033,-0.75466427,-0.1422445,0.98561042,0.63946185,1.5843543,-0.95943959,-5.1993376,-5.1993376,-0.65804298,-0.60746322,-1.2502419,-5.1993376
5587,-5.1993376,0.18803291,0.55253687,0.91467864,-0.26398459,-5.1993376,0.25360621,5.1993376,5.1993376,0.56132709,0.18547963,1.9858764,2.2359897
5588,1.7679033,0.27699782,-0.43348197,0.25360621,0.17400458,0.87535389,2.5423492,5.1993376,-5.1993376,1.337127,-0.21363612,0.71036555,-5.1993376
5589,-5.1993376,-1.5770612,0.55253687,-0.50492201,0.63946185,0.87535389,-1.7986626,5.1993376,5.1993376,-0.45564031,-1.1694007,-0.001254569,-5.1993376
5590,1.0230033,-0.3031681,1.649237,1.9264032,-0.26398459,0.29660674,1.761948,5.1993376,5.1993376,2.5374902,-0.60746322,2.5117912,0.82317161
5591,1.0230033,-0.23292993,-0.7315153,-0.72008693,-0.69112102,0.62109893,0.96142934,5.1993376,-5.1993376,-0.11441489,5.1993376,-0.36553148,0.7907266
5592,1.4181186,1.0887225,0.11820414,0.21235277,-0.26398459,0.87535389,1.2447784,5.1993376,-5.1993376,0.7413876,-0.21363612,0.45146888,0.82317161
5593,-5.1993376,-0.36017172,-0.7315153,-0.29005812,-0.26398459,-5.1993376,0.25360621,5.1993376,5.1993376,-0.65804298,0.69910809,-0.57311539,0.30238005
5594,1.0230033,-0.11062728,0.2239158,0.57607489,-0.26398459,0.62109893,0.96142934,5.1993376,-5.1993376,-0.11441489,-0.60746322,-0.17527843,-5.1993376
5595,-5.1993376,-0.67527746,-0.7315153,0.57607489,2.1440107,1.0774455,-1.994971,5.1993376,-5.1993376,0.29791798,-0.60746322,-0.79704409,-5.1993376
5596,-5.1993376,-1.8076811,-1.3159579,-0.90518882,1.3684503,-5.1993376,0.25360621,5.1993376,5.1993376,-5.1993376,-0.21363612,-0.79704409,-5.1993376
5597,-5.1993376,-2.1199904,-1.1644437,-1.144896,1.6022103,-0.1422445,-0.67055744,-5.1993376,5.1993376,-5.1993376,-1.1694007,-0.36553148,-5.1993376
5598,-5.1993376,-1.1140325,-0.1422445,-0.29005812,0.63946185,-0.1422445,-0.67055744,5.1993376,-5.1993376,-0.92233022,0.69910809,-1.6691125,-5.1993376
5599,2.8778461,-1.057485,1.2640664,-0.39384742,-0.26398459,1.4354772,5.1993376,5.1993376,-5.1993376,0.0062728847,0.18547963,1.1140325,2.3591863
5600,0.51349142,2.379191,1.649237,1.5096564,-0.26398459,-0.1422445,1.2447784,-5.1993376,5.1993376,0.40471681,0.18547963,0.45146888,5.1993376
5601,1.0230033,0.55107599,0.55253687,0.36821529,0.63946185,0.29660674,1.761948,5.1993376,-5.1993376,1.0685216,0.18547963,0.98561042,0.78162595
5602,1.0230033,-0.75967739,-5.1993376,-0.83912102,-0.26398459,0.29660674,1.761948,5.1993376,-5.1993376,0.06025574,1.3781138,0.14858402,-5.1993376
5603,-5.1993376,1.8877534,-0.1422445,-1.3684503,1.6022103,-5.1993376,0.25360621,5.1993376,5.1993376,-5.1993376,-5.1993376,0.29922973,-5.1993376
5604,2.1079532,0.27699782,0.55253687,1.1546147,-0.26398459,1.2612822,1.761948,-5.1993376,-5.1993376,0.90897492,-0.21363612,-0.57311539,0.36572576
5605,-5.1993376,-0.49922964,-0.48083942,-1.2529876,0.30448193,-0.1422445,-0.67055744,5.1993376,5.1993376,-5.1993376,-0.21363612,-1.4678604,-5.1993376
5606,1.4181186,-1.2001088,-0.7315153,-0.6150245,-0.69112102,1.2612822,0.25360621,5.1993376,5.1993376,0.10810309,0.69910809,-1.0230033,-5.1993376
5607,-5.1993376,-0.18165198,0.55253687,0.17400458,-0.26398459,-0.1422445,-0.67055744,5.1993376,-5.1993376,0.14858402,-1.1694007,0.45146888,-5.1993376
5608,-5.1993376,0.80395767,-0.7315153,-0.90518882,-0.83733836,-5.1993376,0.25360621,5.1993376,5.1993376,-5.1993376,0.69910809,-0.17527843,-5.1993376
5609,1.0230033,2.3652476,1.2640664,1.4903351,-0.97143575,1.5843543,-0.95943959,5.1993376,-5.1993376,0.45842568,0.18547963,0.45146888,0.9427049
5610,1.4181186,0.40335554,-0.1422445,-0.18547963,0.30448193,0.62109893,2.1696941,5.1993376,-5.1993376,1.5542696,-0.21363612,0.98561042,0.45865402
5611,-5.1993376,0.66741904,0.91087287,0.71359852,-0.26398459,0.29660674,-1.1768904,-5.1993376,-5.1993376,-1.0552931,0.18547963,-0.79704409,0.69479082
5612,0.51349142,1.3846283,0.31009217,0.21235277,-2.0431151,0.29660674,0.25360621,-5.1993376,-5.1993376,1.8379752,1.3781138,0.14858402,0.15746946
5613,0.51349142,1.2206403,1.2640664,-0.6150245,-0.26398459,-0.1422445,1.2447784,5.1993376,5.1993376,-1.0552931,-1.1694007,0.29922973,-5.1993376
5614,-5.1993376,0.31105902,-0.7315153,-0.18547963,-0.69112102,-5.1993376,0.25360621,5.1993376,-5.1993376,-0.65804298,0.69910809,-0.001254569,0.75300821
5615,-5.1993376,1.5799684,1.0841952,1.8952593,-2.0431151,0.29660674,-1.1768904,5.1993376,-5.1993376,0.92233022,2.1196682,-0.57311539,-5.1993376
5616,-5.1993376,0.10557959,-1.1644437,-0.83912102,0.30448193,-5.1993376,0.25360621,5.1993376,5.1993376,0.4307273,0.18547963,-0.001254569,1.4417878
5617,-5.1993376,1.4250105,2.9674304,3.1309258,-1.3219458,-0.1422445,-0.67055744,5.1993376,-5.1993376,0.60897269,0.69910809,-0.36553148,-5.1993376
5618,-5.1993376,-1.9692207,2.0965206,-0.23808933,0.30448193,-5.1993376,0.25360621,-5.1993376,-5.1993376,0.68159434,-1.1694007,1.2339616,-5.1993376
5619,-5.1993376,-0.56868553,-0.1422445,0.40607882,-0.26398459,-5.1993376,0.25360621,5.1993376,-5.1993376,-0.28744217,1.3781138,0.45146888,0.49213682
5620,0.51349142,0.5642668,-0.1422445,0.05146002,1.6022103,0.29660674,0.25360621,-5.1993376,5.1993376,-0.36017172,-1.1694007,0.45146888,-5.1993376
5621,-5.1993376,0.14731565,0.55253687,0.54088248,-0.26398459,-5.1993376,0.25360621,5.1993376,5.1993376,-0.36017172,-0.21363612,-1.0230033,-5.1993376
5622,0.51349142,1.634747,1.4354772,1.8448108,0.30448193,1.7444475,-1.6896701,-5.1993376,-5.1993376,-0.053972647,0.18547963,-0.17527843,1.2469562
5623,-5.1993376,0.81790154,0.2239158,0.29267606,-0.69112102,-5.1993376,0.25360621,5.1993376,-5.1993376,1.1669186,0.18547963,1.6590928,-5.1993376
5624,0.51349142,-0.98154039,-1.1644437,-0.44869228,0.40471681,0.29660674,0.25360621,5.1993376,-5.1993376,-0.11441489,1.3781138,0.85167519,0.67707586
5625,1.0230033,1.7002225,1.3620783,0.75299744,-0.26398459,0.29660674,1.761948,-5.1993376,5.1993376,-5.1993376,0.69910809,-0.79704409,0.1625524
5626,-5.1993376,-0.75967739,0.55253687,0.61199579,-1.3219458,-5.1993376,0.25360621,5.1993376,-5.1993376,0.0062728847,1.3781138,-0.57311539,-5.1993376
5627,-5.1993376,0.5642668,1.0841952,1.533612,0.63946185,-0.1422445,-0.67055744,5.1993376,5.1993376,0.324254,0.69910809,0.58052362,-5.1993376
5628,-5.1993376,-0.10305677,-0.7315153,-0.6150245,0.63946185,-5.1993376,0.25360621,5.1993376,-5.1993376,-0.22648938,0.69910809,-1.873053,-5.1993376
5629,5.1993376,-0.3521514,-0.1422445,-0.44869228,0.30448193,1.7444475,2.3652476,5.1993376,-5.1993376,1.0552931,-0.21363612,0.29922973,-5.1993376
5630,1.0230033,-1.4678604,0.55253687,-1.059682,1.6022103,1.8803524,-1.1768904,-5.1993376,-5.1993376,1.7861556,-1.1694007,0.71036555,1.0617756
5631,-5.1993376,1.2982711,0.2239158,1.1546147,-0.69112102,-0.1422445,-0.67055744,5.1993376,-5.1993376,-0.28744217,0.18547963,-1.6691125,-5.1993376
5632,-5.1993376,-0.058998939,-0.1422445,0.25360621,0.63946185,-0.1422445,-0.67055744,5.1993376,-5.1993376,0.60897269,0.69910809,0.71036555,2.2359897
5633,-5.1993376,-1.337127,0.55253687,-1.2529876,0.97546566,-5.1993376,0.25360621,5.1993376,5.1993376,-5.1993376,-1.1694007,1.1140325,0.82317161
5634,0.51349142,0.83912102,-5.1993376,-0.90518882,-0.26398459,-0.1422445,1.2447784,5.1993376,5.1993376,-5.1993376,-0.60746322,-1.0230033,-5.1993376
5635,-5.1993376,-0.20081806,-0.1422445,0.25360621,-0.26398459,-5.1993376,0.25360621,5.1993376,5.1993376,1.0293754,0.69910809,-0.001254569,-5.1993376
5636,-5.1993376,-0.9165865,-0.7315153,-0.6150245,-0.97143575,-0.1422445,-0.67055744,5.1993376,5.1993376,1.6205923,0.69910809,0.45146888,-5.1993376
5637,1.7679033,-0.69750712,0.91087287,0.71359852,-0.83733836,1.8803524,-0.31633038,-5.1993376,-5.1993376,-0.45564031,0.69910809,-0.17527843,-5.1993376
5638,0.51349142,0.34948301,0.91087287,1.5843543,0.087932998,0.62109893,-0.36687305,5.1993376,5.1993376,0.29791798,0.18547963,-0.36553148,0.18390034
5639,-5.1993376,1.1047469,-1.0307974,-0.90518882,-1.3219458,-5.1993376,0.25360621,-5.1993376,-5.1993376,0.68159434,-0.60746322,-0.001254569,-5.1993376
5640,1.0230033,-0.23292993,0.91087287,0.68001258,0.17400458,0.62109893,0.96142934,-5.1993376,-5.1993376,0.4307273,-0.21363612,-0.17527843,-5.1993376
5641,-5.1993376,1.3463856,1.2640664,1.9264032,-0.26398459,-5.1993376,0.25360621,-5.1993376,5.1993376,0.22262957,-0.21363612,-1.873053,-5.1993376
5642,-5.1993376,-1.588771,-5.1993376,-0.13591068,0.63946185,-0.1422445,-0.67055744,5.1993376,-5.1993376,0.86801634,-0.60746322,-1.6691125,-5.1993376
5643,-5.1993376,-1.1140325,-0.7315153,-0.39384742,-1.3219458,-0.1422445,-0.67055744,5.1993376,-5.1993376,0.7413876,1.3781138,-0.79704409,0.21363612
5644,0.51349142,0.48789301,0.55253687,1.1546147,-1.3219458,-0.1422445,1.2447784,-5.1993376,-5.1993376,0.84090635,2.1196682,-0.001254569,-5.1993376
5645,-5.1993376,1.7330708,0.55253687,0.17400458,-0.83733836,-5.1993376,0.25360621,5.1993376,-5.1993376,-0.78332986,0.69910809,-0.17527843,-5.1993376
5646,-5.1993376,-0.78162595,-0.7315153,-1.3684503,2.1440107,-0.1422445,-0.67055744,5.1993376,5.1993376,-5.1993376,-5.1993376,0.45146888,-5.1993376
5647,-5.1993376,0.13464458,0.2239158,-0.34149266,-0.83733836,2.1696941,-3.1189206,-5.1993376,-5.1993376,1.6205923,-0.21363612,-0.001254569,0.95755924
5648,-5.1993376,-2.3417035,-5.1993376,-0.83912102,-0.26398459,-5.1993376,0.25360621,5.1993376,-5.1993376,-5.1993376,1.3781138,-3.0899352,-5.1993376
5649,-5.1993376,0.86618925,-0.1422445,0.05146002,0.63946185,-5.1993376,0.25360621,5.1993376,-5.1993376,-0.36017172,0.18547963,-0.001254569,-5.1993376
5650,-5.1993376,0.45424896,-0.1422445,0.64872442,-0.26398459,-5.1993376,0.25360621,5.1993376,-5.1993376,-0.45564031,-0.21363612,0.14858402,0.76265502
5651,-5.1993376,-1.1140325,-0.1422445,0.0062728847,-1.0819398,-0.1422445,-0.67055744,5.1993376,-5.1993376,0.81440074,0.69910809,-1.2502419,-5.1993376
5652,0.51349142,-1.1140325,-0.1422445,0.32954771,-0.83733836,0.62109893,-0.36687305,5.1993376,5.1993376,-0.78332986,1.3781138,-1.873053,-5.1993376
5653,0.51349142,-0.79532164,-0.7315153,-1.505747,-1.3219458,0.29660674,0.25360621,5.1993376,-5.1993376,-0.92233022,-1.1694007,-0.36553148,-5.1993376
5654,-5.1993376,1.3716572,-0.48083942,-0.23808933,-0.26398459,0.29660674,-1.1768904,-5.1993376,-5.1993376,-0.92233022,0.69910809,-2.1079532,-5.1993376
5655,-5.1993376,-0.018819641,-5.1993376,-0.83912102,0.30448193,-5.1993376,0.25360621,5.1993376,5.1993376,0.0062728847,-0.21363612,-1.2502419,-5.1993376
5656,0.51349142,0.5642668,1.649237,1.358913,-0.97143575,0.62109893,-0.36687305,5.1993376,-5.1993376,0.96742157,-0.21363612,0.45146888,0.28352193
5657,0.51349142,0.88644946,0.11820414,0.84987354,-0.26398459,-0.1422445,1.2447784,5.1993376,-5.1993376,-0.45564031,-0.21363612,0.29922973,-5.1993376
5658,-5.1993376,0.32161055,0.55253687,1.0909946,-0.26398459,-5.1993376,0.25360621,5.1993376,-5.1993376,-0.78332986,1.3781138,-0.36553148,0.53599089
5659,-5.1993376,0.64254324,0.55253687,0.61199579,0.30448193,-5.1993376,0.25360621,5.1993376,5.1993376,0.18165198,0.18547963,1.1140325,0.25987438
5660,0.51349142,-1.3011907,1.0841952,0.05146002,0.30448193,-0.1422445,1.2447784,-5.1993376,5.1993376,0.45842568,-0.21363612,-0.57311539,0.34496092
5661,-5.1993376,0.1257878,-0.7315153,-0.089192496,-0.26398459,0.29660674,-1.1768904,5.1993376,-5.1993376,-0.65804298,1.3781138,-2.8067115,-5.1993376
5662,-5.1993376,-0.3521514,0.82669773,1.2640664,-0.26398459,-0.1422445,-0.67055744,-5.1993376,-5.1993376,-0.92233022,-0.21363612,-0.001254569,-5.1993376
5663,-5.1993376,-0.17018472,1.649237,0.88088812,0.63946185,-5.1993376,0.25360621,-5.1993376,-5.1993376,0.60897269,-1.1694007,0.71036555,-5.1993376
5664,-5.1993376,-0.73315571,0.91087287,1.0230033,0.087932998,-0.1422445,-0.67055744,5.1993376,5.1993376,-0.55985906,-1.1694007,-0.001254569,-5.1993376
5665,-5.1993376,-0.3521514,0.55253687,0.57607489,-0.26398459,0.29660674,-1.1768904,5.1993376,-5.1993376,1.2809814,0.69910809,-0.36553148,0.97322624
5666,-5.1993376,-1.588771,-0.7315153,-0.66428721,1.3684503,-5.1993376,0.25360621,5.1993376,5.1993376,-5.1993376,-0.21363612,-0.79704409,-5.1993376
5667,0.51349142,0.86618925,0.55253687,-0.29005812,-0.83733836,0.87535389,-0.67055744,5.1993376,-5.1993376,-0.92233022,0.18547963,-0.79704409,0.69737605
5668,-5.1993376,0.98154039,0.55253687,0.61199579,-0.26398459,-5.1993376,0.25360621,5.1993376,-5.1993376,-0.45564031,0.18547963,0.14858402,0.63638652
5669,1.0230033,-1.6101296,-0.39607543,-0.98357337,1.2023467,0.62109893,0.96142934,5.1993376,-5.1993376,-0.11441489,-1.1694007,0.85167519,0.46113508
5670,-5.1993376,1.3978365,0.55253687,1.057485,0.087932998,-5.1993376,0.25360621,5.1993376,-5.1993376,-0.78332986,0.69910809,1.6590928,-5.1993376
5671,1.4181186,0.26138737,0.55253687,-1.3684503,0.63946185,1.9858764,-0.95151828,5.1993376,-5.1993376,-0.78332986,-1.1694007,-0.79704409,-5.1993376
5672,-5.1993376,-1.1140325,-0.1422445,0.21235277,-2.0431151,-0.1422445,-0.67055744,5.1993376,5.1993376,-0.22648938,0.69910809,-1.873053,-5.1993376
5673,0.51349142,-0.42660141,0.55253687,0.75299744,-1.3219458,-0.1422445,1.2447784,5.1993376,5.1993376,1.7659112,0.69910809,2.1968939,-5.1993376
5674,-5.1993376,0.99174625,0.55253687,0.0062728847,0.63946185,-5.1993376,0.25360621,5.1993376,-5.1993376,-0.78332986,0.69910809,-0.79704409,-5.1993376
5675,-5.1993376,-0.42660141,-0.1422445,-0.44869228,-0.26398459,-5.1993376,0.25360621,5.1993376,-5.1993376,-0.17018472,0.69910809,1.1140325,-5.1993376
5676,-5.1993376,-1.4294456,-0.7315153,-0.29005812,0.63946185,-5.1993376,0.25360621,5.1993376,5.1993376,-0.92233022,0.69910809,-0.79704409,-5.1993376
5677,-5.1993376,-1.8125393,-5.1993376,-0.77822491,-2.0431151,-0.1422445,-0.67055744,5.1993376,-5.1993376,1.4771802,1.3781138,0.98561042,1.1708462
5678,-5.1993376,-1.0166724,-0.1422445,-0.041412601,-0.26398459,-5.1993376,0.25360621,5.1993376,-5.1993376,0.22262957,1.3781138,1.2339616,-5.1993376
5679,1.0230033,-0.11062728,-0.1422445,0.21235277,-0.26398459,0.29660674,1.761948,5.1993376,5.1993376,1.3189459,0.69910809,0.98561042,-5.1993376
5680,1.0230033,0.44314942,0.55253687,0.61199579,-0.69112102,1.0774455,-0.300542,5.1993376,-5.1993376,0.53653104,-0.21363612,0.58052362,-5.1993376
5681,-5.1993376,-1.5376912,0.55253687,-0.089192496,0.63946185,-0.1422445,-0.67055744,5.1993376,-5.1993376,0.14858402,-1.1694007,-0.79704409,0.64829124
5682,-5.1993376,0.7152178,0.55253687,1.123415,-0.83733836,-5.1993376,0.25360621,-5.1993376,5.1993376,0.0062728847,-0.21363612,-0.57311539,1.0315088
5683,-5.1993376,-0.10305677,0.2239158,0.54088248,0.63946185,-5.1993376,0.25360621,5.1993376,-5.1993376,0.14858402,-0.21363612,-1.0230033,0.75425006
5684,0.51349142,-0.42660141,0.55253687,0.71359852,0.30448193,-0.1422445,1.2447784,5.1993376,5.1993376,0.75800423,0.69910809,-0.57311539,-5.1993376
5685,-5.1993376,2.5423492,-0.7315153,-0.39384742,-1.0819398,-5.1993376,0.25360621,5.1993376,-5.1993376,-0.053972647,0.18547963,-0.36553148,-5.1993376
5686,-5.1993376,-0.42660141,-0.1422445,1.2075323,-0.26398459,0.87535389,-1.7986626,-5.1993376,-5.1993376,0.96742157,-0.60746322,1.2339616,-5.1993376
5687,-5.1993376,0.41563423,-0.1422445,0.21235277,0.63946185,-5.1993376,0.25360621,5.1993376,5.1993376,-0.053972647,-0.60746322,0.58052362,-5.1993376
5688,-5.1993376,-0.23292993,-0.7315153,-0.29005812,0.63946185,-5.1993376,0.25360621,5.1993376,-5.1993376,0.29791798,0.69910809,0.14858402,-5.1993376
5689,-5.1993376,-0.31237604,-0.1422445,-0.83912102,2.1440107,-5.1993376,0.25360621,5.1993376,5.1993376,0.06025574,-1.1694007,-0.001254569,-5.1993376
5690,-5.1993376,0.072829316,-0.1422445,0.36821529,-1.3219458,-5.1993376,0.25360621,5.1993376,-5.1993376,0.0062728847,0.69910809,-0.001254569,1.0315088
5691,-5.1993376,-0.17018472,-0.1422445,0.092971849,-1.3219458,-5.1993376,0.25360621,5.1993376,-5.1993376,0.72334253,1.3781138,1.7560546,1.9440007
5692,-5.1993376,0.17655256,0.55253687,1.0909946,0.087932998,0.87535389,-1.7986626,-5.1993376,5.1993376,0.26658359,-0.21363612,-0.36553148,0.97942132
5693,-5.1993376,-0.42660141,-1.1644437,-0.56279634,-0.83733836,-5.1993376,0.25360621,5.1993376,5.1993376,0.22262957,1.3781138,0.14858402,1.0315088
5694,-5.1993376,0.49638952,1.0841952,1.358913,0.17400458,-5.1993376,0.25360621,5.1993376,5.1993376,0.79360155,-0.21363612,0.45146888,-5.1993376
5695,0.51349142,0.41563423,-0.43348197,-0.34149266,1.2023467,1.9858764,-1.9077503,-5.1993376,5.1993376,-0.28744217,-0.60746322,-0.36553148,-5.1993376
5696,-5.1993376,1.7330708,0.55253687,1.533612,-2.0431151,2.2899878,-3.1466276,5.1993376,-5.1993376,-0.36017172,0.18547963,-0.57311539,0.7881176
5697,-5.1993376,-0.78674453,0.8170254,0.84987354,-0.26398459,-5.1993376,0.25360621,5.1993376,5.1993376,-0.65804298,0.69910809,1.2339616,-5.1993376
5698,1.0230033,-0.0050182959,-0.1422445,-1.3684503,-0.26398459,0.87535389,0.25360621,-5.1993376,5.1993376,-5.1993376,-5.1993376,1.6590928,-5.1993376
5699,-5.1993376,-1.4045331,0.2239158,0.88088812,0.97546566,1.4354772,-2.3863399,-5.1993376,5.1993376,1.5932188,-0.60746322,0.58052362,0.87719565
5700,0.51349142,0.55107599,-1.3159579,-0.6150245,-1.0819398,-0.1422445,1.2447784,5.1993376,-5.1993376,-0.45564031,1.3781138,-1.2502419,0.98765156
5701,-5.1993376,-1.4605312,-1.1644437,-0.56279634,0.63946185,0.62109893,-1.5215251,5.1993376,-5.1993376,-0.11441489,1.3781138,-1.0230033,-5.1993376
5702,-5.1993376,1.0552931,-0.43348197,0.0062728847,0.63946185,-5.1993376,0.25360621,5.1993376,5.1993376,-0.92233022,0.18547963,-0.79704409,-5.1993376
5703,0.51349142,0.953493,0.2239158,-0.041412601,-1.0819398,0.29660674,0.25360621,-5.1993376,-5.1993376,-1.0552931,0.69910809,-0.36553148,-5.1993376
5704,-5.1993376,-0.97143575,-0.1422445,-0.13591068,-0.26398459,-0.1422445,-0.67055744,5.1993376,-5.1993376,-0.36017172,0.69910809,-2.4320167,-5.1993376
5705,1.0230033,-0.0050182959,0.91087287,-0.041412601,-0.26398459,0.87535389,0.25360621,5.1993376,5.1993376,-5.1993376,-1.1694007,1.6590928,-5.1993376
5706,-5.1993376,-0.42660141,-0.1422445,0.50492201,-0.26398459,-0.1422445,-0.67055744,5.1993376,5.1993376,0.06025574,1.3781138,-1.873053,-5.1993376
5707,-5.1993376,-0.49213682,0.55253687,0.43900121,0.087932998,0.29660674,-1.1768904,5.1993376,5.1993376,-0.28744217,0.69910809,-1.2502419,-5.1993376
5708,-5.1993376,-1.4496823,-1.1644437,-0.90518882,-0.69112102,0.29660674,-1.1768904,5.1993376,-5.1993376,1.8952593,0.69910809,-0.17527843,-5.1993376
5709,2.8778461,-0.046435725,2.4320167,0.98561042,-1.6299924,1.4354772,5.1993376,5.1993376,-5.1993376,-0.78332986,-0.21363612,1.1140325,2.3696912
5710,1.4181186,0.83912102,1.2640664,0.61199579,-0.69112102,0.87535389,1.2447784,-5.1993376,-5.1993376,1.0978448,0.18547963,0.45146888,1.7002719
5711,-5.1993376,0.75466427,-0.1422445,0.29267606,-1.3219458,-5.1993376,0.25360621,5.1993376,5.1993376,-0.36017172,1.3781138,0.58052362,-5.1993376
5712,0.51349142,1.5018605,-0.38978343,-0.98357337,0.30448193,0.62109893,-0.36687305,-5.1993376,-5.1993376,0.10810309,-1.1694007,-0.57311539,0.32028968
5713,0.51349142,-0.20081806,0.2239158,0.32954771,-0.26398459,0.29660674,0.25360621,5.1993376,5.1993376,0.40471681,-0.21363612,-0.17527843,0.49213682
5714,1.0230033,-0.93585209,-0.7315153,-0.29005812,2.1440107,1.0774455,-0.300542,-5.1993376,5.1993376,1.3978365,-0.60746322,0.45146888,-5.1993376
5715,1.0230033,-0.1625524,-0.1422445,0.17400458,0.63946185,0.29660674,1.761948,5.1993376,-5.1993376,1.1328976,0.69910809,-0.17527843,-5.1993376
5716,-5.1993376,0.76639141,-0.7315153,-0.98357337,0.63946185,-5.1993376,0.25360621,5.1993376,-5.1993376,-0.17018472,-0.60746322,-0.17527843,-5.1993376
5717,-5.1993376,-1.1140325,-0.7315153,-0.56279634,-1.6299924,-5.1993376,0.25360621,5.1993376,-5.1993376,0.72334253,0.69910809,-2.1079532,0.82317161
5718,-5.1993376,1.7679033,0.81265408,0.91467864,-0.97143575,-5.1993376,0.25360621,-5.1993376,-5.1993376,0.79360155,0.18547963,-1.0230033,-5.1993376
5719,-5.1993376,-1.1768904,-0.7315153,-0.34149266,-1.3219458,-5.1993376,0.25360621,5.1993376,5.1993376,-0.22648938,1.3781138,1.1140325,-5.1993376
5720,0.51349142,0.8552868,0.55253687,0.8196557,-1.3219458,-0.1422445,1.2447784,5.1993376,5.1993376,1.215372,2.1196682,0.29922973,1.6307672
5721,-5.1993376,-0.26268576,1.649237,1.8245559,0.97546566,0.29660674,-1.1768904,-5.1993376,5.1993376,-0.22648938,-0.60746322,0.71036555,0.40199502
5722,0.51349142,0.90330062,0.55253687,1.2640664,0.087932998,0.29660674,0.25360621,5.1993376,5.1993376,0.58796385,0.69910809,-0.001254569,-5.1993376
5723,-5.1993376,0.68793853,0.55253687,0.50492201,-0.26398459,-5.1993376,0.25360621,5.1993376,-5.1993376,-0.36017172,-0.21363612,-0.79704409,1.0852149
5724,-5.1993376,-1.1140325,-0.47251112,-0.23808933,0.63946185,-5.1993376,0.25360621,5.1993376,5.1993376,1.2557429,0.69910809,-0.57311539,-5.1993376
5725,-5.1993376,-0.0050182959,1.649237,3.0904074,0.63946185,-0.1422445,-0.67055744,5.1993376,5.1993376,1.3781138,-0.21363612,1.464186,1.2127505
5726,0.51349142,0.10557959,0.2239158,0.36821529,-0.26398459,0.29660674,0.25360621,5.1993376,-5.1993376,-0.92233022,-0.21363612,-1.2502419,0.23164106
5727,-5.1993376,-0.66898742,-0.7315153,-0.50492201,0.63946185,-5.1993376,0.25360621,5.1993376,-5.1993376,0.06025574,1.3781138,-0.001254569,-5.1993376
5728,0.51349142,-0.57755653,1.649237,0.29267606,0.63946185,-0.1422445,1.2447784,5.1993376,5.1993376,-5.1993376,0.69910809,0.85167519,-5.1993376
5729,-5.1993376,1.5799684,2.4320167,0.54088248,-0.26398459,-0.1422445,-0.67055744,-5.1993376,-5.1993376,-0.053972647,-0.60746322,-0.57311539,1.9903829
5730,-5.1993376,-1.1140325,0.55253687,0.61199579,0.63946185,-5.1993376,0.25360621,5.1993376,5.1993376,0.06025574,0.69910809,-0.57311539,-5.1993376
5731,-5.1993376,-0.78162595,-1.1644437,-0.56279634,1.3684503,0.62109893,-1.5215251,5.1993376,5.1993376,0.56132709,-0.21363612,2.0965206,1.6035218
5732,1.0230033,0.8109099,-0.49178678,0.13337869,-0.26398459,0.87535389,0.25360621,-5.1993376,5.1993376,-5.1993376,-0.60746322,-0.57311539,-5.1993376
5733,0.51349142,1.0124743,-5.1993376,-0.98357337,-0.26398459,-0.1422445,1.2447784,5.1993376,-5.1993376,-0.45564031,-0.60746322,-1.2502419,-5.1993376
5734,1.0230033,1.2206403,-0.1422445,-1.2529876,-1.3219458,0.29660674,1.761948,5.1993376,5.1993376,-5.1993376,-5.1993376,-0.57311539,-5.1993376
5735,-5.1993376,-2.1713292,-0.1422445,-1.3684503,1.6022103,-5.1993376,0.25360621,-5.1993376,5.1993376,-5.1993376,-1.1694007,1.1140325,1.1352842
5736,-5.1993376,0.19570018,-0.7315153,-0.39384742,0.97546566,-5.1993376,0.25360621,-5.1993376,5.1993376,-0.17018472,-0.60746322,0.58052362,-5.1993376
5737,1.4181186,-0.59393954,1.649237,0.61199579,-0.83733836,0.62109893,2.1696941,-5.1993376,-5.1993376,-0.28744217,-0.21363612,-0.17527843,-5.1993376
5738,0.51349142,-0.52066149,-0.43348197,0.05146002,-0.83733836,-0.1422445,1.2447784,5.1993376,5.1993376,-5.1993376,1.3781138,-0.79704409,-5.1993376
5739,-5.1993376,1.7109676,-5.1993376,-1.505747,-2.0431151,-5.1993376,0.25360621,5.1993376,-5.1993376,0.40471681,-1.1694007,0.14858402,-5.1993376
5740,-5.1993376,0.51349142,-0.7315153,-0.041412601,0.17400458,-5.1993376,0.25360621,5.1993376,-5.1993376,0.26658359,0.18547963,-0.001254569,0.98052854
5741,0.51349142,-0.94561627,-0.1422445,-0.041412601,-1.3219458,-0.1422445,1.2447784,-5.1993376,5.1993376,-0.65804298,0.69910809,-1.2502419,0.20556234
5742,1.0230033,2.1082809,-0.43348197,-0.089192496,-0.26398459,0.62109893,0.96142934,-5.1993376,-5.1993376,1.2023467,-0.21363612,-0.17527843,-5.1993376
5743,-5.1993376,0.025094008,-0.7315153,-0.23808933,1.6022103,2.3863399,-3.1732571,-5.1993376,-5.1993376,-0.22648938,-0.60746322,-0.57311539,-5.1993376
5744,0.51349142,-0.66116187,0.55253687,0.88088812,-0.26398459,-0.1422445,1.2447784,5.1993376,-5.1993376,-0.65804298,0.69910809,-0.001254569,1.2857774
5745,0.51349142,0.16636735,1.649237,1.6640817,-0.26398459,0.87535389,-0.67055744,5.1993376,5.1993376,-0.11441489,-0.21363612,0.45146888,-5.1993376
5746,0.51349142,-0.56868553,1.3620783,1.1546147,0.17400458,0.29660674,0.25360621,-5.1993376,5.1993376,-0.45564031,-1.1694007,-0.36553148,0.72824036
5747,-5.1993376,-0.89953386,1.649237,1.4903351,0.63946185,-0.1422445,-0.67055744,5.1993376,-5.1993376,-0.65804298,0.69910809,1.5669896,-5.1993376
5748,-5.1993376,0.48789301,0.2239158,1.123415,0.63946185,-5.1993376,0.25360621,-5.1993376,5.1993376,-0.17018472,-0.60746322,0.29922973,0.32028968
5749,0.51349142,0.94169982,-0.1422445,-0.041412601,-0.83733836,-0.1422445,1.2447784,5.1993376,-5.1993376,-0.65804298,0.69910809,-1.0230033,-5.1993376
5750,-5.1993376,-0.34415366,0.55253687,0.95151828,0.63946185,-0.1422445,-0.67055744,5.1993376,-5.1993376,-0.36017172,1.3781138,-1.0230033,-5.1993376
5751,-5.1993376,0.53943086,-0.7315153,-0.18547963,-1.3219458,-5.1993376,0.25360621,5.1993376,5.1993376,-0.45564031,1.3781138,-2.4320167,-5.1993376
5752,-5.1993376,-0.095492152,0.55253687,1.0909946,0.087932998,-0.1422445,-0.67055744,5.1993376,-5.1993376,1.3189459,0.69910809,-0.79704409,0.17273102
5753,0.51349142,-0.11062728,0.55253687,1.2895781,-0.26398459,-0.1422445,1.2447784,5.1993376,5.1993376,0.14858402,-0.21363612,-0.79704409,0.87342712
5754,-5.1993376,2.0533356,-0.7315153,0.05146002,0.97546566,-5.1993376,0.25360621,5.1993376,-5.1993376,1.8952593,0.18547963,0.14858402,-5.1993376
5755,-5.1993376,0.60595514,-0.1422445,0.29267606,-2.0431151,-5.1993376,0.25360621,5.1993376,-5.1993376,1.7444475,0.69910809,0.71036555,1.3781643
5756,-5.1993376,1.1566219,-0.1422445,0.68001258,-0.26398459,-5.1993376,0.25360621,-5.1993376,-5.1993376,-0.11441489,-0.21363612,-1.0230033,0.21678579
5757,-5.1993376,0.23938016,0.91087287,1.057485,0.63946185,-5.1993376,0.25360621,5.1993376,-5.1993376,0.72334253,0.69910809,0.14858402,-5.1993376
5758,1.4181186,-0.53653104,-0.1422445,0.61199579,0.17400458,0.62109893,2.1696941,5.1993376,-5.1993376,0.18165198,-0.21363612,-0.36553148,-5.1993376
5759,-5.1993376,-0.42660141,-5.1993376,-1.059682,-0.26398459,-5.1993376,0.25360621,5.1993376,-5.1993376,0.14858402,1.3781138,-2.4320167,-5.1993376
5760,-5.1993376,-0.64408623,1.401177,0.64872442,-0.26398459,-0.1422445,-0.67055744,-5.1993376,-5.1993376,0.10810309,-0.21363612,-0.36553148,-5.1993376
5761,-5.1993376,1.6844637,0.31764959,-0.13591068,-1.3219458,-0.1422445,-0.67055744,5.1993376,5.1993376,-5.1993376,-0.60746322,0.58052362,0.94297791
5762,-5.1993376,2.5423492,1.2640664,0.47100434,-1.3219458,-5.1993376,0.25360621,5.1993376,5.1993376,0.34948301,0.18547963,-1.2502419,-5.1993376
5763,1.0230033,-1.687705,0.91087287,-0.98357337,2.1440107,2.4743823,-1.9037736,-5.1993376,-5.1993376,-0.053972647,-1.1694007,-0.79704409,-5.1993376
5764,1.0230033,-1.7502216,-1.1644437,-2.5423492,1.2023467,0.62109893,0.96142934,5.1993376,5.1993376,-5.1993376,-1.1694007,0.71036555,-5.1993376
5765,0.51349142,-0.14604751,-0.1422445,0.98561042,0.087932998,0.62109893,-0.36687305,5.1993376,5.1993376,-0.17018472,-0.21363612,-0.36553148,0.18390034
5766,-5.1993376,-1.5480028,-5.1993376,-1.6590928,0.17400458,0.29660674,-1.1768904,-5.1993376,5.1993376,-5.1993376,-5.1993376,-1.0230033,0.14413467
5767,0.51349142,1.1946284,-5.1993376,-2.5423492,-1.6299924,1.0774455,-0.98765156,5.1993376,-5.1993376,-0.65804298,0.18547963,-0.79704409,0.95151828
5768,-5.1993376,-1.1140325,-0.1422445,0.13337869,0.63946185,-0.1422445,-0.67055744,5.1993376,-5.1993376,0.68159434,1.3781138,0.58052362,0.75466427
5769,1.0230033,-1.7274656,1.649237,-1.3684503,0.63946185,0.87535389,0.25360621,-5.1993376,-5.1993376,0.0062728847,-1.1694007,-0.36553148,-5.1993376
5770,-5.1993376,-1.057485,2.6590904,1.7679033,-0.26398459,-5.1993376,0.25360621,-5.1993376,-5.1993376,0.79360155,-0.21363612,0.45146888,0.57128942
5771,0.51349142,1.0124743,-0.7315153,0.05146002,0.63946185,-0.1422445,1.2447784,5.1993376,5.1993376,0.64100179,-0.21363612,-1.0230033,-5.1993376
5772,1.0230033,-2.0367091,-0.43348197,-0.90518882,0.97546566,1.2612822,-0.42385485,-5.1993376,-5.1993376,1.0978448,-1.1694007,-0.57311539,-5.1993376
5773,-5.1993376,-0.72660581,-0.1422445,0.17400458,1.2023467,-5.1993376,0.25360621,5.1993376,-5.1993376,1.0444088,-0.60746322,0.98561042,0.59512099
5774,1.0230033,1.2502419,-1.3159579,-0.66428721,-0.69112102,0.62109893,0.96142934,-5.1993376,5.1993376,1.0978448,0.18547963,-1.0230033,-5.1993376
5775,1.0230033,-0.0050182959,-1.1644437,-0.72008693,0.97546566,2.1696941,-1.5215251,5.1993376,-5.1993376,-0.78332986,-0.60746322,0.29922973,-5.1993376
5776,-5.1993376,-0.2239158,-0.7315153,-0.44869228,0.30448193,-5.1993376,0.25360621,5.1993376,5.1993376,0.70552998,-1.1694007,0.71036555,0.42303151
5777,1.0230033,-0.86436505,0.55253687,-0.13591068,0.40471681,0.87535389,0.25360621,-5.1993376,-5.1993376,1.215372,-1.1694007,1.2339616,0.80222568
5778,-5.1993376,-0.42660141,-0.1422445,-0.23808933,-0.26398459,-5.1993376,0.25360621,5.1993376,5.1993376,-0.92233022,0.69910809,0.58052362,-5.1993376
5779,1.7679033,-0.58498388,0.2239158,0.40607882,0.17400458,1.0774455,1.5542696,-5.1993376,5.1993376,-0.11441489,0.18547963,0.71036555,-5.1993376
5780,0.51349142,-0.18165198,1.649237,1.7055704,0.97546566,0.62109893,-0.36687305,5.1993376,-5.1993376,1.1163689,-0.21363612,0.29922973,-5.1993376
5781,-5.1993376,-0.34415366,0.2239158,0.8196557,-0.97143575,1.0774455,-1.994971,-5.1993376,5.1993376,-0.11441489,1.3781138,-0.001254569,-5.1993376
5782,-5.1993376,0.13464458,0.11820414,0.05146002,-0.26398459,0.62109893,-1.5215251,5.1993376,5.1993376,-0.45564031,0.69910809,-0.79704409,-5.1993376
5783,1.0230033,-0.058998939,-0.1422445,0.13337869,-1.8114574,0.62109893,0.96142934,5.1993376,-5.1993376,0.22262957,0.69910809,-0.17527843,0.49213682
5784,-5.1993376,-0.27439149,-0.1422445,0.092971849,-0.97143575,-5.1993376,0.25360621,5.1993376,-5.1993376,-0.36017172,1.3781138,1.464186,-5.1993376
5785,-5.1993376,1.1352842,1.649237,-5.1993376,-3.2291427,-5.1993376,0.25360621,5.1993376,5.1993376,-5.1993376,0.69910809,-3.0899352,-5.1993376
5786,-5.1993376,-0.31237604,0.2239158,0.61199579,-0.26398459,-5.1993376,0.25360621,5.1993376,-5.1993376,1.505747,1.3781138,0.29922973,0.49213682
5787,-5.1993376,0.41563423,-0.43348197,0.50492201,0.97546566,-5.1993376,0.25360621,5.1993376,-5.1993376,0.58796385,-0.21363612,-0.57311539,-5.1993376
5788,-5.1993376,-0.34415366,0.55253687,0.75299744,0.63946185,0.29660674,-1.1768904,5.1993376,-5.1993376,0.8570968,-0.60746322,0.45146888,-5.1993376
5789,-5.1993376,0.14731565,0.2239158,-0.041412601,0.97546566,-5.1993376,0.25360621,-5.1993376,5.1993376,-0.65804298,-1.1694007,0.14858402,1.7694834
5790,-5.1993376,0.51349142,-0.7315153,-0.72008693,-0.26398459,0.62109893,-1.5215251,5.1993376,5.1993376,0.0062728847,-0.60746322,-1.2502419,-5.1993376
5791,-5.1993376,-1.0336468,-0.1422445,0.05146002,-0.26398459,-5.1993376,0.25360621,-5.1993376,-5.1993376,-0.92233022,0.69910809,-0.79704409,-5.1993376
5792,-5.1993376,0.94169982,1.2640664,1.2366522,-0.83733836,-5.1993376,0.25360621,5.1993376,-5.1993376,1.2475055,0.18547963,0.58052362,2.5111046
5793,0.51349142,0.90330062,0.55253687,0.68001258,-0.26398459,0.29660674,0.25360621,-5.1993376,-5.1993376,-0.11441489,0.18547963,-1.0230033,1.0964392
5794,-5.1993376,-0.60595514,-0.7315153,-2.5423492,0.30448193,-5.1993376,0.25360621,5.1993376,5.1993376,-5.1993376,1.3781138,-1.873053,0.98765156
5795,2.483413,0.49638952,-0.1422445,-0.56279634,-1.3219458,2.2899878,-0.28617106,5.1993376,-5.1993376,-0.55985906,1.3781138,-0.79704409,0.70310455
5796,0.51349142,-0.26268576,-0.1422445,0.40607882,0.30448193,0.29660674,0.25360621,5.1993376,-5.1993376,-0.11441489,-0.21363612,0.71036555,-5.1993376
5797,-5.1993376,0.84987354,-5.1993376,-0.98357337,-0.26398459,-5.1993376,0.25360621,5.1993376,-5.1993376,0.10810309,0.18547963,-0.001254569,-5.1993376
5798,-5.1993376,1.1352842,0.55253687,-0.29005812,-1.8114574,-5.1993376,0.25360621,5.1993376,-5.1993376,0.8570968,0.18547963,-1.0230033,0.85492514
5799,1.0230033,0.1257878,-0.1422445,-0.29005812,-1.3219458,0.29660674,1.761948,5.1993376,-5.1993376,0.34948301,0.69910809,-0.79704409,0.25898188
5800,-5.1993376,0.27699782,1.2640664,1.2895781,0.30448193,-5.1993376,0.25360621,5.1993376,-5.1993376,-0.92233022,0.18547963,-0.17527843,-5.1993376
5801,-5.1993376,-1.1140325,-0.1422445,-0.18547963,-0.26398459,-5.1993376,0.25360621,5.1993376,-5.1993376,-0.36017172,0.69910809,-1.0230033,0.93192742
5802,1.0230033,-0.81265408,1.2640664,1.533612,-0.69112102,0.62109893,0.96142934,5.1993376,-5.1993376,-0.17018472,0.69910809,-0.57311539,0.82317161
5803,0.51349142,1.1187114,-0.1422445,0.36821529,-0.26398459,-0.1422445,1.2447784,-5.1993376,-5.1993376,-0.053972647,0.18547963,0.29922973,0.45073415
5804,0.51349142,1.3978365,1.649237,1.5627215,0.17400458,-0.1422445,1.2447784,5.1993376,-5.1993376,0.0062728847,0.18547963,0.85167519,-5.1993376
5805,-5.1993376,-0.74635093,0.55253687,0.57607489,0.97546566,0.29660674,-1.1768904,5.1993376,5.1993376,-0.36017172,-0.21363612,-1.0230033,-5.1993376
5806,2.1079532,0.9165865,-0.1422445,-0.83912102,-0.26398459,1.2612822,1.761948,5.1993376,5.1993376,1.5627215,-0.60746322,1.1140325,-5.1993376
5807,1.7679033,0.080378865,-0.7315153,-1.3684503,-0.26398459,0.87535389,2.5423492,5.1993376,5.1993376,-5.1993376,-1.1694007,0.98561042,-5.1993376
5808,0.51349142,2.1696941,0.2239158,0.25360621,-0.97143575,0.29660674,0.25360621,5.1993376,-5.1993376,1.9476546,0.69910809,0.14858402,-5.1993376
5809,0.51349142,0.79360155,-0.1422445,-0.18547963,0.97546566,0.29660674,0.25360621,5.1993376,5.1993376,-0.78332986,-0.21363612,-0.79704409,-5.1993376
5810,-5.1993376,-0.32557657,-1.1644437,-0.72008693,-0.83733836,-0.1422445,-0.67055744,5.1993376,-5.1993376,0.51635627,0.18547963,0.45146888,-5.1993376
5811,-5.1993376,0.18803291,0.55253687,0.95151828,-0.26398459,-5.1993376,0.25360621,5.1993376,-5.1993376,-0.78332986,0.18547963,0.85167519,-5.1993376
5812,-5.1993376,1.6022103,-0.1422445,0.092971849,-1.3219458,-0.1422445,-0.67055744,-5.1993376,5.1993376,-5.1993376,-0.21363612,-1.0230033,0.6927149
5813,1.0230033,1.5712865,0.91087287,0.092971849,0.17400458,0.62109893,0.96142934,-5.1993376,-5.1993376,1.0685216,0.18547963,-0.17527843,-5.1993376
5814,-5.1993376,-0.42660141,-0.7315153,-0.56279634,-0.26398459,-0.1422445,-0.67055744,5.1993376,-5.1993376,0.53653104,0.69910809,-2.1079532,-5.1993376
5815,1.0230033,0.29005812,-0.1422445,0.50492201,-0.26398459,0.29660674,1.761948,5.1993376,-5.1993376,-0.22648938,1.3781138,-0.17527843,0.64829124
5816,-5.1993376,-1.0166724,-0.1422445,0.13337869,-0.26398459,-5.1993376,0.25360621,5.1993376,-5.1993376,-0.55985906,1.3781138,-1.4678604,0.38572587
5817,-5.1993376,-0.42660141,-0.1422445,-0.29005812,-0.69112102,-5.1993376,0.25360621,5.1993376,5.1993376,-0.36017172,0.69910809,-0.57311539,-5.1993376
5818,-5.1993376,-0.15365993,1.649237,0.61199579,0.17400458,-5.1993376,0.25360621,-5.1993376,-5.1993376,1.0082941,-0.21363612,0.98561042,-5.1993376
5819,-5.1993376,-0.65337661,-0.1422445,-0.90518882,-0.26398459,0.29660674,-1.1768904,5.1993376,-5.1993376,0.29791798,-0.21363612,-0.36553148,-5.1993376
5820,1.0230033,0.016310116,1.0841952,0.84987354,-0.26398459,0.87535389,0.25360621,-5.1993376,-5.1993376,0.79360155,-1.1694007,0.58052362,0.45412485
5821,1.4181186,-0.9165865,1.0841952,0.88088812,1.3684503,1.0774455,0.89765526,5.1993376,-5.1993376,1.2668604,-0.60746322,-0.17527843,2.0965206
5822,-5.1993376,0.68001258,-1.1644437,-0.18547963,0.087932998,-5.1993376,0.25360621,5.1993376,-5.1993376,-0.36017172,0.69910809,-2.1079532,-5.1993376
5823,-5.1993376,0.953493,0.55253687,0.40607882,-0.26398459,0.29660674,-1.1768904,5.1993376,5.1993376,-0.55985906,-0.60746322,0.71036555,1.5843543
5824,-5.1993376,0.11820414,-0.1422445,-0.041412601,-0.97143575,-5.1993376,0.25360621,5.1993376,-5.1993376,0.14858402,0.69910809,1.464186,1.1582999
5825,0.51349142,-1.1140325,-0.1422445,0.13337869,0.63946185,0.29660674,0.25360621,5.1993376,-5.1993376,-0.55985906,0.69910809,-0.79704409,0.20911798
5826,1.0230033,-0.42660141,-0.43348197,-0.72008693,-0.69112102,0.29660674,1.761948,5.1993376,-5.1993376,1.2393519,0.69910809,-0.17527843,0.59094906
5827,-5.1993376,0.34948301,0.55253687,0.47100434,-0.83733836,-0.1422445,-0.67055744,5.1993376,-5.1993376,0.88830934,0.18547963,0.58052362,0.9223526
5828,1.0230033,0.64254324,-0.7315153,-0.34149266,0.17400458,0.87535389,0.25360621,5.1993376,-5.1993376,0.29791798,0.18547963,-0.79704409,1.4924052
5829,1.0230033,-1.1140325,-0.1422445,-0.23808933,-1.3219458,0.29660674,1.761948,5.1993376,-5.1993376,0.06025574,0.69910809,-1.2502419,0.54208905
5830,-5.1993376,-0.095492152,-0.43348197,-0.23808933,-0.26398459,-5.1993376,0.25360621,-5.1993376,5.1993376,-0.28744217,1.3781138,0.98561042,0.99685144
5831,0.51349142,-0.94088545,0.2239158,0.84987354,-0.26398459,0.29660674,0.25360621,5.1993376,-5.1993376,0.14858402,1.3781138,-0.57311539,-5.1993376
5832,-5.1993376,-0.63792343,-0.43348197,-0.089192496,1.0955557,-5.1993376,0.25360621,-5.1993376,5.1993376,-5.1993376,-0.60746322,-0.001254569,-5.1993376
5833,-5.1993376,-1.1768904,0.55253687,0.88088812,0.63946185,-5.1993376,0.25360621,5.1993376,5.1993376,-0.78332986,1.3781138,1.5669896,-5.1993376
5834,-5.1993376,-0.8589096,-0.1422445,-0.72008693,-0.26398459,1.0774455,-1.994971,5.1993376,-5.1993376,-0.45564031,-1.1694007,-0.36553148,0.22648938
5835,0.51349142,0.23938016,0.55253687,1.0230033,-1.0819398,1.2612822,-1.1768904,5.1993376,-5.1993376,0.40471681,0.18547963,-0.17527843,-5.1993376
5836,1.7679033,0.88644946,2.9674304,3.1579539,-0.26398459,0.87535389,2.5423492,5.1993376,5.1993376,1.1844468,0.69910809,0.45146888,1.3041081
5837,1.0230033,-0.93585209,0.11820414,-2.2730524,0.63946185,1.0774455,-0.300542,5.1993376,-5.1993376,-0.92233022,-0.21363612,-0.36553148,-5.1993376
5838,1.0230033,-0.63025382,-0.1422445,0.25360621,1.0955557,2.0853556,-1.3978365,-5.1993376,5.1993376,0.34948301,-1.1694007,-1.0230033,0.38707768
5839,-5.1993376,-0.66116187,1.401177,1.4903351,0.30448193,-5.1993376,0.25360621,-5.1993376,5.1993376,0.26658359,-0.21363612,-0.57311539,-5.1993376
5840,-5.1993376,-0.036390523,-1.1644437,-1.059682,0.63946185,-5.1993376,0.25360621,-5.1993376,5.1993376,-5.1993376,0.69910809,0.85167519,-5.1993376
5841,1.0230033,0.26138737,1.0841952,1.4181186,0.63946185,0.29660674,1.761948,-5.1993376,5.1993376,1.7330708,-0.60746322,1.464186,0.77058079
5842,-5.1993376,1.8245559,-0.1422445,0.43900121,-0.26398459,-5.1993376,0.25360621,5.1993376,5.1993376,-5.1993376,0.18547963,-1.0230033,-5.1993376
5843,0.51349142,0.17655256,-0.7315153,-0.6150245,-1.3219458,-0.1422445,1.2447784,5.1993376,5.1993376,-5.1993376,0.69910809,0.14858402,1.3463856
5844,-5.1993376,-0.36017172,1.0841952,0.05146002,-0.26398459,-5.1993376,0.25360621,-5.1993376,-5.1993376,0.53653104,-0.21363612,-1.873053,-5.1993376
5845,1.0230033,-0.42660141,-1.1644437,-0.66428721,-1.3219458,0.29660674,1.761948,5.1993376,-5.1993376,0.93779777,0.69910809,1.1140325,2.2425613
5846,-5.1993376,0.7152178,-0.1422445,-0.18547963,-0.26398459,-5.1993376,0.25360621,5.1993376,-5.1993376,-0.92233022,-0.21363612,-0.17527843,-5.1993376
5847,0.51349142,1.0400895,1.649237,1.7055704,-0.83733836,-0.1422445,1.2447784,5.1993376,-5.1993376,1.215372,-0.21363612,1.2339616,-5.1993376
5848,0.51349142,-1.1140325,-0.7315153,-0.90518882,-0.69112102,1.0774455,-0.98765156,-5.1993376,-5.1993376,1.3846283,0.69910809,0.14858402,-5.1993376
5849,-5.1993376,-0.18165198,-0.7315153,-0.6150245,0.30448193,-5.1993376,0.25360621,5.1993376,-5.1993376,-0.17018472,-0.60746322,-0.17527843,-5.1993376
5850,-5.1993376,0.72171378,1.401177,1.8952593,-1.0819398,-5.1993376,0.25360621,5.1993376,-5.1993376,0.14858402,2.1196682,1.8312243,0.32028968
5851,-5.1993376,0.58498388,0.55253687,1.3249577,0.97546566,-5.1993376,0.25360621,5.1993376,5.1993376,0.0062728847,0.18547963,1.2339616,0.6314717
5852,1.7679033,0.89335445,-1.0444088,-1.2529876,0.40471681,1.8803524,-0.31633038,5.1993376,5.1993376,0.14858402,-1.1694007,-0.17527843,-5.1993376
5853,1.0230033,0.26138737,1.649237,2.4769214,0.63946185,0.62109893,0.96142934,-5.1993376,-5.1993376,-0.65804298,0.18547963,-1.2502419,-5.1993376
5854,-5.1993376,-0.79532164,-5.1993376,-1.505747,2.1440107,0.62109893,-1.5215251,5.1993376,5.1993376,-5.1993376,-5.1993376,-1.0230033,-5.1993376
5855,0.51349142,-1.7208181,0.55253687,-0.90518882,1.2023467,0.62109893,-0.36687305,-5.1993376,-5.1993376,0.40471681,-5.1993376,0.45146888,-5.1993376
5856,-5.1993376,-0.57755653,-0.7315153,0.40607882,0.63946185,-5.1993376,0.25360621,5.1993376,-5.1993376,-0.65804298,-0.21363612,-1.2502419,-5.1993376
5857,-5.1993376,-0.88459264,0.55253687,0.43900121,1.2023467,-0.1422445,-0.67055744,-5.1993376,5.1993376,-0.053972647,-1.1694007,1.2339616,-5.1993376
5858,1.7679033,0.65648594,-0.1422445,0.05146002,0.30448193,1.8803524,-0.31633038,5.1993376,-5.1993376,-1.0552931,0.69910809,-0.17527843,0.3561587
5859,-5.1993376,-1.2206403,0.2239158,-0.90518882,0.63946185,-0.1422445,-0.67055744,5.1993376,-5.1993376,0.953493,-1.1694007,-1.2502419,-5.1993376
5860,0.51349142,0.11820414,1.649237,2.1316816,0.30448193,0.29660674,0.25360621,-5.1993376,-5.1993376,0.8570968,-0.21363612,-0.36553148,0.37090175
5861,-5.1993376,1.7055704,1.0841952,1.8952593,-2.0431151,-5.1993376,0.25360621,-5.1993376,-5.1993376,1.1400769,2.1196682,-0.36553148,2.5864122
5862,-5.1993376,-1.4941549,0.91087287,1.057485,1.2023467,0.62109893,-1.5215251,-5.1993376,5.1993376,0.18165198,-0.60746322,-1.2502419,-5.1993376
5863,0.51349142,-0.63025382,-0.1422445,0.47100434,-0.26398459,-0.1422445,1.2447784,5.1993376,-5.1993376,0.98969684,1.3781138,-1.873053,-5.1993376
5864,-5.1993376,-0.97143575,0.2239158,0.29267606,-0.26398459,-5.1993376,0.25360621,5.1993376,5.1993376,-5.1993376,0.69910809,0.14858402,-5.1993376
5865,-5.1993376,1.7679033,-5.1993376,-1.144896,-0.26398459,-5.1993376,0.25360621,5.1993376,-5.1993376,-0.36017172,0.69910809,1.464186,-5.1993376
5866,-5.1993376,-0.80569207,-1.1644437,-0.29005812,-0.26398459,-0.1422445,-0.67055744,5.1993376,5.1993376,0.18165198,1.3781138,-0.17527843,-5.1993376
5867,0.51349142,-0.42660141,0.55253687,0.68001258,-1.3219458,0.87535389,-0.67055744,5.1993376,5.1993376,-0.28744217,0.69910809,0.29922973,1.6050429
5868,-5.1993376,-1.4941549,-5.1993376,-0.98357337,0.63946185,-0.1422445,-0.67055744,5.1993376,-5.1993376,1.1570615,0.69910809,-1.873053,-5.1993376
5869,1.0230033,0.27699782,-0.1422445,-0.66428721,0.63946185,0.62109893,0.96142934,5.1993376,5.1993376,0.22262957,-1.1694007,0.98561042,1.144896
5870,-5.1993376,-0.95547144,0.55253687,0.50492201,-0.26398459,-5.1993376,0.25360621,5.1993376,5.1993376,0.90897492,0.69910809,-0.36553148,-5.1993376
5871,-5.1993376,-0.97143575,-0.1422445,0.54088248,0.63946185,-5.1993376,0.25360621,5.1993376,-5.1993376,1.2393519,1.3781138,1.5669896,-5.1993376
5872,1.0230033,1.6844637,0.55253687,0.64872442,-0.26398459,0.87535389,0.25360621,5.1993376,5.1993376,-0.78332986,0.18547963,0.85167519,0.82317161
5873,0.51349142,0.37762969,-0.7315153,-0.041412601,-2.0431151,-0.1422445,1.2447784,5.1993376,5.1993376,-5.1993376,2.1196682,-1.6691125,0.38437477
5874,0.51349142,1.1352842,-0.7315153,-0.23808933,0.40471681,-0.1422445,1.2447784,5.1993376,-5.1993376,-0.78332986,0.69910809,-0.001254569,-5.1993376
5875,1.4181186,0.87719565,0.55253687,-0.29005812,-0.26398459,0.62109893,2.1696941,5.1993376,-5.1993376,2.0151366,0.69910809,0.98561042,1.3044924
5876,0.51349142,-2.0215719,-0.7315153,-1.2529876,1.6022103,1.8803524,-1.7986626,5.1993376,-5.1993376,-0.92233022,-1.1694007,0.85167519,-5.1993376
5877,1.4181186,0.96742157,-5.1993376,-0.041412601,0.087932998,0.62109893,2.1696941,5.1993376,5.1993376,-5.1993376,-0.21363612,-0.79704409,-5.1993376
5878,-5.1993376,0.99174625,-0.1422445,-0.041412601,0.087932998,-5.1993376,0.25360621,5.1993376,-5.1993376,0.18165198,0.69910809,-0.17527843,-5.1993376
5879,-5.1993376,-0.11820414,0.55253687,-0.13591068,-0.26398459,-0.1422445,-0.67055744,5.1993376,-5.1993376,-0.11441489,-0.21363612,0.85167519,0.49213682
5880,-5.1993376,0.69590794,-0.1422445,-0.34149266,-1.7219141,-5.1993376,0.25360621,5.1993376,-5.1993376,0.58796385,5.1993376,-0.79704409,-5.1993376
5881,-5.1993376,-1.6996075,-0.7315153,-1.8179677,2.1440107,1.0774455,-1.994971,5.1993376,5.1993376,-5.1993376,-5.1993376,-0.57311539,0.3628503
5882,-5.1993376,-1.4250105,-5.1993376,-0.83912102,0.63946185,-5.1993376,0.25360621,-5.1993376,5.1993376,-5.1993376,1.3781138,-0.17527843,-5.1993376
5883,-5.1993376,0.86618925,1.649237,1.3879077,-0.26398459,-0.1422445,-0.67055744,-5.1993376,-5.1993376,2.4085504,-0.21363612,1.8952593,0.88860925
5884,2.8778461,-1.337127,2.0965206,0.57607489,-0.26398459,1.4354772,5.1993376,-5.1993376,-5.1993376,0.64100179,-1.1694007,1.1140325,2.0040464
5885,0.51349142,0.47661874,-0.7315153,-0.72008693,2.1440107,0.29660674,0.25360621,5.1993376,-5.1993376,-0.78332986,-1.1694007,-0.57311539,-5.1993376
5886,0.51349142,2.0853556,0.2239158,0.54088248,-0.26398459,0.62109893,-0.36687305,-5.1993376,-5.1993376,0.84090635,0.18547963,0.98561042,0.3485941
5887,0.51349142,1.0124743,-1.1644437,-0.98357337,0.97546566,1.0774455,-0.98765156,5.1993376,-5.1993376,-5.1993376,-0.21363612,-2.4320167,-5.1993376
5888,-5.1993376,0.20209835,-0.1422445,-0.34149266,0.63946185,-5.1993376,0.25360621,5.1993376,5.1993376,-5.1993376,0.69910809,-0.17527843,0.72497321
5889,-5.1993376,-1.0336468,0.55253687,0.88088812,-0.97143575,-5.1993376,0.25360621,5.1993376,-5.1993376,1.2982711,1.3781138,-0.17527843,-5.1993376
5890,0.51349142,0.57607489,-0.1422445,0.13337869,-2.6965111,-0.1422445,1.2447784,5.1993376,-5.1993376,-0.053972647,0.69910809,-1.4678604,0.82317161
5891,-5.1993376,0.10557959,-0.7315153,-0.041412601,0.63946185,-5.1993376,0.25360621,5.1993376,5.1993376,0.06025574,-1.1694007,-0.36553148,-5.1993376
5892,1.0230033,0.10557959,0.55253687,1.8245559,-0.83733836,0.29660674,1.761948,-5.1993376,5.1993376,0.324254,0.18547963,0.29922973,0.19509741
5893,-5.1993376,1.3716572,-0.1422445,0.84987354,-0.26398459,-0.1422445,-0.67055744,-5.1993376,5.1993376,-0.28744217,0.18547963,-1.873053,0.69737605
5894,-5.1993376,-0.26268576,-0.1422445,-0.041412601,0.40471681,-0.1422445,-0.67055744,5.1993376,5.1993376,-0.55985906,-1.1694007,-0.79704409,-5.1993376
5895,0.51349142,0.7152178,-0.1422445,0.40607882,0.97546566,-0.1422445,1.2447784,5.1993376,5.1993376,0.06025574,-0.21363612,1.5669896,-5.1993376
5896,1.0230033,-0.24454752,-5.1993376,-1.6590928,-0.83733836,0.62109893,0.96142934,5.1993376,-5.1993376,-0.36017172,0.69910809,0.71036555,0.28615054
5897,-5.1993376,0.095492152,0.55253687,-1.9858764,1.2023467,0.62109893,-1.5215251,-5.1993376,-5.1993376,1.0293754,-5.1993376,0.14858402,-5.1993376
5898,0.51349142,0.5642668,0.11820414,0.78845531,-2.0431151,0.87535389,-0.67055744,5.1993376,-5.1993376,0.29791798,2.1196682,-0.17527843,1.2573444
5899,-5.1993376,0.20209835,-5.1993376,-1.144896,-1.6299924,-5.1993376,0.25360621,5.1993376,5.1993376,-5.1993376,0.69910809,-1.0230033,-5.1993376
5900,0.51349142,-1.6171166,0.2239158,1.5096564,-0.26398459,-0.1422445,1.2447784,5.1993376,-5.1993376,2.1121184,-0.21363612,1.3494976,1.5986325
5901,-5.1993376,-1.1140325,-0.1422445,-0.089192496,-0.69112102,-5.1993376,0.25360621,5.1993376,5.1993376,1.9105996,1.3781138,-1.4678604,0.95151828
5902,0.51349142,0.025094008,-0.7315153,-0.77822491,-0.69112102,0.87535389,-0.67055744,5.1993376,5.1993376,-0.053972647,-1.1694007,-1.0230033,-5.1993376
5903,1.0230033,0.29005812,0.2239158,-0.39384742,1.3684503,1.0774455,-0.300542,-5.1993376,5.1993376,-1.0552931,-0.21363612,0.58052362,1.4293415
5904,-5.1993376,-0.81614989,0.55253687,1.0230033,-0.26398459,-5.1993376,0.25360621,-5.1993376,5.1993376,0.48930663,0.69910809,-0.57311539,-5.1993376
5905,1.0230033,0.25101592,0.91087287,0.05146002,0.17400458,0.29660674,1.761948,-5.1993376,-5.1993376,0.68159434,-1.1694007,-0.79704409,0.23912196
5906,1.4181186,2.0853556,1.2640664,0.40607882,-0.97143575,0.87535389,1.2447784,5.1993376,-5.1993376,1.5215251,0.18547963,1.6590928,1.9394478
5907,-5.1993376,-0.60595514,-0.1422445,0.0062728847,0.63946185,-5.1993376,0.25360621,5.1993376,-5.1993376,-0.45564031,0.18547963,0.71036555,1.4568958
5908,1.0230033,2.7530168,1.649237,1.9264032,-2.6965111,0.29660674,1.761948,5.1993376,5.1993376,1.0685216,2.1196682,0.14858402,0.82317161
5909,2.1079532,1.3249577,0.91087287,0.13337869,-1.0819398,1.7444475,0.86984634,5.1993376,5.1993376,-0.11441489,0.18547963,-0.001254569,-5.1993376
5910,0.51349142,1.5627215,-0.7315153,-0.23808933,-1.3219458,-0.1422445,1.2447784,5.1993376,-5.1993376,-1.0552931,1.3781138,-0.36553148,-5.1993376
5911,0.51349142,-1.358913,0.2239158,0.95151828,0.17400458,-0.1422445,1.2447784,-5.1993376,-5.1993376,-0.55985906,-0.21363612,-0.79704409,-5.1993376
5912,-5.1993376,0.37762969,1.649237,2.1316816,0.30448193,-5.1993376,0.25360621,-5.1993376,5.1993376,0.22262957,0.18547963,0.45146888,-5.1993376
5913,1.4181186,0.46400712,1.649237,1.7055704,-0.26398459,1.4354772,-0.28091085,5.1993376,5.1993376,1.505747,0.18547963,2.1968939,1.5192554
5914,1.0230033,-2.1979509,0.14026113,-1.3684503,-0.26398459,1.0774455,-0.300542,-5.1993376,-5.1993376,-0.28744217,-1.1694007,-0.79704409,-5.1993376
5915,1.4181186,0.73315571,-0.7315153,-0.90518882,-0.83733836,0.87535389,1.2447784,5.1993376,5.1993376,-0.78332986,-0.21363612,0.58052362,0.41965579
5916,1.7679033,0.53943086,0.2239158,0.75299744,-0.83733836,1.8803524,-0.31633038,5.1993376,-5.1993376,-0.22648938,0.18547963,-0.17527843,-5.1993376
5917,1.4181186,-0.21491982,-0.7315153,-0.72008693,-0.83733836,2.0853556,-0.98765156,5.1993376,-5.1993376,-0.65804298,0.69910809,-0.17527843,0.91610842
5918,-5.1993376,-0.29529601,-0.1422445,-0.44869228,1.2023467,0.29660674,-1.1768904,5.1993376,-5.1993376,1.761948,-1.1694007,0.71036555,1.3295504
5919,-5.1993376,1.6252744,-5.1993376,-1.505747,1.6022103,-5.1993376,0.25360621,5.1993376,5.1993376,-5.1993376,-1.1694007,-0.17527843,-5.1993376
5920,-5.1993376,-1.9452107,-1.1644437,-2.5423492,1.3684503,-5.1993376,0.25360621,5.1993376,5.1993376,-0.45564031,-0.21363612,-1.0230033,0.17663724
5921,-5.1993376,0.57607489,0.2239158,0.47100434,-0.26398459,-5.1993376,0.25360621,-5.1993376,-5.1993376,0.68159434,-0.21363612,-0.36553148,0.88446051
5922,-5.1993376,-0.058998939,0.55253687,1.2075323,-0.69112102,-5.1993376,0.25360621,5.1993376,-5.1993376,0.324254,1.3781138,0.98561042,-5.1993376
5923,-5.1993376,-0.81614989,0.91087287,1.5627215,0.30448193,0.29660674,-1.1768904,-5.1993376,-5.1993376,1.0978448,-0.21363612,0.14858402,0.30448193
5924,-5.1993376,-0.33617787,-0.7315153,-0.13591068,0.63946185,-0.1422445,-0.67055744,5.1993376,-5.1993376,0.0062728847,-0.60746322,-0.57311539,-5.1993376
5925,-5.1993376,-0.20081806,-0.1422445,-1.059682,0.63946185,-0.1422445,-0.67055744,5.1993376,5.1993376,-5.1993376,1.3781138,-1.6691125,0.67029529
5926,-5.1993376,-1.1140325,2.9674304,-5.1993376,-2.0431151,-5.1993376,0.25360621,5.1993376,-5.1993376,0.29791798,1.3781138,-1.873053,0.78162595
5927,-5.1993376,0.33485067,-0.43348197,-0.23808933,0.63946185,-5.1993376,0.25360621,5.1993376,5.1993376,-5.1993376,0.69910809,-0.57311539,-5.1993376
5928,-5.1993376,0.32161055,1.2640664,1.0230033,-0.26398459,-5.1993376,0.25360621,-5.1993376,-5.1993376,-1.0552931,-0.21363612,-0.79704409,1.4568958
5929,1.0230033,0.70714,0.55253687,0.092971849,0.30448193,2.2899878,-1.6741858,-5.1993376,5.1993376,1.2557429,-0.60746322,1.3494976,0.65325448
5930,1.0230033,0.49638952,2.2681091,1.5627215,-0.26398459,0.62109893,0.96142934,-5.1993376,5.1993376,0.88830934,-0.60746322,-0.36553148,-5.1993376
5931,-5.1993376,0.75466427,1.1694007,1.4568958,-0.26398459,-5.1993376,0.25360621,-5.1993376,-5.1993376,-0.053972647,-0.21363612,-1.0230033,1.0474979
5932,1.0230033,0.064026723,-1.1644437,-0.66428721,1.2023467,1.0774455,-0.300542,5.1993376,-5.1993376,-0.92233022,-0.60746322,0.71036555,-5.1993376
5933,1.4181186,-0.29529601,-1.1644437,-0.66428721,-1.7219141,1.8803524,-0.67055744,5.1993376,-5.1993376,2.0973702,2.1196682,0.71036555,1.2127505
5934,-5.1993376,2.0533356,-0.43348197,0.05146002,-1.8114574,-5.1993376,0.25360621,5.1993376,5.1993376,-5.1993376,2.1196682,0.14858402,2.0151922
5935,-5.1993376,-0.07534535,-0.43348197,-0.50492201,0.63946185,0.29660674,-1.1768904,5.1993376,-5.1993376,0.06025574,0.18547963,-1.2502419,-5.1993376
5936,-5.1993376,-1.4045331,-0.1422445,-1.9858764,-0.26398459,-0.1422445,-0.67055744,-5.1993376,5.1993376,-5.1993376,-5.1993376,1.464186,0.55985906
5937,-5.1993376,1.6252744,0.55253687,0.57607489,0.63946185,-0.1422445,-0.67055744,5.1993376,-5.1993376,0.56132709,0.18547963,1.1140325,1.0315088
5938,-5.1993376,-0.59993651,-0.43348197,0.05146002,0.63946185,-5.1993376,0.25360621,5.1993376,-5.1993376,-0.36017172,-0.60746322,0.71036555,-5.1993376
5939,-5.1993376,-1.0487476,-0.1422445,0.05146002,0.97546566,-5.1993376,0.25360621,5.1993376,5.1993376,0.60897269,-1.1694007,1.2339616,0.57607489
5940,0.51349142,0.27699782,0.55253687,0.68001258,-0.26398459,1.0774455,-0.98765156,5.1993376,5.1993376,-0.45564031,1.3781138,0.14858402,0.78162595
5941,-5.1993376,-1.9493237,-0.47521374,-1.8179677,2.1440107,0.29660674,-1.1768904,5.1993376,5.1993376,0.40471681,-1.1694007,-1.0230033,0.34032466
5942,-5.1993376,0.046435725,-0.7315153,-0.29005812,-0.26398459,-5.1993376,0.25360621,5.1993376,-5.1993376,0.64100179,0.69910809,-1.0230033,-5.1993376
5943,0.51349142,0.17655256,0.91087287,0.092971849,-1.3219458,0.62109893,-0.36687305,5.1993376,5.1993376,0.22262957,0.69910809,0.71036555,0.77416208
5944,-5.1993376,0.47661874,-0.1422445,-0.23808933,-1.3219458,-0.1422445,-0.67055744,5.1993376,-5.1993376,0.62566982,0.69910809,0.29922973,0.67400937
5945,-5.1993376,-0.10305677,-0.1422445,-0.72008693,0.63946185,-5.1993376,0.25360621,5.1993376,-5.1993376,0.68159434,0.69910809,-0.001254569,3.2683256
5946,2.1079532,2.0533356,-5.1993376,-0.72008693,0.63946185,1.4354772,1.2447784,5.1993376,-5.1993376,-0.11441489,0.18547963,-0.36553148,-5.1993376
5947,-5.1993376,-0.94954727,-0.1422445,0.29267606,0.63946185,-0.1422445,-0.67055744,5.1993376,5.1993376,-1.0552931,-0.60746322,-0.36553148,0.9008942
5948,-5.1993376,-1.588771,-5.1993376,-1.3684503,2.9674304,-5.1993376,0.25360621,-5.1993376,5.1993376,-5.1993376,-5.1993376,-1.2502419,-5.1993376
5949,-5.1993376,0.74635093,0.91087287,-0.18547963,0.40471681,0.29660674,-1.1768904,5.1993376,-5.1993376,-1.0552931,-0.60746322,-0.57311539,-5.1993376
5950,0.51349142,-0.68317781,-5.1993376,-0.90518882,0.63946185,1.7444475,-1.6896701,5.1993376,-5.1993376,1.0293754,1.3781138,-1.2502419,-5.1993376
5951,0.51349142,-0.095492152,-0.1422445,0.25360621,-0.26398459,-0.1422445,1.2447784,5.1993376,-5.1993376,0.06025574,1.3781138,-1.2502419,-5.1993376
5952,-5.1993376,1.2075323,-5.1993376,-0.83912102,-1.3219458,-5.1993376,0.25360621,5.1993376,-5.1993376,0.10810309,0.18547963,1.5669896,2.254489
5953,-5.1993376,-0.29529601,-0.1422445,-0.18547963,-0.26398459,-5.1993376,0.25360621,5.1993376,-5.1993376,-0.36017172,0.69910809,-0.36553148,-5.1993376
5954,-5.1993376,2.4085504,0.55253687,0.50492201,0.30448193,-5.1993376,0.25360621,5.1993376,-5.1993376,-0.28744217,0.69910809,-1.4678604,-5.1993376
5955,0.51349142,-1.1140325,-0.7315153,-0.23808933,0.63946185,-0.1422445,1.2447784,-5.1993376,-5.1993376,-0.36017172,0.69910809,-0.001254569,-5.1993376
5956,1.7679033,0.38572587,-5.1993376,-1.8179677,0.97546566,2.456904,-1.0187781,5.1993376,5.1993376,-0.92233022,-0.60746322,0.29922973,0.19825847
5957,-5.1993376,-1.4827602,0.55253687,0.91467864,-0.26398459,-5.1993376,0.25360621,-5.1993376,-5.1993376,-0.28744217,0.69910809,1.1140325,0.51148854
5958,-5.1993376,0.60595514,-0.1422445,0.092971849,-1.0819398,-5.1993376,0.25360621,5.1993376,5.1993376,-0.17018472,0.69910809,-0.79704409,-5.1993376
5959,-5.1993376,0.19570018,0.55253687,0.13337869,0.087932998,0.29660674,-1.1768904,5.1993376,-5.1993376,0.10810309,0.18547963,-0.79704409,-5.1993376
5960,-5.1993376,1.3557612,0.11820414,0.17400458,-0.26398459,-5.1993376,0.25360621,5.1993376,5.1993376,-5.1993376,0.69910809,-1.873053,-5.1993376
5961,-5.1993376,1.2502419,-0.7315153,-0.50492201,0.63946185,-5.1993376,0.25360621,5.1993376,5.1993376,-5.1993376,0.69910809,1.6590928,-5.1993376
5962,0.51349142,1.2286069,1.649237,0.50492201,-1.8114574,-0.1422445,1.2447784,5.1993376,5.1993376,-0.053972647,-0.60746322,0.85167519,-5.1993376
5963,-5.1993376,-0.07534535,-0.7315153,-0.44869228,-0.26398459,-5.1993376,0.25360621,5.1993376,5.1993376,-5.1993376,0.18547963,-1.2502419,0.86204905
5964,-5.1993376,-0.18165198,1.649237,0.78845531,-0.83733836,-0.1422445,-0.67055744,5.1993376,5.1993376,0.22262957,0.69910809,0.29922973,1.0707446
5965,1.7679033,0.21620388,0.91087287,1.0909946,-0.26398459,0.87535389,2.5423492,5.1993376,5.1993376,2.2899878,0.69910809,1.464186,1.2528939
5966,-5.1993376,-0.18165198,0.55253687,0.40607882,0.30448193,-5.1993376,0.25360621,-5.1993376,-5.1993376,0.29791798,-1.1694007,-0.36553148,0.25231085
5967,-5.1993376,0.33485067,1.649237,2.8354122,-0.26398459,-5.1993376,0.25360621,-5.1993376,-5.1993376,-0.92233022,-0.21363612,0.14858402,0.64129269
5968,-5.1993376,0.72171378,1.649237,0.91467864,-0.26398459,-0.1422445,-0.67055744,5.1993376,-5.1993376,-0.28744217,0.69910809,0.45146888,1.5843543
5969,-5.1993376,0.68793853,0.11820414,1.057485,-0.26398459,0.29660674,-1.1768904,-5.1993376,5.1993376,1.1328976,-0.60746322,-0.79704409,-5.1993376
5970,1.4181186,-0.68317781,-1.1644437,0.17400458,0.63946185,3.0899352,-2.0965206,-5.1993376,-5.1993376,-0.36017172,-0.60746322,0.45146888,-5.1993376
5971,0.51349142,2.4197448,1.0841952,0.57607489,-2.6965111,-0.1422445,1.2447784,5.1993376,-5.1993376,2.1781597,2.1196682,1.2339616,-5.1993376
5972,0.51349142,-0.058998939,0.2239158,0.50492201,-0.26398459,0.62109893,-0.36687305,5.1993376,-5.1993376,-0.053972647,0.18547963,0.29922973,-5.1993376
5973,-5.1993376,-1.920575,-0.1422445,-2.1316816,2.1440107,0.62109893,-1.5215251,5.1993376,-5.1993376,0.06025574,-5.1993376,0.29922973,-5.1993376
5974,-5.1993376,-0.11820414,2.1968939,0.95151828,0.30448193,-0.1422445,-0.67055744,-5.1993376,-5.1993376,-0.65804298,-0.21363612,-0.17527843,1.3095454
5975,1.0230033,1.5712865,-0.43348197,0.0062728847,-0.97143575,0.29660674,1.761948,5.1993376,-5.1993376,0.84090635,0.18547963,-1.0230033,0.44965906
5976,1.0230033,-0.20081806,0.55253687,0.84987354,0.63946185,0.29660674,1.761948,5.1993376,-5.1993376,1.1328976,1.3781138,-0.17527843,-5.1993376
5977,-5.1993376,1.4532796,-0.1422445,-0.041412601,-0.26398459,-5.1993376,0.25360621,5.1993376,-5.1993376,-0.45564031,0.69910809,-1.4678604,-5.1993376
5978,-5.1993376,-1.1140325,-0.1422445,0.092971849,-0.26398459,-5.1993376,0.25360621,-5.1993376,5.1993376,-0.17018472,0.69910809,-1.4678604,-5.1993376
5979,0.51349142,0.90330062,1.4354772,1.7679033,0.17400458,0.87535389,-0.67055744,-5.1993376,5.1993376,0.0062728847,-0.21363612,0.45146888,-5.1993376
5980,-5.1993376,0.73315571,0.55253687,0.95151828,0.63946185,-5.1993376,0.25360621,5.1993376,5.1993376,-0.55985906,0.18547963,-1.2502419,-5.1993376
5981,-5.1993376,-0.99585764,-0.7315153,-0.56279634,-0.97143575,-5.1993376,0.25360621,5.1993376,-5.1993376,0.29791798,0.69910809,-1.0230033,0.46680326
5982,-5.1993376,-0.94088545,0.55253687,0.88088812,0.63946185,-5.1993376,0.25360621,5.1993376,-5.1993376,-0.28744217,0.69910809,-0.79704409,0.58872902
5983,0.51349142,0.60595514,0.55253687,0.32954771,1.3684503,0.29660674,0.25360621,5.1993376,5.1993376,0.10810309,-0.60746322,1.7560546,-5.1993376
5984,-5.1993376,-0.32557657,-0.1422445,0.17400458,0.17400458,0.29660674,-1.1768904,-5.1993376,5.1993376,-0.053972647,-0.60746322,0.14858402,-5.1993376
5985,1.7679033,0.47661874,-0.7315153,0.36821529,0.63946185,0.87535389,2.5423492,5.1993376,-5.1993376,0.92233022,-0.21363612,0.71036555,-5.1993376
5986,-5.1993376,-0.0050182959,2.1968939,0.68001258,-0.26398459,-5.1993376,0.25360621,5.1993376,-5.1993376,0.96742157,0.18547963,-0.001254569,-5.1993376
5987,-5.1993376,1.9494745,1.649237,-0.90518882,0.63946185,0.29660674,-1.1768904,-5.1993376,5.1993376,0.22262957,-1.1694007,0.71036555,-5.1993376
5988,0.51349142,-0.18165198,0.55253687,0.78845531,-0.69112102,0.29660674,0.25360621,5.1993376,5.1993376,1.358913,-0.60746322,1.1140325,1.29281
5989,-5.1993376,-0.72660581,-0.7315153,-0.089192496,-0.26398459,-5.1993376,0.25360621,5.1993376,-5.1993376,0.06025574,1.3781138,-1.0230033,-5.1993376
5990,-5.1993376,-1.2420606,-0.7315153,-1.9858764,0.63946185,-5.1993376,0.25360621,5.1993376,5.1993376,-5.1993376,-5.1993376,0.58052362,-5.1993376
5991,-5.1993376,-0.75967739,0.55253687,1.123415,-0.26398459,0.29660674,-1.1768904,5.1993376,-5.1993376,1.2259427,0.69910809,1.1140325,0.96420467
5992,-5.1993376,0.25101592,-0.7315153,0.05146002,0.63946185,0.62109893,-1.5215251,5.1993376,-5.1993376,-0.78332986,-0.21363612,-0.79704409,-5.1993376
5993,-5.1993376,-1.2753025,0.55253687,0.36821529,-0.26398459,-5.1993376,0.25360621,-5.1993376,-5.1993376,1.3781138,1.3781138,2.3076067,-5.1993376
5994,2.1079532,1.7679033,-5.1993376,-0.90518882,0.30448193,1.2612822,1.761948,5.1993376,-5.1993376,0.68159434,0.18547963,-0.79704409,-5.1993376
5995,-5.1993376,1.2502419,-0.7315153,-0.44869228,-0.26398459,-5.1993376,0.25360621,5.1993376,5.1993376,0.0062728847,0.18547963,0.29922973,-5.1993376
5996,1.0230033,-0.058998939,0.55253687,1.2640664,-0.26398459,0.62109893,0.96142934,5.1993376,5.1993376,0.72334253,-0.60746322,0.45146888,-5.1993376
5997,-5.1993376,-1.5605743,-5.1993376,-0.90518882,0.63946185,-5.1993376,0.25360621,-5.1993376,-5.1993376,1.2668604,-0.60746322,-0.36553148,-5.1993376
5998,-5.1993376,-1.5097242,0.91087287,0.17400458,1.6022103,-5.1993376,0.25360621,5.1993376,5.1993376,0.68159434,-1.1694007,0.29922973,-5.1993376
5999,-5.1993376,-0.33617787,-0.43348197,-0.39384742,1.0955557,-0.1422445,-0.67055744,5.1993376,5.1993376,-0.36017172,-1.1694007,0.45146888,-5.1993376
6000,-5.1993376,0.36955819,0.55253687,0.84987354,0.63946185,-0.1422445,-0.67055744,5.1993376,-5.1993376,-0.78332986,0.18547963,0.14858402,1.4304284
6001,-5.1993376,0.080378865,-0.1422445,0.29267606,-1.3219458,-5.1993376,0.25360621,5.1993376,-5.1993376,2.0533356,1.3781138,0.45146888,-5.1993376
6002,-5.1993376,-0.42660141,-0.7315153,-0.39384742,-0.26398459,-5.1993376,0.25360621,5.1993376,-5.1993376,0.953493,1.3781138,-0.57311539,-5.1993376
6003,-5.1993376,-0.28482819,-5.1993376,-0.83912102,-2.0431151,-0.1422445,-0.67055744,5.1993376,5.1993376,-0.45564031,0.69910809,-1.4678604,0.21363612
6004,-5.1993376,-0.15365993,1.959536,1.8448108,-0.26398459,0.62109893,-1.5215251,-5.1993376,-5.1993376,0.53653104,-0.21363612,0.58052362,-5.1993376
6005,-5.1993376,0.087932998,-0.1422445,0.40607882,-0.83733836,-0.1422445,-0.67055744,5.1993376,-5.1993376,-0.17018472,-0.21363612,-0.79704409,-5.1993376
6006,-5.1993376,-1.3846283,-1.1644437,-1.2529876,1.8658521,-0.1422445,-0.67055744,-5.1993376,5.1993376,-5.1993376,-5.1993376,-0.57311539,-5.1993376
6007,-5.1993376,0.10557959,-0.7315153,0.29267606,0.63946185,1.0774455,-1.994971,-5.1993376,-5.1993376,-0.22648938,-0.60746322,-0.36553148,-5.1993376
6008,1.0230033,0.53943086,-5.1993376,-1.6590928,-1.3219458,1.5843543,-0.95943959,5.1993376,-5.1993376,-0.17018472,-0.60746322,-0.36553148,0.49213682
6009,-5.1993376,-0.42660141,-0.7315153,-0.13591068,-0.26398459,-0.1422445,-0.67055744,5.1993376,-5.1993376,1.2259427,1.3781138,-0.79704409,0.88705416
6010,-5.1993376,1.199766,0.2239158,-0.90518882,1.2023467,-0.1422445,-0.67055744,5.1993376,5.1993376,0.0062728847,-1.1694007,1.1140325,2.3670338
6011,-5.1993376,-0.13591068,-0.1422445,0.43900121,1.2023467,0.29660674,-1.1768904,5.1993376,5.1993376,0.10810309,-0.60746322,-1.0230033,-5.1993376
6012,-5.1993376,-0.085414417,0.91087287,1.1546147,-0.83733836,-5.1993376,0.25360621,5.1993376,-5.1993376,0.8570968,0.69910809,1.464186,-5.1993376
6013,0.51349142,-0.57755653,-0.1422445,-0.041412601,1.2023467,0.29660674,0.25360621,5.1993376,5.1993376,0.53653104,-1.1694007,-0.001254569,-5.1993376
6014,-5.1993376,-0.78674453,-0.1422445,-0.29005812,-0.26398459,-5.1993376,0.25360621,5.1993376,-5.1993376,-0.36017172,0.69910809,0.29922973,-5.1993376
6015,0.51349142,-0.96142934,1.0841952,0.43900121,0.30448193,-0.1422445,1.2447784,5.1993376,5.1993376,-0.45564031,-0.21363612,1.1140325,0.95151828
6016,0.51349142,-0.85167519,-0.48648036,-0.13591068,-0.26398459,0.62109893,-0.36687305,5.1993376,5.1993376,-5.1993376,-0.60746322,0.85167519,-5.1993376
6017,-5.1993376,-0.058998939,0.55253687,2.0965206,0.63946185,-5.1993376,0.25360621,5.1993376,5.1993376,-0.36017172,-0.21363612,0.98561042,0.64829124
6018,0.51349142,0.27699782,1.0841952,1.0230033,-0.26398459,-0.1422445,1.2447784,5.1993376,-5.1993376,0.29791798,-0.21363612,0.71036555,0.87719565
6019,0.51349142,-0.94954727,-0.1422445,-0.34149266,0.63946185,0.62109893,-0.36687305,5.1993376,-5.1993376,1.7739219,0.18547963,0.29922973,-5.1993376
6020,-5.1993376,1.3463856,-0.1422445,0.50492201,-1.3219458,-5.1993376,0.25360621,5.1993376,5.1993376,-0.28744217,0.18547963,-0.79704409,-5.1993376
6021,-5.1993376,-0.82317161,0.55253687,1.1794018,0.30448193,0.62109893,-1.5215251,5.1993376,-5.1993376,-0.65804298,-0.21363612,-0.79704409,-5.1993376
6022,-5.1993376,1.2924649,-0.7315153,-0.77822491,-1.6299924,-5.1993376,0.25360621,-5.1993376,-5.1993376,-0.92233022,-0.21363612,-0.36553148,-5.1993376
6023,1.4181186,-0.42660141,-5.1993376,-1.505747,-0.26398459,0.62109893,2.1696941,5.1993376,5.1993376,0.79360155,0.69910809,1.2339616,-5.1993376
6024,-5.1993376,0.37762969,0.55253687,1.4568958,0.30448193,-5.1993376,0.25360621,5.1993376,5.1993376,0.72334253,-0.21363612,0.71036555,0.49213682
6025,-5.1993376,-0.24454752,-0.43348197,-0.44869228,-1.6299924,-5.1993376,0.25360621,5.1993376,-5.1993376,-0.55985906,0.69910809,-2.1079532,-5.1993376
6026,-5.1993376,0.44314942,1.0841952,-0.77822491,-0.26398459,-0.1422445,-0.67055744,5.1993376,5.1993376,0.62566982,1.3781138,1.464186,-5.1993376
6027,-5.1993376,0.15873981,0.09675253,-0.041412601,-0.83733836,0.29660674,-1.1768904,-5.1993376,5.1993376,-5.1993376,0.69910809,-2.8067115,0.27874697
6028,-5.1993376,-1.3716572,0.55253687,-1.6590928,0.63946185,0.29660674,-1.1768904,-5.1993376,5.1993376,-5.1993376,-1.1694007,2.3863399,1.2127505
6029,-5.1993376,-0.095492152,-1.1644437,-0.39384742,0.63946185,-5.1993376,0.25360621,5.1993376,-5.1993376,-1.0552931,1.3781138,-1.4678604,-5.1993376
6030,-5.1993376,0.69590794,-0.7315153,-0.34149266,0.087932998,0.29660674,-1.1768904,5.1993376,5.1993376,-0.28744217,0.18547963,-1.4678604,0.2887499
6031,1.4181186,-0.53653104,-0.7315153,-0.83912102,-0.69112102,0.87535389,1.2447784,5.1993376,-5.1993376,1.4181186,2.1196682,0.29922973,0.87719565
6032,1.0230033,0.68001258,2.9674304,1.792374,-1.7219141,0.29660674,1.761948,-5.1993376,5.1993376,2.7503986,0.69910809,2.5117912,-5.1993376
6033,1.0230033,-0.14604751,-0.7315153,-0.34149266,1.3684503,0.62109893,0.96142934,5.1993376,-5.1993376,-0.92233022,-1.1694007,0.71036555,-5.1993376
6034,2.483413,-1.0487476,-0.1422445,-0.83912102,1.6022103,1.2612822,2.8778461,5.1993376,-5.1993376,1.1844468,-5.1993376,0.85167519,0.57985868
6035,1.4181186,1.2724784,0.11820414,0.25360621,0.17400458,0.62109893,2.1696941,5.1993376,-5.1993376,0.62566982,0.69910809,-0.36553148,-5.1993376
6036,1.4181186,-1.6808165,-0.43348197,-1.2529876,1.8658521,3.0899352,-2.0965206,-5.1993376,-5.1993376,1.0187781,-1.1694007,0.45146888,0.55985906
6037,0.51349142,-1.2339616,-1.1644437,-0.77822491,-0.26398459,0.29660674,0.25360621,5.1993376,-5.1993376,-5.1993376,1.3781138,-1.0230033,0.95972342
6038,-5.1993376,0.59693534,-0.1422445,0.092971849,0.30448193,-5.1993376,0.25360621,5.1993376,-5.1993376,0.06025574,0.18547963,0.29922973,-5.1993376
6039,0.51349142,-1.1140325,-0.7315153,-0.83912102,0.63946185,-0.1422445,1.2447784,5.1993376,-5.1993376,0.26658359,0.69910809,-1.4678604,-5.1993376
6040,-5.1993376,0.0075274833,-5.1993376,-1.144896,-0.26398459,-0.1422445,-0.67055744,5.1993376,-5.1993376,-1.0552931,0.69910809,-0.79704409,-5.1993376
6041,1.0230033,0.13464458,-5.1993376,-0.72008693,0.63946185,0.87535389,0.25360621,5.1993376,5.1993376,-0.92233022,-1.1694007,-0.79704409,-5.1993376
6042,-5.1993376,-0.71359852,0.91087287,0.68001258,0.97546566,0.29660674,-1.1768904,5.1993376,-5.1993376,-0.55985906,-0.21363612,0.29922973,1.1705281
6043,0.51349142,0.78162595,0.55253687,0.84987354,0.30448193,0.29660674,0.25360621,5.1993376,-5.1993376,-0.11441489,0.18547963,-0.36553148,-5.1993376
6044,0.51349142,-0.085414417,-0.7315153,-1.8179677,0.63946185,-0.1422445,1.2447784,5.1993376,5.1993376,-5.1993376,1.3781138,-1.2502419,0.75342203
6045,-5.1993376,0.26138737,-0.7315153,-1.144896,-0.26398459,-5.1993376,0.25360621,5.1993376,5.1993376,-0.28744217,0.69910809,0.85167519,-5.1993376
6046,-5.1993376,-1.2206403,-1.1644437,-2.5423492,0.97546566,-0.1422445,-0.67055744,5.1993376,5.1993376,-5.1993376,-1.1694007,0.14858402,-5.1993376
6047,1.0230033,-0.7697614,-1.1644437,-0.34149266,2.1440107,0.87535389,0.25360621,5.1993376,-5.1993376,0.70552998,-0.60746322,0.14858402,1.2127505
6048,-5.1993376,2.019319,-0.1422445,0.21235277,-2.0431151,0.62109893,-1.5215251,5.1993376,-5.1993376,-1.0552931,0.18547963,0.85167519,-5.1993376
6049,0.51349142,0.23938016,1.649237,1.2895781,-0.83733836,0.29660674,0.25360621,5.1993376,5.1993376,1.0685216,0.18547963,0.29922973,1.4446581
6050,1.0230033,0.29005812,-0.1422445,-0.29005812,0.63946185,0.87535389,0.25360621,5.1993376,5.1993376,0.56132709,-1.1694007,0.29922973,-5.1993376
6051,0.51349142,-0.36017172,-0.1422445,0.40607882,-1.6299924,-0.1422445,1.2447784,5.1993376,-5.1993376,-0.55985906,1.3781138,-0.001254569,-5.1993376
6052,-5.1993376,1.0729729,-0.1422445,-0.29005812,-0.26398459,0.29660674,-1.1768904,5.1993376,5.1993376,-0.65804298,0.69910809,0.58052362,-5.1993376
6053,1.4181186,2.0250318,0.91087287,1.2366522,-1.3219458,0.62109893,2.1696941,5.1993376,-5.1993376,-1.0552931,0.18547963,0.45146888,0.75466427
6054,-5.1993376,-1.9087981,0.55253687,-1.144896,1.2023467,1.8803524,-2.7474533,5.1993376,-5.1993376,-0.053972647,-1.1694007,1.3494976,-5.1993376
6055,-5.1993376,-0.24454752,0.55253687,1.4903351,0.63946185,0.29660674,-1.1768904,-5.1993376,-5.1993376,-0.92233022,-0.60746322,-0.57311539,-5.1993376
6056,-5.1993376,-0.56868553,-0.1422445,-0.041412601,0.63946185,0.62109893,-1.5215251,5.1993376,-5.1993376,1.4319709,-0.60746322,1.3494976,0.57607489
