row_id,success_count,credit_score,loan_amount,num_investors,interest_rate,total_count,success_rate,loan_purpose,social_insurance,months_of_service,loan_year,age,bank_loan
2019,-5.1993376,2.4685966,1.0841952,1.4181186,-2.3863399,-5.1993376,0.25360621,5.1993376,-5.1993376,1.6733892,2.1196682,0.14858402,2.3042676
2020,-5.1993376,-0.11062728,-0.7315153,-1.8179677,-0.26398459,-5.1993376,0.25360621,5.1993376,5.1993376,-5.1993376,0.69910809,-2.1079532,-5.1993376
2021,-5.1993376,1.8245559,-0.1422445,-0.041412601,0.087932998,-5.1993376,0.25360621,5.1993376,5.1993376,-0.45564031,0.69910809,-1.2502419,-5.1993376
2022,-5.1993376,-0.83200627,-0.7315153,-1.144896,0.63946185,-0.1422445,-0.67055744,5.1993376,5.1993376,-0.92233022,-5.1993376,-0.79704409,-5.1993376
2023,1.0230033,-0.68317781,-0.1422445,0.17400458,-0.26398459,0.62109893,0.96142934,5.1993376,-5.1993376,1.3978365,0.69910809,-0.36553148,-5.1993376
2024,1.4181186,-0.718462,-0.1422445,-1.8179677,1.2023467,1.2612822,0.25360621,5.1993376,-5.1993376,-0.92233022,-5.1993376,-0.001254569,0.61957818
2025,-5.1993376,0.46400712,0.91087287,0.32954771,-0.26398459,-5.1993376,0.25360621,5.1993376,-5.1993376,0.324254,0.18547963,-1.4678604,-5.1993376
2026,0.51349142,0.45424896,1.0841952,1.2895781,-0.69112102,0.62109893,-0.36687305,5.1993376,-5.1993376,0.51635627,0.69910809,0.29922973,1.065681
2027,-5.1993376,-1.0082941,-5.1993376,-1.8179677,0.63946185,-5.1993376,0.25360621,5.1993376,-5.1993376,0.26658359,1.3781138,-1.2502419,-5.1993376
2028,0.51349142,0.62872436,-0.7315153,-0.6150245,0.63946185,-0.1422445,1.2447784,5.1993376,-5.1993376,0.48930663,-0.60746322,0.58052362,-5.1993376
2029,-5.1993376,0.73315571,-0.7315153,-0.18547963,0.63946185,-5.1993376,0.25360621,5.1993376,-5.1993376,0.22262957,0.18547963,-1.0230033,-5.1993376
2030,-5.1993376,-0.21491982,-1.1644437,-0.23808933,-0.26398459,0.62109893,-1.5215251,5.1993376,5.1993376,-0.17018472,-0.21363612,-1.2502419,-5.1993376
2031,0.51349142,-1.5799684,0.55253687,-0.29005812,0.40471681,1.2612822,-1.1768904,-5.1993376,5.1993376,0.40471681,-1.1694007,-0.17527843,-5.1993376
2032,1.0230033,-1.0166724,-0.7315153,-0.90518882,-0.83733836,0.87535389,0.25360621,5.1993376,-5.1993376,-0.55985906,2.1196682,0.29922973,-5.1993376
2033,-5.1993376,0.7152178,-0.43348197,-0.56279634,0.63946185,-0.1422445,-0.67055744,5.1993376,5.1993376,1.3912021,-0.60746322,0.29922973,-5.1993376
2034,-5.1993376,-0.57755653,-0.43348197,-0.66428721,0.97546566,-5.1993376,0.25360621,5.1993376,5.1993376,-5.1993376,-0.60746322,0.14858402,-5.1993376
2035,0.51349142,-0.72660581,0.2239158,-0.83912102,0.63946185,-0.1422445,1.2447784,5.1993376,5.1993376,0.18165198,-0.21363612,0.71036555,0.25231085
2036,-5.1993376,1.4752694,0.91087287,1.8245559,-0.97143575,-5.1993376,0.25360621,-5.1993376,5.1993376,-0.55985906,0.18547963,-0.57311539,0.55985906
2037,-5.1993376,-1.1140325,-1.1644437,-0.66428721,0.40471681,-5.1993376,0.25360621,5.1993376,-5.1993376,-0.92233022,1.3781138,0.14858402,-5.1993376
2038,-5.1993376,0.30185479,1.401177,1.2075323,-0.26398459,-5.1993376,0.25360621,-5.1993376,5.1993376,0.22262957,-0.21363612,0.45146888,-5.1993376
2039,2.1079532,-0.18165198,0.55253687,0.36821529,-0.26398459,1.4354772,1.2447784,5.1993376,-5.1993376,1.2924649,0.18547963,0.29922973,1.4334563
2040,0.51349142,1.9028735,-5.1993376,-0.90518882,-2.6965111,0.29660674,0.25360621,5.1993376,5.1993376,-5.1993376,2.1196682,-2.1079532,-5.1993376
2041,0.51349142,0.46400712,0.91087287,0.8196557,-0.69112102,0.29660674,0.25360621,5.1993376,5.1993376,0.53653104,0.69910809,-0.79704409,-5.1993376
2042,1.0230033,1.7055704,1.649237,1.8877534,-1.3219458,1.2612822,-0.42385485,5.1993376,5.1993376,-5.1993376,0.69910809,0.85167519,-5.1993376
2043,-5.1993376,-1.0082941,-0.7315153,-0.39384742,0.63946185,-5.1993376,0.25360621,5.1993376,-5.1993376,1.1570615,0.69910809,0.29922973,1.7863361
2044,-5.1993376,-0.81614989,0.2239158,0.32954771,1.2023467,-5.1993376,0.25360621,5.1993376,5.1993376,-0.22648938,-0.60746322,-0.57311539,-5.1993376
2045,-5.1993376,-1.4827602,-1.1644437,-0.98357337,0.17400458,-5.1993376,0.25360621,5.1993376,-5.1993376,-0.36017172,0.69910809,-0.57311539,1.0110458
2046,-5.1993376,-0.26268576,0.55253687,1.4181186,1.3684503,-0.1422445,-0.67055744,5.1993376,-5.1993376,0.70552998,-0.60746322,-0.57311539,0.55189175
2047,-5.1993376,1.3716572,-1.1644437,-0.66428721,-0.83733836,-5.1993376,0.25360621,5.1993376,-5.1993376,-0.36017172,0.18547963,-1.873053,0.95151828
2048,-5.1993376,-0.1625524,0.55253687,0.61199579,-0.69112102,-5.1993376,0.25360621,5.1993376,-5.1993376,1.4237571,0.69910809,0.45146888,-5.1993376
2049,-5.1993376,-0.59993651,-0.1422445,0.40607882,0.30448193,-5.1993376,0.25360621,5.1993376,-5.1993376,0.72334253,1.3781138,-1.2502419,0.24418169
2050,-5.1993376,-1.0082941,-0.1422445,-1.2529876,0.97546566,0.29660674,-1.1768904,-5.1993376,-5.1993376,-0.78332986,-1.1694007,-1.0230033,-5.1993376
2051,-5.1993376,0.34948301,2.1968939,2.0965206,0.30448193,-5.1993376,0.25360621,-5.1993376,-5.1993376,-0.11441489,-0.21363612,-0.79704409,-5.1993376
2052,1.4181186,2.0853556,1.649237,-0.34149266,0.087932998,1.9858764,-0.95151828,-5.1993376,-5.1993376,1.2753025,0.18547963,-0.57311539,2.1398677
2053,1.4181186,-1.6640817,-0.7315153,-0.18547963,1.2023467,1.4354772,-0.28091085,5.1993376,5.1993376,1.1497418,-0.60746322,2.5117912,-5.1993376
2054,-5.1993376,-1.5215251,-0.7315153,-1.2529876,1.6022103,-0.1422445,-0.67055744,5.1993376,5.1993376,-5.1993376,-1.1694007,0.98561042,-5.1993376
2055,-5.1993376,1.8379752,2.6902871,1.1794018,-1.6299924,-5.1993376,0.25360621,5.1993376,5.1993376,1.4181186,0.69910809,2.1968939,-5.1993376
2056,0.51349142,0.31105902,0.91087287,-0.34149266,0.17400458,1.4354772,-1.3846283,-5.1993376,5.1993376,-0.053972647,-1.1694007,0.58052362,-5.1993376
2057,-5.1993376,0.78162595,-0.1422445,0.32954771,-0.26398459,-5.1993376,0.25360621,-5.1993376,-5.1993376,-0.65804298,0.18547963,-0.17527843,-5.1993376
2058,-5.1993376,1.2502419,-1.1644437,0.32954771,0.17400458,0.62109893,-1.5215251,5.1993376,5.1993376,-5.1993376,-0.21363612,-0.79704409,-5.1993376
2059,1.0230033,-0.21491982,0.2239158,-0.34149266,-0.26398459,0.62109893,0.96142934,-5.1993376,-5.1993376,0.0062728847,-0.60746322,-0.57311539,1.1664284
2060,-5.1993376,-0.1625524,-0.1422445,-1.505747,-0.26398459,-5.1993376,0.25360621,5.1993376,5.1993376,-5.1993376,-5.1993376,0.85167519,0.74982631
2061,-5.1993376,-1.0166724,-0.1422445,0.32954771,-0.26398459,-5.1993376,0.25360621,5.1993376,-5.1993376,0.72334253,1.3781138,-0.57311539,-5.1993376
2062,-5.1993376,-0.87167925,-0.43348197,-0.44869228,-0.26398459,-5.1993376,0.25360621,5.1993376,-5.1993376,-0.45564031,0.18547963,-1.2502419,-5.1993376
2063,-5.1993376,-0.14604751,-0.7315153,-0.44869228,-0.69112102,-0.1422445,-0.67055744,5.1993376,5.1993376,1.1570615,1.3781138,-0.001254569,0.55985906
2064,-5.1993376,0.23938016,-1.1644437,0.21235277,1.0955557,0.62109893,-1.5215251,5.1993376,5.1993376,-5.1993376,-0.60746322,-0.36553148,-5.1993376
2065,-5.1993376,-1.6640817,-5.1993376,-2.1316816,1.3684503,1.0774455,-1.994971,5.1993376,-5.1993376,0.79360155,-0.60746322,-0.79704409,-5.1993376
2066,-5.1993376,0.45424896,-0.1422445,-1.2529876,0.63946185,-5.1993376,0.25360621,5.1993376,5.1993376,0.29791798,-0.60746322,-0.17527843,0.93832018
2067,0.51349142,0.34948301,1.2640664,0.8196557,-1.0819398,0.62109893,-0.36687305,5.1993376,-5.1993376,0.34948301,-0.21363612,1.1140325,1.29281
2068,-5.1993376,0.21620388,-0.3969965,-0.50492201,-2.0431151,-5.1993376,0.25360621,-5.1993376,-5.1993376,1.2393519,1.3781138,0.29922973,-5.1993376
2069,0.51349142,-1.228354,-0.43348197,-0.77822491,1.2023467,0.62109893,-0.36687305,-5.1993376,-5.1993376,-0.65804298,-1.1694007,-0.36553148,-5.1993376
2070,2.483413,-0.095492152,-0.1422445,0.05146002,-1.7219141,2.3863399,-0.32028968,5.1993376,-5.1993376,0.06025574,5.1993376,-0.79704409,0.67029529
2071,-5.1993376,-0.88459264,-0.7315153,-0.29005812,-1.3219458,-0.1422445,-0.67055744,-5.1993376,-5.1993376,0.22262957,0.69910809,-0.79704409,1.0964392
2072,-5.1993376,1.2982711,0.91087287,1.358913,0.63946185,-5.1993376,0.25360621,5.1993376,5.1993376,-0.45564031,1.3781138,-0.57311539,1.6082299
2073,-5.1993376,0.15873981,0.55253687,1.0909946,0.40471681,-0.1422445,-0.67055744,-5.1993376,-5.1993376,0.34948301,-0.60746322,-0.17527843,0.22648938
2074,-5.1993376,1.3557612,-0.1422445,0.40607882,-1.0819398,-0.1422445,-0.67055744,5.1993376,-5.1993376,-0.36017172,0.18547963,-1.4678604,-5.1993376
2075,2.483413,0.47661874,0.55253687,0.57607489,-1.0819398,2.2899878,-0.28617106,-5.1993376,-5.1993376,-0.22648938,1.3781138,-0.79704409,0.6491132
2076,0.51349142,0.15873981,0.55253687,-0.39384742,0.63946185,1.2612822,-1.1768904,5.1993376,5.1993376,0.26658359,-0.60746322,-0.001254569,2.1276756
2077,-5.1993376,-0.32557657,0.91087287,0.0062728847,0.40471681,-5.1993376,0.25360621,5.1993376,-5.1993376,2.4417908,0.18547963,1.8312243,1.9719581
2078,-5.1993376,-0.0050182959,-0.1422445,0.13337869,1.3684503,-5.1993376,0.25360621,5.1993376,5.1993376,0.22262957,-0.21363612,1.3494976,-5.1993376
2079,-5.1993376,-0.42660141,-0.7315153,-0.56279634,-0.26398459,-5.1993376,0.25360621,5.1993376,-5.1993376,-0.45564031,0.69910809,-1.873053,-5.1993376
2080,-5.1993376,-1.0336468,0.55253687,-0.72008693,-2.0431151,0.29660674,-1.1768904,5.1993376,-5.1993376,2.500159,0.69910809,0.71036555,1.1544333
2081,-5.1993376,-0.42660141,1.649237,2.1696941,-0.83733836,-0.1422445,-0.67055744,5.1993376,5.1993376,1.2557429,0.69910809,1.6590928,0.90525684
2082,-5.1993376,0.19570018,-0.7315153,-0.56279634,-1.7219141,-5.1993376,0.25360621,5.1993376,5.1993376,-5.1993376,5.1993376,-1.873053,0.67400937
2083,1.0230033,0.056485615,-0.43348197,-0.18547963,-0.83733836,0.29660674,1.761948,5.1993376,5.1993376,0.45842568,-0.21363612,-0.36553148,0.57607489
2084,1.0230033,-1.9087981,0.2239158,-0.56279634,0.97546566,2.1696941,-1.5215251,-5.1993376,-5.1993376,-0.36017172,-1.1694007,0.29922973,-5.1993376
2085,-5.1993376,-1.1140325,0.55253687,0.84987354,-0.26398459,-0.1422445,-0.67055744,5.1993376,-5.1993376,1.0552931,0.69910809,-0.36553148,1.0315088
2086,-5.1993376,-1.0487476,1.649237,1.8448108,-0.26398459,-5.1993376,0.25360621,-5.1993376,-5.1993376,0.68159434,-0.21363612,0.71036555,-5.1993376
2087,1.7679033,0.27699782,-0.7315153,-0.50492201,0.17400458,1.9858764,-0.41426686,5.1993376,-5.1993376,0.0062728847,-0.21363612,-0.57311539,1.1909275
2088,-5.1993376,-0.42660141,-0.1422445,0.29267606,-0.26398459,-5.1993376,0.25360621,-5.1993376,-5.1993376,0.70552998,1.3781138,-2.4320167,0.93554835
2089,-5.1993376,-1.0640195,0.55253687,0.98561042,-0.26398459,-5.1993376,0.25360621,5.1993376,-5.1993376,-5.1993376,1.3781138,-0.17527843,-5.1993376
2090,0.51349142,-0.98154039,-0.1422445,-0.39384742,1.2023467,-0.1422445,1.2447784,5.1993376,-5.1993376,0.79360155,-0.60746322,1.6590928,0.16829681
2091,0.51349142,1.4903351,-0.7315153,-0.39384742,0.17400458,-0.1422445,1.2447784,5.1993376,5.1993376,-5.1993376,0.18547963,-1.6691125,-5.1993376
2092,1.0230033,-1.2001088,0.55253687,-1.9858764,1.2023467,0.29660674,1.761948,-5.1993376,5.1993376,1.634747,-5.1993376,0.98561042,0.96942671
2093,-5.1993376,1.6949227,0.55253687,0.32954771,-0.26398459,0.29660674,-1.1768904,5.1993376,5.1993376,-0.28744217,0.69910809,0.14858402,0.15746946
2094,-5.1993376,1.0552931,0.91087287,1.1794018,-1.8114574,0.87535389,-1.7986626,-5.1993376,-5.1993376,1.4568958,5.1993376,0.45146888,0.95151828
2095,-5.1993376,-1.1140325,-0.43348197,-0.13591068,-0.69112102,-5.1993376,0.25360621,5.1993376,5.1993376,0.10810309,1.3781138,-0.57311539,-5.1993376
2096,-5.1993376,0.42385485,0.55253687,0.54088248,-2.0431151,-5.1993376,0.25360621,5.1993376,-5.1993376,0.06025574,2.1196682,-1.0230033,1.0020565
2097,1.7679033,0.64254324,2.1968939,1.7055704,-0.26398459,1.7444475,-0.27439149,-5.1993376,5.1993376,1.0685216,0.18547963,1.9858764,0.7305788
2098,-5.1993376,-0.98969684,1.0841952,1.2640664,-0.26398459,-5.1993376,0.25360621,-5.1993376,-5.1993376,1.634747,0.69910809,0.45146888,0.45285848
2099,-5.1993376,-0.018819641,-0.1422445,0.05146002,-0.69112102,-5.1993376,0.25360621,5.1993376,-5.1993376,0.58796385,2.1196682,-0.57311539,0.36821529
2100,-5.1993376,0.61805886,-0.7315153,-0.56279634,1.3684503,0.62109893,-1.5215251,-5.1993376,5.1993376,-0.45564031,-1.1694007,-1.4678604,0.55985906
2101,-5.1993376,2.5423492,0.55253687,-0.72008693,0.97546566,0.29660674,-1.1768904,5.1993376,-5.1993376,0.0062728847,0.18547963,-0.001254569,-5.1993376
2102,0.51349142,0.66741904,-1.3432866,-1.505747,1.6022103,1.2612822,-1.1768904,5.1993376,5.1993376,-5.1993376,-1.1694007,-0.001254569,1.122118
2103,1.4181186,-0.42660141,-0.7315153,-0.29005812,-0.26398459,1.0774455,0.89765526,5.1993376,5.1993376,-5.1993376,0.69910809,0.14858402,-5.1993376
2104,-5.1993376,0.22648938,-0.7315153,-0.34149266,-0.69112102,-5.1993376,0.25360621,5.1993376,-5.1993376,-0.65804298,0.69910809,-0.79704409,-5.1993376
2105,0.51349142,-0.98154039,0.55253687,-0.23808933,1.0955557,2.2899878,-2.2111272,5.1993376,5.1993376,-1.0552931,-1.1694007,-1.0230033,-5.1993376
2106,-5.1993376,-0.42660141,-0.1422445,0.36821529,-0.26398459,-5.1993376,0.25360621,5.1993376,-5.1993376,0.18165198,0.18547963,0.71036555,-5.1993376
2107,-5.1993376,0.10557959,0.31764959,0.84987354,-0.26398459,-5.1993376,0.25360621,5.1993376,5.1993376,-0.45564031,0.69910809,0.71036555,-5.1993376
2108,0.51349142,0.66741904,-0.7315153,-0.39384742,0.40471681,1.4354772,-1.3846283,5.1993376,5.1993376,-5.1993376,-1.1694007,-0.001254569,-5.1993376
2109,-5.1993376,-0.87904038,1.2640664,1.0230033,0.17400458,-5.1993376,0.25360621,-5.1993376,5.1993376,0.0062728847,0.18547963,0.45146888,0.44911072
2110,-5.1993376,1.1352842,1.0841952,1.7055704,-0.26398459,0.29660674,-1.1768904,5.1993376,-5.1993376,0.10810309,-0.21363612,1.3494976,2.059712
2111,-5.1993376,0.73315571,0.55253687,2.0331038,-0.26398459,-5.1993376,0.25360621,-5.1993376,5.1993376,0.4307273,0.18547963,1.6590928,-5.1993376
2112,1.7679033,0.21620388,0.91087287,0.54088248,-0.83733836,0.87535389,2.5423492,5.1993376,5.1993376,-5.1993376,0.18547963,0.98561042,-5.1993376
2113,-5.1993376,-0.6150245,-5.1993376,-0.77822491,0.63946185,0.29660674,-1.1768904,5.1993376,-5.1993376,1.5376912,-0.21363612,0.29922973,0.59754262
2114,-5.1993376,-0.20081806,-0.1422445,-0.77822491,1.0955557,-0.1422445,-0.67055744,-5.1993376,5.1993376,1.6031761,-0.60746322,3.0899352,2.7489801
2115,0.51349142,-1.5376912,0.31764959,0.75299744,-0.83733836,0.87535389,-0.67055744,5.1993376,-5.1993376,1.5627215,-0.21363612,0.71036555,1.4377609
2116,-5.1993376,-0.15365993,-0.7315153,0.71359852,-0.26398459,-5.1993376,0.25360621,5.1993376,-5.1993376,0.324254,-0.21363612,2.3076067,0.32028968
2117,1.0230033,0.21620388,0.55253687,-0.83912102,0.087932998,2.5117912,-1.994971,-5.1993376,-5.1993376,0.96742157,-1.1694007,0.85167519,0.57903944
2118,-5.1993376,0.064026723,-0.1422445,0.13337869,-1.6299924,-5.1993376,0.25360621,5.1993376,-5.1993376,1.337127,1.3781138,1.2339616,1.2753025
2119,2.8778461,0.9165865,0.55253687,-0.29005812,-1.3219458,1.4354772,5.1993376,-5.1993376,-5.1993376,0.93779777,5.1993376,1.1140325,3.4935731
2120,-5.1993376,0.97344873,-0.1422445,0.21235277,0.17400458,-5.1993376,0.25360621,5.1993376,5.1993376,0.7413876,0.18547963,-0.001254569,-5.1993376
2121,-5.1993376,-0.91087287,-0.1422445,-0.13591068,0.63946185,0.29660674,-1.1768904,5.1993376,-5.1993376,0.56132709,-1.1694007,-0.17527843,-5.1993376
2122,-5.1993376,-0.27439149,-0.1422445,0.05146002,-0.97143575,-5.1993376,0.25360621,5.1993376,-5.1993376,0.45842568,0.69910809,1.3494976,1.1285419
2123,-5.1993376,0.47661874,-0.7315153,-0.83912102,-0.26398459,-5.1993376,0.25360621,5.1993376,-5.1993376,-0.92233022,0.18547963,-0.79704409,-5.1993376
2124,1.0230033,0.50349739,0.2239158,-1.505747,0.97546566,1.5843543,-0.95943959,-5.1993376,-5.1993376,0.10810309,-1.1694007,-0.79704409,-5.1993376
2125,1.7679033,-0.07534535,-0.7315153,-0.50492201,0.30448193,1.9858764,-0.41426686,-5.1993376,-5.1993376,-0.36017172,-0.21363612,-0.57311539,0.93003618
2126,-5.1993376,0.14731565,0.55253687,0.78845531,-0.26398459,-5.1993376,0.25360621,5.1993376,5.1993376,-0.78332986,-0.60746322,-0.57311539,-5.1993376
2127,-5.1993376,-0.046435725,-5.1993376,-0.18547963,0.97546566,0.29660674,-1.1768904,5.1993376,5.1993376,-0.45564031,-0.60746322,-0.79704409,-5.1993376
2128,-5.1993376,0.0075274833,0.55253687,2.0331038,0.087932998,0.87535389,-1.7986626,5.1993376,5.1993376,0.0062728847,0.18547963,-0.57311539,-5.1993376
2129,0.51349142,-0.99585764,0.91087287,1.1546147,-0.69112102,-0.1422445,1.2447784,5.1993376,-5.1993376,1.0082941,0.69910809,1.3494976,-5.1993376
2130,-5.1993376,0.52930109,-0.1422445,-1.2529876,-0.26398459,0.62109893,-1.5215251,-5.1993376,5.1993376,-0.65804298,-0.60746322,-0.17527843,-5.1993376
2131,0.51349142,-0.89953386,0.55253687,0.32954771,-0.26398459,-0.1422445,1.2447784,5.1993376,-5.1993376,0.48930663,0.69910809,0.14858402,-5.1993376
2132,-5.1993376,1.4979966,-0.1422445,0.32954771,-2.0431151,-5.1993376,0.25360621,5.1993376,5.1993376,0.06025574,1.3781138,-0.57311539,-5.1993376
2133,-5.1993376,0.93003618,1.649237,0.91467864,-0.26398459,0.29660674,-1.1768904,-5.1993376,5.1993376,0.72334253,-0.21363612,1.8952593,1.0315088
2134,-5.1993376,-0.80569207,2.9674304,-0.29005812,1.6022103,0.29660674,-1.1768904,5.1993376,5.1993376,1.4568958,-1.1694007,1.464186,-5.1993376
2135,0.51349142,-0.20081806,-0.7315153,-0.77822491,0.97546566,0.62109893,-0.36687305,5.1993376,-5.1993376,-1.0552931,-1.1694007,0.45146888,-5.1993376
2136,-5.1993376,-2.0476872,0.11820414,-2.2730524,1.7986626,0.29660674,-1.1768904,-5.1993376,-5.1993376,1.4319709,-5.1993376,0.98561042,0.34365314
2137,-5.1993376,0.33485067,0.55253687,0.8196557,1.0955557,1.0774455,-1.994971,-5.1993376,5.1993376,0.0062728847,-1.1694007,0.71036555,-5.1993376
2138,1.0230033,1.1352842,-0.1422445,0.25360621,-0.26398459,0.29660674,1.761948,5.1993376,5.1993376,-0.78332986,0.69910809,-2.4320167,-5.1993376
2139,-5.1993376,-0.42660141,-0.7315153,-0.44869228,-2.3863399,-5.1993376,0.25360621,5.1993376,-5.1993376,-1.0552931,0.69910809,-2.1079532,0.3082804
2140,0.51349142,0.36955819,0.2239158,0.54088248,0.40471681,1.2612822,-1.1768904,-5.1993376,-5.1993376,-1.0552931,-0.60746322,0.14858402,-5.1993376
2141,-5.1993376,0.32161055,0.55253687,-0.77822491,1.0955557,-5.1993376,0.25360621,5.1993376,5.1993376,-5.1993376,-1.1694007,1.2339616,-5.1993376
2142,-5.1993376,-0.72660581,0.2239158,-0.23808933,1.0955557,1.2612822,-2.2111272,-5.1993376,5.1993376,-0.17018472,-1.1694007,-1.6691125,0.73973722
2143,0.51349142,-0.80569207,-0.7315153,-0.34149266,-0.26398459,-0.1422445,1.2447784,5.1993376,-5.1993376,0.82846465,0.69910809,0.29922973,-5.1993376
2144,-5.1993376,0.38572587,-0.7315153,-0.6150245,-0.69112102,-5.1993376,0.25360621,-5.1993376,5.1993376,0.0062728847,-0.60746322,1.464186,-5.1993376
2145,-5.1993376,-1.1140325,0.55253687,0.43900121,0.63946185,-5.1993376,0.25360621,5.1993376,-5.1993376,1.0685216,1.3781138,-0.36553148,0.68476299
2146,5.1993376,0.8109099,1.2640664,-1.059682,-0.26398459,1.7444475,2.3652476,5.1993376,-5.1993376,1.2259427,0.18547963,0.29922973,1.6482413
2147,1.7679033,-5.1993376,-1.1644437,-2.5423492,2.1440107,2.1696941,-0.67055744,5.1993376,5.1993376,-5.1993376,-1.1694007,-0.36553148,-5.1993376
2148,-5.1993376,0.046435725,-0.7315153,-0.23808933,0.17400458,-5.1993376,0.25360621,5.1993376,-5.1993376,0.0062728847,1.3781138,-0.001254569,-5.1993376
2149,0.51349142,0.87719565,0.55253687,1.2075323,-1.0819398,-0.1422445,1.2447784,5.1993376,-5.1993376,0.88830934,-0.21363612,1.3494976,0.42674246
2150,-5.1993376,0.10557959,1.649237,2.0331038,0.30448193,-5.1993376,0.25360621,5.1993376,-5.1993376,0.29791798,-0.21363612,1.464186,-5.1993376
2151,-5.1993376,-1.0336468,-1.1644437,-0.66428721,0.17400458,-0.1422445,-0.67055744,5.1993376,5.1993376,-5.1993376,0.18547963,-0.36553148,0.38302436
2152,-5.1993376,0.14731565,1.0841952,1.1794018,0.30448193,-0.1422445,-0.67055744,-5.1993376,-5.1993376,-0.36017172,0.18547963,-0.17527843,-5.1993376
2153,-5.1993376,-0.55253687,0.55253687,-2.5423492,0.63946185,-5.1993376,0.25360621,5.1993376,-5.1993376,-0.55985906,-1.1694007,-1.0230033,-5.1993376
2154,-5.1993376,-0.21491982,-0.1422445,0.13337869,-0.26398459,-5.1993376,0.25360621,5.1993376,-5.1993376,-0.36017172,1.3781138,0.45146888,-5.1993376
2155,-5.1993376,-1.9576502,-0.7315153,-0.98357337,1.6022103,-0.1422445,-0.67055744,-5.1993376,-5.1993376,-5.1993376,-1.1694007,-1.2502419,-5.1993376
2156,1.0230033,-0.63792343,0.2239158,0.8196557,0.30448193,1.0774455,-0.300542,-5.1993376,-5.1993376,-0.55985906,-0.60746322,-0.79704409,-5.1993376
2157,0.51349142,0.22648938,-0.1422445,0.68001258,-0.69112102,0.29660674,0.25360621,5.1993376,5.1993376,0.37628274,0.69910809,0.71036555,-5.1993376
2158,1.0230033,0.035135151,-0.43348197,-0.50492201,0.40471681,2.6689068,-2.1279927,-5.1993376,5.1993376,1.7986626,-1.1694007,0.71036555,-5.1993376
2159,-5.1993376,0.55107599,-0.1422445,-0.90518882,-0.26398459,0.62109893,-1.5215251,-5.1993376,5.1993376,-5.1993376,-0.21363612,0.14858402,-5.1993376
2160,-5.1993376,2.4197448,2.1968939,2.0744446,-0.26398459,-0.1422445,-0.67055744,5.1993376,-5.1993376,-0.78332986,0.18547963,-0.17527843,-5.1993376
2161,-5.1993376,-1.4654086,0.55253687,-1.144896,1.2023467,-0.1422445,-0.67055744,-5.1993376,5.1993376,-5.1993376,-5.1993376,0.71036555,0.58637155
2162,-5.1993376,1.0336468,1.649237,1.1546147,-0.97143575,-5.1993376,0.25360621,5.1993376,5.1993376,0.18165198,0.69910809,1.5669896,0.17132472
2163,-5.1993376,0.62872436,0.2239158,0.05146002,-0.26398459,-5.1993376,0.25360621,-5.1993376,-5.1993376,0.06025574,0.18547963,-0.57311539,-5.1993376
2164,-5.1993376,-1.8658521,-0.7315153,-1.2529876,2.1440107,-5.1993376,0.25360621,5.1993376,-5.1993376,-1.0552931,-1.1694007,0.45146888,-5.1993376
2165,1.7679033,0.21620388,0.55253687,0.54088248,-0.83733836,1.7444475,-0.27439149,5.1993376,5.1993376,1.5756126,0.18547963,1.464186,1.0315088
2166,-5.1993376,0.53943086,-0.1422445,0.40607882,1.0955557,-0.1422445,-0.67055744,-5.1993376,5.1993376,-0.78332986,-0.60746322,-0.57311539,-5.1993376
2167,-5.1993376,-0.058998939,0.2239158,0.47100434,1.2023467,0.62109893,-1.5215251,5.1993376,-5.1993376,1.2753025,-0.60746322,-0.17527843,-5.1993376
2168,-5.1993376,1.0124743,-5.1993376,-0.98357337,-0.26398459,-5.1993376,0.25360621,5.1993376,5.1993376,1.6541448,-0.60746322,-1.6691125,-5.1993376
2169,-5.1993376,0.23938016,-0.7315153,-0.39384742,-0.26398459,-5.1993376,0.25360621,5.1993376,-5.1993376,-1.0552931,0.69910809,1.3494976,-5.1993376
2170,1.0230033,-2.0367091,0.55253687,-0.39384742,1.6022103,1.2612822,-0.42385485,-5.1993376,-5.1993376,1.0978448,-1.1694007,-0.57311539,-5.1993376
2171,1.0230033,-1.654343,-1.1644437,-1.505747,1.8379752,0.87535389,0.25360621,5.1993376,-5.1993376,-0.28744217,-1.1694007,0.14858402,1.1508653
2172,1.0230033,0.75466427,1.0841952,0.75299744,-0.69112102,0.29660674,1.761948,5.1993376,-5.1993376,0.18165198,0.18547963,-1.2502419,1.1447283
2173,-5.1993376,1.8448108,0.2239158,0.68001258,-1.0819398,-0.1422445,-0.67055744,5.1993376,-5.1993376,-0.22648938,0.18547963,-1.2502419,0.21967849
2174,1.4181186,-0.42660141,0.55253687,0.98561042,-0.83733836,1.7444475,-0.43762015,5.1993376,-5.1993376,1.3912021,-0.60746322,0.98561042,1.1027166
2175,-5.1993376,0.37762969,-5.1993376,-1.2529876,1.3684503,-5.1993376,0.25360621,5.1993376,5.1993376,0.72334253,-0.21363612,1.464186,-5.1993376
2176,-5.1993376,0.89335445,0.2239158,0.36821529,-1.3219458,0.62109893,-1.5215251,-5.1993376,-5.1993376,0.18165198,0.18547963,0.45146888,1.0609159
2177,-5.1993376,-0.31237604,0.55253687,-1.144896,1.2023467,-5.1993376,0.25360621,5.1993376,5.1993376,1.0978448,-0.60746322,1.5669896,-5.1993376
2178,1.0230033,0.025094008,0.55253687,0.75299744,-1.6299924,0.62109893,0.96142934,-5.1993376,-5.1993376,-0.45564031,1.3781138,-0.57311539,0.44477685
2179,-5.1993376,0.52209871,0.55253687,1.3879077,-0.26398459,-5.1993376,0.25360621,5.1993376,-5.1993376,0.0062728847,0.18547963,-1.2502419,-5.1993376
2180,-5.1993376,0.88644946,0.55253687,0.29267606,-0.69112102,-5.1993376,0.25360621,5.1993376,5.1993376,-0.92233022,2.1196682,1.1140325,0.49213682
2181,-5.1993376,0.50349739,0.2239158,0.25360621,-0.26398459,-5.1993376,0.25360621,5.1993376,-5.1993376,0.48930663,-1.1694007,-0.001254569,1.1794018
2182,-5.1993376,-0.63792343,-1.1644437,0.25360621,2.1440107,0.62109893,-1.5215251,5.1993376,-5.1993376,1.1570615,-0.60746322,-0.79704409,-5.1993376
2183,1.4181186,-0.97143575,-0.1422445,0.25360621,0.30448193,0.62109893,2.1696941,5.1993376,-5.1993376,0.93779777,1.3781138,1.2339616,-5.1993376
2184,1.7679033,-1.2206403,1.2640664,0.8196557,0.97546566,1.7444475,-0.27439149,5.1993376,-5.1993376,2.0191692,-1.1694007,1.5669896,1.5655457
2185,0.51349142,-0.58498388,-0.1422445,0.13337869,-0.97143575,0.62109893,-0.36687305,5.1993376,-5.1993376,-0.28744217,0.69910809,-0.36553148,-5.1993376
2186,-5.1993376,-0.046435725,-0.1422445,0.25360621,-1.0819398,-5.1993376,0.25360621,5.1993376,5.1993376,-5.1993376,0.69910809,-0.57311539,-5.1993376
2187,0.51349142,-0.53653104,-0.7315153,-1.059682,0.40471681,1.0774455,-0.98765156,-5.1993376,5.1993376,0.324254,-1.1694007,1.1140325,0.24584745
2188,0.51349142,0.14731565,0.31764959,-2.2730524,1.2023467,0.62109893,-0.36687305,-5.1993376,5.1993376,-5.1993376,-5.1993376,-0.17527843,-5.1993376
2189,-5.1993376,-0.60595514,-0.1422445,0.47100434,-1.3219458,0.29660674,-1.1768904,-5.1993376,5.1993376,-0.28744217,2.1196682,2.5117912,0.718462
2190,-5.1993376,-0.42660141,-0.7315153,-0.66428721,0.63946185,-5.1993376,0.25360621,5.1993376,-5.1993376,-0.053972647,1.3781138,-2.1079532,-5.1993376
2191,2.1079532,-0.3031681,-0.1422445,-0.041412601,-1.8114574,2.0853556,-0.300542,5.1993376,5.1993376,-0.45564031,2.1196682,-0.57311539,-5.1993376
2192,0.51349142,-1.7153275,-0.7315153,-1.3684503,1.6022103,1.8803524,-1.7986626,-5.1993376,-5.1993376,0.65804298,-1.1694007,-0.36553148,-5.1993376
2193,-5.1993376,-0.18931001,-0.1422445,-0.34149266,-0.69112102,-0.1422445,-0.67055744,5.1993376,-5.1993376,0.60897269,-0.21363612,0.45146888,1.0570458
2194,-5.1993376,-0.24454752,-0.1422445,0.54088248,0.63946185,-5.1993376,0.25360621,5.1993376,-5.1993376,0.4307273,1.3781138,-0.57311539,0.96942671
2195,0.51349142,-0.42660141,0.55253687,0.64872442,-0.26398459,-0.1422445,1.2447784,-5.1993376,-5.1993376,0.0062728847,0.69910809,0.29922973,0.17336776
2196,-5.1993376,-0.24454752,0.55253687,-0.44869228,-0.26398459,-5.1993376,0.25360621,-5.1993376,-5.1993376,0.70552998,-1.1694007,1.464186,1.3463856
2197,-5.1993376,-1.1140325,0.2239158,0.75299744,-1.3219458,0.29660674,-1.1768904,5.1993376,-5.1993376,1.0187781,0.69910809,1.8952593,-5.1993376
2198,0.51349142,0.11820414,-0.1422445,-0.29005812,1.3684503,1.5843543,-1.5215251,5.1993376,5.1993376,-0.45564031,-0.60746322,-0.36553148,-5.1993376
2199,1.0230033,-0.036390523,-0.7315153,-0.39384742,-0.26398459,1.0774455,-0.300542,5.1993376,-5.1993376,0.26658359,1.3781138,-1.2502419,1.5527959
2200,2.1079532,-0.20081806,-5.1993376,-0.90518882,-0.26398459,1.4354772,1.2447784,5.1993376,-5.1993376,0.77314015,1.3781138,-0.36553148,1.2868305
2201,-5.1993376,-1.9920379,-0.43348197,-1.505747,1.6022103,1.4354772,-2.3863399,-5.1993376,-5.1993376,-0.55985906,-1.1694007,1.1140325,0.29922973
2202,0.51349142,-1.0082941,1.649237,0.68001258,-0.83733836,-0.1422445,1.2447784,5.1993376,-5.1993376,0.34948301,0.69910809,2.0965206,1.6896701
2203,-5.1993376,0.84987354,0.55253687,0.78845531,0.087932998,-5.1993376,0.25360621,5.1993376,-5.1993376,0.26658359,0.69910809,0.85167519,0.75688997
2204,-5.1993376,0.31105902,0.2239158,1.2895781,1.2023467,0.62109893,-1.5215251,5.1993376,-5.1993376,-0.65804298,-0.60746322,-1.4678604,-5.1993376
2205,2.483413,-0.70392179,-1.3432866,-1.6590928,1.6022103,2.5754833,-0.94561627,5.1993376,5.1993376,0.77314015,-1.1694007,0.29922973,0.98765156
2206,-5.1993376,1.1644437,-0.1422445,0.40607882,-0.26398459,-5.1993376,0.25360621,5.1993376,5.1993376,1.6205923,0.18547963,1.464186,0.66158333
2207,1.4181186,0.095492152,0.31764959,0.78845531,-0.26398459,0.87535389,1.2447784,-5.1993376,-5.1993376,-0.17018472,1.3781138,-1.2502419,-5.1993376
2208,1.7679033,0.7152178,2.4320167,-0.041412601,-0.26398459,1.0774455,1.5542696,5.1993376,-5.1993376,1.6443685,0.69910809,0.98561042,-5.1993376
2209,1.7679033,-0.50777433,-0.1422445,1.1794018,-0.26398459,1.5843543,0.25360621,5.1993376,-5.1993376,0.0062728847,0.18547963,0.14858402,0.95515679
2210,-5.1993376,0.20209835,-0.1422445,-1.8179677,-0.26398459,-5.1993376,0.25360621,5.1993376,5.1993376,-5.1993376,1.3781138,1.5669896,-5.1993376
2211,1.0230033,0.53943086,-5.1993376,-1.8179677,0.63946185,1.5843543,-0.95943959,5.1993376,-5.1993376,0.14858402,-1.1694007,-0.36553148,1.0174351
2212,-5.1993376,-1.5459273,-0.7315153,0.0062728847,1.3684503,-5.1993376,0.25360621,-5.1993376,-5.1993376,-0.22648938,-0.60746322,-1.2502419,-5.1993376
2213,-5.1993376,1.3463856,-0.43348197,-0.13591068,0.17400458,0.62109893,-1.5215251,5.1993376,5.1993376,-0.55985906,-1.1694007,-1.6691125,-5.1993376
2214,-5.1993376,-0.86436505,-0.7315153,-0.29005812,-0.26398459,-5.1993376,0.25360621,5.1993376,-5.1993376,-0.22648938,0.69910809,-1.2502419,1.2357345
2215,1.4181186,0.47661874,0.55253687,0.29267606,-0.26398459,1.7444475,-0.43762015,-5.1993376,-5.1993376,2.840132,-0.60746322,1.7560546,1.8803524
2216,-5.1993376,0.40335554,0.55253687,0.61199579,-0.26398459,-0.1422445,-0.67055744,5.1993376,-5.1993376,0.06025574,-0.21363612,0.14858402,0.74642729
2217,1.0230033,0.51349142,0.91087287,1.3879077,0.30448193,0.87535389,0.25360621,5.1993376,-5.1993376,1.3189459,-0.60746322,1.464186,1.2613623
2218,-5.1993376,-0.18165198,0.55253687,1.3249577,0.63946185,-5.1993376,0.25360621,5.1993376,5.1993376,0.51635627,-0.60746322,1.1140325,-5.1993376
2219,-5.1993376,-1.3310177,-5.1993376,-0.66428721,0.97546566,-0.1422445,-0.67055744,5.1993376,-5.1993376,-0.92233022,0.18547963,1.8312243,0.27308902
2220,-5.1993376,0.5642668,-0.7315153,0.05146002,1.0955557,0.29660674,-1.1768904,5.1993376,5.1993376,-5.1993376,-0.60746322,-0.001254569,-5.1993376
2221,1.4181186,-0.067798615,-0.7315153,-0.72008693,0.17400458,0.62109893,2.1696941,5.1993376,-5.1993376,-1.0552931,-0.21363612,-0.17527843,-5.1993376
2222,-5.1993376,-1.1140325,-0.1422445,-1.3684503,0.63946185,0.87535389,-1.7986626,5.1993376,5.1993376,-0.92233022,1.3781138,0.58052362,-5.1993376
2223,1.4181186,1.2502419,-0.1422445,0.40607882,0.30448193,0.87535389,1.2447784,5.1993376,-5.1993376,-0.053972647,0.18547963,-0.001254569,-5.1993376
2224,1.4181186,0.96742157,-5.1993376,-0.90518882,-0.26398459,1.2612822,0.25360621,5.1993376,5.1993376,-0.65804298,0.18547963,-0.57311539,-5.1993376
2225,-5.1993376,-0.058998939,1.649237,1.8877534,-0.26398459,-5.1993376,0.25360621,5.1993376,-5.1993376,-0.45564031,0.69910809,0.71036555,-5.1993376
2226,1.0230033,-1.1140325,0.2239158,0.64872442,-0.83733836,1.0774455,-0.300542,5.1993376,-5.1993376,-0.053972647,0.69910809,0.45146888,-5.1993376
2227,0.51349142,0.95943959,-0.7315153,-0.72008693,-2.0431151,0.62109893,-0.36687305,-5.1993376,5.1993376,0.0062728847,-1.1694007,-0.57311539,-5.1993376
2228,2.1079532,-0.018819641,0.82669773,0.40607882,0.30448193,1.7444475,0.86984634,5.1993376,5.1993376,-5.1993376,-0.60746322,-1.4678604,0.53321703
2229,0.51349142,0.49638952,2.1968939,2.0965206,-0.83733836,0.87535389,-0.67055744,-5.1993376,5.1993376,0.82846465,1.3781138,0.45146888,0.57607489
2230,-5.1993376,0.17655256,-0.7315153,0.0062728847,-0.69112102,-5.1993376,0.25360621,5.1993376,-5.1993376,0.64100179,1.3781138,0.14858402,0.89988999
2231,-5.1993376,-0.34415366,-0.7315153,0.54088248,-0.26398459,0.29660674,-1.1768904,5.1993376,5.1993376,-0.65804298,-0.60746322,0.71036555,-5.1993376
2232,-5.1993376,-0.54524419,0.11820414,1.0909946,1.0955557,-5.1993376,0.25360621,5.1993376,5.1993376,-1.0552931,-0.60746322,-0.57311539,0.2213437
2233,0.51349142,-1.4294456,-1.1644437,-0.83912102,0.97546566,-0.1422445,1.2447784,-5.1993376,5.1993376,-5.1993376,-0.21363612,-1.0230033,-5.1993376
2234,-5.1993376,-0.42660141,-0.7315153,-0.72008693,-2.0431151,-5.1993376,0.25360621,5.1993376,-5.1993376,1.4390013,1.3781138,-0.57311539,-5.1993376
2235,-5.1993376,-0.42660141,-0.1422445,0.29267606,-1.3219458,-5.1993376,0.25360621,5.1993376,-5.1993376,-0.11441489,0.69910809,-2.1079532,0.49213682
2236,-5.1993376,-0.24454752,0.11820414,0.13337869,0.17400458,-5.1993376,0.25360621,-5.1993376,-5.1993376,0.22262957,0.69910809,2.8778461,1.2127505
2237,-5.1993376,0.30185479,0.55253687,0.84987354,0.97546566,1.0774455,-1.994971,5.1993376,-5.1993376,-0.92233022,-0.21363612,-1.0230033,-5.1993376
2238,-5.1993376,-0.85167519,-5.1993376,-1.059682,2.1440107,0.29660674,-1.1768904,5.1993376,-5.1993376,-0.65804298,-1.1694007,0.29922973,-5.1993376
2239,0.51349142,-0.64408623,-5.1993376,-1.9858764,0.97546566,0.29660674,0.25360621,5.1993376,5.1993376,-5.1993376,-0.21363612,-1.2502419,0.17527843
2240,-5.1993376,-0.42660141,-0.7315153,-1.2529876,-0.26398459,-0.1422445,-0.67055744,5.1993376,-5.1993376,1.358913,0.69910809,-1.0230033,-5.1993376
2241,0.51349142,0.8552868,-0.1422445,0.25360621,-0.83733836,0.62109893,-0.36687305,5.1993376,-5.1993376,-0.65804298,0.18547963,-0.17527843,-5.1993376
2242,-5.1993376,0.48789301,-5.1993376,-2.2730524,0.97546566,-0.1422445,-0.67055744,5.1993376,-5.1993376,-1.0552931,-0.21363612,0.29922973,-5.1993376
2243,-5.1993376,-1.8952593,-5.1993376,-2.1316816,1.6022103,-5.1993376,0.25360621,5.1993376,5.1993376,-5.1993376,-5.1993376,0.45146888,-5.1993376
2244,-5.1993376,0.52930109,-0.7315153,0.0062728847,-0.26398459,0.29660674,-1.1768904,5.1993376,-5.1993376,0.68159434,-0.21363612,-0.17527843,-5.1993376
2245,-5.1993376,-0.17018472,0.55253687,0.88088812,0.17400458,-5.1993376,0.25360621,-5.1993376,5.1993376,-5.1993376,-0.21363612,-0.79704409,-5.1993376
2246,-5.1993376,-2.0979446,-0.1422445,-1.144896,1.6022103,1.7444475,-2.651732,5.1993376,5.1993376,-5.1993376,-5.1993376,0.71036555,0.2887499
2247,0.51349142,0.82493339,-5.1993376,-1.059682,0.30448193,0.62109893,-0.36687305,5.1993376,-5.1993376,1.3189459,-1.1694007,2.7474533,0.4403831
2248,-5.1993376,0.94169982,1.649237,1.7679033,-0.97143575,-5.1993376,0.25360621,-5.1993376,-5.1993376,-0.55985906,0.69910809,0.29922973,0.58452474
2249,-5.1993376,2.4430883,-0.7315153,-0.56279634,-1.3219458,-5.1993376,0.25360621,5.1993376,-5.1993376,0.10810309,1.3781138,0.98561042,-5.1993376
2250,-5.1993376,-1.358913,-0.7315153,-0.29005812,0.97546566,-5.1993376,0.25360621,5.1993376,5.1993376,0.14858402,-0.21363612,0.71036555,0.98765156
2251,-5.1993376,-1.1140325,1.0841952,-1.6590928,-0.69112102,-5.1993376,0.25360621,5.1993376,5.1993376,0.51635627,1.3781138,0.85167519,0.3561587
2252,0.51349142,0.44314942,1.0841952,0.36821529,0.97546566,0.29660674,0.25360621,5.1993376,-5.1993376,-0.92233022,-0.21363612,-0.79704409,-5.1993376
2253,-5.1993376,1.1352842,-0.1422445,-0.089192496,-0.26398459,-5.1993376,0.25360621,5.1993376,5.1993376,-5.1993376,0.69910809,-2.8067115,-5.1993376
2254,0.51349142,-0.42660141,-0.7315153,-0.34149266,-0.69112102,-0.1422445,1.2447784,5.1993376,-5.1993376,-0.22648938,1.3781138,-0.57311539,-5.1993376
2255,0.51349142,1.634747,1.649237,2.0744446,-0.26398459,0.62109893,-0.36687305,-5.1993376,5.1993376,-0.22648938,0.18547963,0.45146888,0.79197663
2256,1.0230033,-1.7986626,1.0841952,-0.90518882,1.2023467,1.4354772,-0.67055744,-5.1993376,5.1993376,-5.1993376,-1.1694007,-0.17527843,-5.1993376
2257,-5.1993376,0.90330062,1.4354772,1.6640817,-0.26398459,-5.1993376,0.25360621,-5.1993376,-5.1993376,2.1874308,0.18547963,-0.17527843,-5.1993376
2258,-5.1993376,-0.33617787,-0.7315153,-0.56279634,1.6022103,-0.1422445,-0.67055744,5.1993376,-5.1993376,0.82846465,-1.1694007,0.29922973,2.7496757
2259,-5.1993376,0.52930109,0.31764959,0.32954771,-0.26398459,0.29660674,-1.1768904,-5.1993376,-5.1993376,0.29791798,0.69910809,0.29922973,-5.1993376
2260,-5.1993376,1.4903351,-0.7315153,-0.50492201,-1.3219458,-0.1422445,-0.67055744,5.1993376,5.1993376,-5.1993376,0.69910809,-0.57311539,0.57607489
2261,-5.1993376,0.0075274833,2.4320167,1.533612,0.30448193,-5.1993376,0.25360621,-5.1993376,-5.1993376,1.6896701,-0.21363612,1.1140325,1.3778741
2262,-5.1993376,-0.058998939,-0.1422445,0.0062728847,-0.97143575,-5.1993376,0.25360621,5.1993376,-5.1993376,1.0841952,0.69910809,-0.36553148,0.34365314
2263,-5.1993376,-0.56868553,1.2640664,0.8196557,0.63946185,-0.1422445,-0.67055744,5.1993376,5.1993376,-0.17018472,-0.60746322,1.2339616,1.0315088
2264,0.51349142,0.15873981,0.55253687,0.64872442,-0.26398459,0.62109893,-0.36687305,-5.1993376,-5.1993376,0.10810309,0.69910809,1.6590928,-5.1993376
2265,1.0230033,0.46400712,1.2640664,0.64872442,-0.83733836,0.62109893,0.96142934,5.1993376,-5.1993376,1.0841952,0.18547963,0.45146888,0.60367382
2266,-5.1993376,-0.59993651,-0.1422445,-0.23808933,1.0955557,-0.1422445,-0.67055744,5.1993376,5.1993376,1.7739219,-0.60746322,1.7560546,0.17527843
2267,-5.1993376,1.4532796,-0.47379088,-0.44869228,-1.3219458,-5.1993376,0.25360621,5.1993376,5.1993376,-5.1993376,0.18547963,-2.1079532,-5.1993376
2268,-5.1993376,-0.83200627,0.55253687,-0.66428721,0.63946185,-5.1993376,0.25360621,5.1993376,5.1993376,-5.1993376,1.3781138,0.14858402,0.2085048
2269,-5.1993376,0.60595514,-0.48083942,-0.98357337,0.63946185,1.2612822,-2.2111272,5.1993376,-5.1993376,-0.92233022,-0.21363612,-0.57311539,-5.1993376
2270,1.0230033,-0.42660141,0.55253687,0.88088812,0.63946185,0.29660674,1.761948,5.1993376,-5.1993376,-0.65804298,0.69910809,-0.36553148,0.97776273
2271,0.51349142,-0.27439149,1.649237,2.0744446,-0.26398459,0.62109893,-0.36687305,5.1993376,-5.1993376,0.06025574,0.69910809,-0.36553148,-5.1993376
2272,-5.1993376,-0.9165865,-0.1422445,0.21235277,0.63946185,-5.1993376,0.25360621,5.1993376,5.1993376,0.45842568,0.69910809,1.1140325,-5.1993376
2273,-5.1993376,1.4532796,-0.1422445,-0.041412601,-0.26398459,-5.1993376,0.25360621,5.1993376,5.1993376,-0.78332986,0.69910809,-1.873053,-5.1993376
2274,-5.1993376,0.76639141,-0.1422445,-0.18547963,-1.3219458,-5.1993376,0.25360621,5.1993376,-5.1993376,1.2809814,2.1196682,-0.001254569,1.0020565
2275,0.51349142,0.41563423,-1.1644437,-1.505747,1.3684503,-0.1422445,1.2447784,5.1993376,-5.1993376,1.215372,-0.21363612,-0.57311539,-5.1993376
2276,-5.1993376,-0.018819641,0.55253687,1.1794018,-0.26398459,0.62109893,-1.5215251,5.1993376,-5.1993376,1.5215251,-0.21363612,0.71036555,1.7757969
2277,-5.1993376,-0.1625524,0.2239158,0.36821529,0.30448193,-5.1993376,0.25360621,5.1993376,5.1993376,-0.78332986,-0.21363612,-1.2502419,0.51492332
2278,-5.1993376,-1.5176114,-1.1644437,-1.6590928,2.9674304,0.87535389,-1.7986626,5.1993376,5.1993376,-5.1993376,-5.1993376,0.14858402,1.4501454
2279,0.51349142,0.7152178,-0.7315153,-1.2529876,0.97546566,0.62109893,-0.36687305,5.1993376,5.1993376,-5.1993376,-1.1694007,-0.001254569,-5.1993376
2280,-5.1993376,-1.1140325,0.91087287,0.84987354,0.40471681,-0.1422445,-0.67055744,5.1993376,-5.1993376,1.1328976,0.69910809,0.85167519,0.49213682
2281,-5.1993376,-1.358913,-5.1993376,-0.34149266,0.97546566,-5.1993376,0.25360621,-5.1993376,5.1993376,-5.1993376,-0.21363612,-0.36553148,0.5181749
2282,-5.1993376,-0.42660141,1.0841952,0.21235277,-1.3219458,-5.1993376,0.25360621,-5.1993376,5.1993376,-0.45564031,0.69910809,1.8952593,-5.1993376
2283,-5.1993376,0.93390994,-0.7315153,-0.23808933,0.63946185,-5.1993376,0.25360621,5.1993376,-5.1993376,-1.0552931,0.18547963,1.2339616,-5.1993376
2284,-5.1993376,-1.3100167,0.55253687,1.4181186,-0.26398459,-5.1993376,0.25360621,5.1993376,-5.1993376,0.56132709,-0.60746322,0.14858402,0.28289138
2285,2.1079532,0.33485067,-5.1993376,-1.3684503,-0.26398459,1.2612822,1.761948,5.1993376,-5.1993376,1.0293754,0.18547963,-0.57311539,0.33323537
2286,-5.1993376,2.1696941,1.649237,1.533612,-3.1316505,-5.1993376,0.25360621,5.1993376,-5.1993376,1.1328976,1.3781138,1.1140325,-5.1993376
2287,-5.1993376,0.66741904,0.2239158,0.71359852,-0.26398459,-5.1993376,0.25360621,-5.1993376,5.1993376,-5.1993376,0.18547963,-0.001254569,1.1206597
2288,0.51349142,0.99174625,-5.1993376,-0.66428721,0.30448193,-0.1422445,1.2447784,5.1993376,5.1993376,-5.1993376,-0.60746322,-1.0230033,-5.1993376
2289,1.4181186,0.035135151,2.1968939,-0.39384742,0.087932998,0.62109893,2.1696941,-5.1993376,5.1993376,1.1570615,-0.60746322,0.45146888,0.82317161
2290,0.51349142,1.8245559,-0.7315153,-0.44869228,0.63946185,0.29660674,0.25360621,5.1993376,5.1993376,0.10810309,0.18547963,-2.4320167,-5.1993376
2291,1.4181186,0.9165865,0.55253687,-0.041412601,-0.26398459,0.87535389,1.2447784,5.1993376,-5.1993376,-0.78332986,0.18547963,1.1140325,0.86204905
2292,-5.1993376,0.79360155,-0.1422445,-0.29005812,2.1440107,-5.1993376,0.25360621,5.1993376,5.1993376,-5.1993376,-1.1694007,-0.001254569,-5.1993376
2293,-5.1993376,1.2075323,-5.1993376,-1.144896,0.17400458,-5.1993376,0.25360621,5.1993376,-5.1993376,0.56132709,1.3781138,-2.1079532,-5.1993376
2294,1.0230033,0.65027359,-0.7315153,-0.23808933,0.63946185,0.29660674,1.761948,5.1993376,-5.1993376,-0.11441489,0.18547963,-1.2502419,-5.1993376
2295,-5.1993376,-1.5215251,-0.7315153,-1.3684503,1.3684503,1.0774455,-1.994971,-5.1993376,-5.1993376,-5.1993376,-5.1993376,0.29922973,-5.1993376
2296,0.51349142,-0.57755653,0.55253687,2.1316816,-0.26398459,1.2612822,-1.1768904,-5.1993376,-5.1993376,-0.053972647,-0.60746322,0.45146888,-5.1993376
2297,-5.1993376,-0.24454752,-0.1422445,0.21235277,-0.26398459,0.62109893,-1.5215251,5.1993376,5.1993376,-0.65804298,-0.21363612,0.14858402,-5.1993376
2298,0.51349142,0.33485067,1.0841952,1.2640664,0.63946185,-0.1422445,1.2447784,5.1993376,-5.1993376,3.8625748,-0.60746322,3.3525178,1.8301396
2299,-5.1993376,-1.4678604,0.2239158,-1.2529876,-0.69112102,1.0774455,-1.994971,5.1993376,5.1993376,-5.1993376,-1.1694007,0.71036555,0.32028968
2300,-5.1993376,1.1644437,0.2239158,-1.3684503,1.6022103,0.29660674,-1.1768904,-5.1993376,5.1993376,-5.1993376,-5.1993376,-0.001254569,1.0315088
2301,0.51349142,-0.52066149,-0.7315153,-0.77822491,-0.83733836,-0.1422445,1.2447784,5.1993376,-5.1993376,0.58796385,2.1196682,-0.79704409,-5.1993376
2302,0.51349142,1.0400895,1.649237,1.7679033,0.30448193,-0.1422445,1.2447784,5.1993376,5.1993376,-0.45564031,-0.60746322,0.45146888,1.7730125
2303,1.0230033,-0.54524419,-0.7315153,-0.34149266,-0.26398459,0.29660674,1.761948,5.1993376,5.1993376,0.70552998,1.3781138,-1.0230033,0.17273102
2304,-5.1993376,0.53943086,0.55253687,0.05146002,0.087932998,-5.1993376,0.25360621,-5.1993376,-5.1993376,1.1669186,-0.21363612,-1.0230033,-5.1993376
2305,0.51349142,0.55107599,0.55253687,0.95151828,-0.26398459,0.62109893,-0.36687305,5.1993376,-5.1993376,1.7739219,0.69910809,0.29922973,1.4102169
2306,-5.1993376,-0.42660141,-0.1422445,0.36821529,-0.26398459,-5.1993376,0.25360621,5.1993376,-5.1993376,-0.45564031,1.3781138,-0.001254569,0.65325448
2307,0.51349142,0.056485615,0.55253687,1.1546147,-0.26398459,0.62109893,-0.36687305,5.1993376,5.1993376,1.0552931,-0.21363612,-0.57311539,0.210958
2308,-5.1993376,-1.1140325,1.0841952,1.057485,-1.0819398,-5.1993376,0.25360621,-5.1993376,-5.1993376,1.0841952,0.69910809,0.98561042,2.3937058
2309,-5.1993376,-0.59393954,0.91087287,-0.98357337,-0.83733836,-5.1993376,0.25360621,-5.1993376,-5.1993376,0.58796385,-0.21363612,-1.0230033,0.93411538
2310,-5.1993376,-0.42660141,-1.1644437,-0.83912102,-1.3219458,-5.1993376,0.25360621,5.1993376,-5.1993376,0.64100179,0.69910809,-2.1079532,-5.1993376
2311,-5.1993376,1.3846283,-0.1422445,-0.39384742,0.17400458,-5.1993376,0.25360621,5.1993376,5.1993376,1.4568958,-0.60746322,0.29922973,1.8956758
2312,-5.1993376,2.7205493,1.649237,1.2640664,-2.3863399,0.29660674,-1.1768904,5.1993376,-5.1993376,2.7063479,2.1196682,0.98561042,2.296903
2313,0.51349142,1.1644437,3.0949237,0.0062728847,-1.3219458,0.87535389,-0.67055744,-5.1993376,-5.1993376,1.5756126,1.3781138,1.1140325,-5.1993376
2314,-5.1993376,0.10557959,0.55253687,0.61199579,0.17400458,-5.1993376,0.25360621,-5.1993376,5.1993376,-0.78332986,-0.21363612,-1.873053,-5.1993376
2315,-5.1993376,-0.058998939,0.55253687,0.64872442,0.97546566,-0.1422445,-0.67055744,5.1993376,5.1993376,0.22262957,-0.60746322,-0.001254569,0.29258765
2316,-5.1993376,0.47661874,-1.1644437,-0.83912102,0.97546566,-5.1993376,0.25360621,5.1993376,5.1993376,-5.1993376,-0.21363612,-1.873053,-5.1993376
2317,0.51349142,-0.87904038,1.649237,0.78845531,1.0955557,-0.1422445,1.2447784,-5.1993376,5.1993376,-0.053972647,-1.1694007,-0.57311539,-5.1993376
2318,-5.1993376,0.23938016,-0.48648036,-0.66428721,-0.26398459,-5.1993376,0.25360621,-5.1993376,-5.1993376,0.22262957,-0.60746322,0.45146888,1.2410745
2319,-5.1993376,0.83912102,-0.1422445,0.21235277,-0.26398459,-0.1422445,-0.67055744,5.1993376,-5.1993376,-0.36017172,0.69910809,-0.17527843,0.15355348
2320,-5.1993376,-2.1080334,0.2239158,-1.2529876,1.8379752,-5.1993376,0.25360621,-5.1993376,-5.1993376,1.8245559,-1.1694007,0.58052362,1.2127505
2321,-5.1993376,0.51349142,0.55253687,0.36821529,-0.26398459,-5.1993376,0.25360621,5.1993376,5.1993376,1.0685216,-1.1694007,0.29922973,-5.1993376
2322,1.4181186,-0.0050182959,2.6902871,2.9147775,-0.26398459,1.7444475,-0.43762015,5.1993376,5.1993376,1.4079051,-0.21363612,0.29922973,-5.1993376
2323,-5.1993376,0.22648938,0.91087287,1.5627215,-0.69112102,-0.1422445,-0.67055744,-5.1993376,-5.1993376,0.4307273,0.18547963,1.2339616,0.78708959
2324,-5.1993376,-0.74635093,0.55253687,0.75299744,-0.26398459,-0.1422445,-0.67055744,5.1993376,-5.1993376,-0.45564031,0.69910809,0.98561042,0.16001041
2325,-5.1993376,3.0940012,3.1436875,2.5754833,-1.6299924,-5.1993376,0.25360621,5.1993376,-5.1993376,1.8245559,0.69910809,1.1140325,2.3591863
2326,-5.1993376,-1.6252744,-0.1422445,-1.505747,-1.3219458,-0.1422445,-0.67055744,-5.1993376,-5.1993376,-0.11441489,-1.1694007,0.71036555,0.27308902
2327,0.51349142,0.22648938,-0.1422445,0.88088812,-0.26398459,2.2899878,-2.2111272,-5.1993376,-5.1993376,0.06025574,-0.21363612,-0.36553148,-5.1993376
2328,-5.1993376,0.44314942,-0.7315153,0.95151828,1.3684503,-0.1422445,-0.67055744,5.1993376,5.1993376,-5.1993376,-0.21363612,0.98561042,-5.1993376
2329,-5.1993376,-0.94088545,-1.1644437,-0.72008693,0.63946185,-5.1993376,0.25360621,5.1993376,-5.1993376,1.7055704,0.18547963,1.2339616,0.86256164
2330,1.0230033,-1.003908,-5.1993376,-1.144896,-0.69112102,0.29660674,1.761948,5.1993376,-5.1993376,0.29791798,0.69910809,1.7560546,0.28100042
2331,-5.1993376,1.3978365,-5.1993376,-0.72008693,-2.0431151,-5.1993376,0.25360621,5.1993376,-5.1993376,-0.22648938,0.18547963,0.14858402,0.73973722
2332,-5.1993376,-0.85167519,0.55253687,1.3249577,-0.26398459,-5.1993376,0.25360621,5.1993376,-5.1993376,0.324254,1.3781138,-0.17527843,-5.1993376
2333,-5.1993376,0.36955819,0.2239158,0.75299744,-0.83733836,-0.1422445,-0.67055744,-5.1993376,-5.1993376,-0.78332986,1.3781138,-1.4678604,0.74642729
2334,1.7679033,-0.26268576,1.0841952,0.17400458,0.30448193,1.5843543,0.25360621,5.1993376,-5.1993376,-0.92233022,-0.21363612,0.14858402,1.0548552
2335,-5.1993376,0.39520352,1.649237,1.6299924,0.63946185,-5.1993376,0.25360621,5.1993376,5.1993376,1.2753025,0.69910809,0.29922973,0.4403831
2336,0.51349142,-1.6067551,0.55253687,-1.6590928,1.2023467,0.29660674,0.25360621,-5.1993376,-5.1993376,-0.78332986,-5.1993376,-0.17527843,-5.1993376
2337,0.51349142,-0.27439149,-0.7315153,-0.18547963,-1.6299924,0.62109893,-0.36687305,5.1993376,5.1993376,2.0036013,1.3781138,-1.4678604,-5.1993376
2338,-5.1993376,1.6844637,-1.3432866,-1.8179677,0.63946185,-0.1422445,-0.67055744,5.1993376,5.1993376,-5.1993376,-5.1993376,0.14858402,-5.1993376
2339,0.51349142,1.3716572,0.55253687,0.71359852,-0.26398459,1.2612822,-1.1768904,5.1993376,-5.1993376,0.10810309,0.69910809,-1.4678604,0.93382199
2340,1.4181186,-1.3978365,0.11820414,-0.39384742,0.63946185,1.5843543,-0.36687305,5.1993376,-5.1993376,-5.1993376,-1.1694007,1.464186,0.23550885
2341,0.51349142,1.649237,0.55253687,0.88088812,-1.3219458,0.29660674,0.25360621,5.1993376,-5.1993376,0.18165198,-0.60746322,0.14858402,0.96282906
2342,1.0230033,0.36017172,0.2239158,-0.13591068,0.63946185,1.2612822,-0.42385485,5.1993376,-5.1993376,0.68159434,-1.1694007,1.2339616,-5.1993376
2343,-5.1993376,0.61805886,0.91087287,0.78845531,0.30448193,-0.1422445,-0.67055744,5.1993376,5.1993376,-0.45564031,-0.21363612,0.14858402,-5.1993376
2344,-5.1993376,-0.52066149,0.81265408,0.61199579,-1.3219458,-5.1993376,0.25360621,-5.1993376,-5.1993376,1.0293754,0.69910809,0.14858402,2.8310186
2345,-5.1993376,-0.25490199,0.55253687,0.98561042,-0.69112102,-5.1993376,0.25360621,-5.1993376,-5.1993376,-0.17018472,0.69910809,-0.36553148,0.8679901
2346,-5.1993376,0.34948301,-0.7315153,0.0062728847,0.17400458,1.0774455,-1.994971,5.1993376,-5.1993376,1.1946284,1.3781138,0.45146888,0.38707768
2347,-5.1993376,0.26138737,0.2239158,0.092971849,0.30448193,-5.1993376,0.25360621,5.1993376,-5.1993376,-0.053972647,-0.60746322,-1.6691125,0.92330459
2348,-5.1993376,-0.55253687,1.1794018,0.61199579,-0.26398459,-5.1993376,0.25360621,-5.1993376,5.1993376,-0.22648938,-0.21363612,-1.0230033,-5.1993376
2349,-5.1993376,1.8245559,-0.1422445,0.21235277,0.63946185,-5.1993376,0.25360621,5.1993376,5.1993376,0.29791798,0.18547963,-0.57311539,-5.1993376
2350,0.51349142,0.86618925,-5.1993376,-0.72008693,1.2023467,0.29660674,0.25360621,5.1993376,-5.1993376,-0.17018472,-0.60746322,-0.57311539,-5.1993376
2351,-5.1993376,0.16636735,0.55253687,-0.90518882,-0.26398459,-5.1993376,0.25360621,5.1993376,-5.1993376,-0.78332986,-0.21363612,-1.2502419,1.3064319
2352,-5.1993376,-0.42660141,-0.1422445,0.32954771,0.63946185,-5.1993376,0.25360621,5.1993376,-5.1993376,-0.92233022,1.3781138,-2.4320167,-5.1993376
2353,0.51349142,0.13464458,-0.7315153,-0.56279634,-0.97143575,0.62109893,-0.36687305,5.1993376,5.1993376,-0.65804298,0.69910809,-0.57311539,0.41024206
2354,-5.1993376,-1.9576502,-0.1422445,-0.72008693,0.97546566,0.29660674,-1.1768904,5.1993376,-5.1993376,3.1805818,-1.1694007,2.3863399,-5.1993376
2355,-5.1993376,-2.3076067,-5.1993376,-1.6590928,2.1440107,0.87535389,-1.7986626,-5.1993376,5.1993376,-5.1993376,-1.1694007,0.45146888,-5.1993376
2356,-5.1993376,0.62872436,-0.1422445,-0.23808933,0.63946185,-5.1993376,0.25360621,5.1993376,5.1993376,-0.92233022,0.18547963,-2.1079532,-5.1993376
2357,1.4181186,-0.68317781,-1.3159579,-0.98357337,-0.26398459,1.4354772,-0.28091085,-5.1993376,-5.1993376,0.0062728847,0.69910809,-0.17527843,0.47240654
2358,-5.1993376,-0.31237604,-0.43348197,0.57607489,0.97546566,-5.1993376,0.25360621,-5.1993376,-5.1993376,0.45842568,0.18547963,-0.17527843,0.86050453
2359,-5.1993376,0.68001258,0.55253687,0.78845531,-0.26398459,-0.1422445,-0.67055744,5.1993376,5.1993376,-0.11441489,0.18547963,0.71036555,0.55985906
2360,-5.1993376,1.0124743,-5.1993376,-1.2529876,0.087932998,-5.1993376,0.25360621,5.1993376,5.1993376,-5.1993376,-0.21363612,-1.873053,-5.1993376
2361,-5.1993376,-1.1140325,0.55253687,0.25360621,-1.3219458,-5.1993376,0.25360621,5.1993376,-5.1993376,-0.053972647,1.3781138,-1.873053,0.97322624
2362,0.51349142,1.6252744,-0.1422445,0.29267606,-0.26398459,-0.1422445,1.2447784,5.1993376,5.1993376,0.93779777,1.3781138,-0.17527843,-5.1993376
2363,-5.1993376,0.38572587,0.91087287,1.358913,-0.26398459,-5.1993376,0.25360621,5.1993376,5.1993376,-0.45564031,0.69910809,-1.4678604,-5.1993376
2364,1.4181186,-0.3031681,-5.1993376,-1.2529876,-0.26398459,0.87535389,1.2447784,5.1993376,-5.1993376,-0.55985906,1.3781138,-0.79704409,-5.1993376
2365,0.51349142,-0.42660141,-0.1422445,0.50492201,0.63946185,-0.1422445,1.2447784,5.1993376,-5.1993376,0.26658359,2.1196682,-1.4678604,0.33392906
2366,-5.1993376,0.83912102,-0.7315153,-0.39384742,0.63946185,-5.1993376,0.25360621,-5.1993376,5.1993376,-5.1993376,0.69910809,0.98561042,1.2825454
2367,0.51349142,-1.1140325,0.11820414,0.25360621,-0.97143575,0.29660674,0.25360621,5.1993376,-5.1993376,-0.053972647,0.69910809,1.2339616,0.46960306
2368,-5.1993376,0.072829316,-0.1422445,-0.041412601,0.63946185,-5.1993376,0.25360621,5.1993376,-5.1993376,-1.0552931,0.18547963,0.58052362,0.98765156
2369,-5.1993376,1.1352842,-0.7315153,-0.56279634,-1.3219458,-5.1993376,0.25360621,5.1993376,5.1993376,-0.78332986,0.69910809,-2.4320167,-5.1993376
2370,1.0230033,0.072829316,0.55253687,1.2366522,0.63946185,1.0774455,-0.300542,5.1993376,5.1993376,-0.55985906,-0.21363612,-0.36553148,0.54386371
2371,1.0230033,1.199766,0.2239158,-0.90518882,-1.3219458,1.5843543,-0.95943959,5.1993376,-5.1993376,-0.55985906,-1.1694007,0.45146888,-5.1993376
2372,-5.1993376,-1.3310177,-0.7315153,-0.56279634,0.63946185,-0.1422445,-0.67055744,5.1993376,-5.1993376,0.45842568,-0.60746322,0.29922973,0.16899878
2373,-5.1993376,-1.1982142,-0.48083942,-0.98357337,2.1440107,-0.1422445,-0.67055744,5.1993376,5.1993376,-0.28744217,-1.1694007,-1.0230033,-5.1993376
2374,-5.1993376,-1.6640817,-0.1422445,-1.144896,2.1440107,1.0774455,-1.994971,-5.1993376,-5.1993376,-5.1993376,-1.1694007,-0.001254569,-5.1993376
2375,0.51349142,1.5376912,-0.43348197,-0.34149266,-0.69112102,-0.1422445,1.2447784,-5.1993376,5.1993376,0.45842568,0.18547963,-0.36553148,0.75176752
2376,1.4181186,0.58498388,-1.1644437,-0.34149266,1.6022103,1.5843543,-0.36687305,5.1993376,-5.1993376,-0.55985906,-0.60746322,-0.17527843,1.0570458
2377,1.0230033,-0.046435725,-1.0307974,-0.72008693,0.97546566,0.29660674,1.761948,-5.1993376,-5.1993376,2.0273343,-0.21363612,0.45146888,1.5206512
2378,0.51349142,-0.75967739,-0.7315153,-1.2529876,-0.26398459,0.87535389,-0.67055744,5.1993376,-5.1993376,-0.55985906,0.69910809,0.71036555,1.1125547
2379,-5.1993376,-0.68317781,1.649237,-0.66428721,1.6022103,0.62109893,-1.5215251,-5.1993376,-5.1993376,-0.92233022,-1.1694007,-0.17527843,-5.1993376
2380,1.4181186,-0.69750712,-0.7315153,-0.29005812,1.2023467,1.5843543,-0.36687305,5.1993376,5.1993376,1.8245559,-1.1694007,0.58052362,-5.1993376
2381,-5.1993376,-1.3310177,-0.7315153,-0.77822491,0.63946185,-5.1993376,0.25360621,5.1993376,-5.1993376,-0.45564031,0.69910809,2.1968939,-5.1993376
2382,0.51349142,1.4112933,2.4320167,2.0331038,-2.6965111,-0.1422445,1.2447784,5.1993376,-5.1993376,2.379191,2.1196682,1.6590928,2.856631
2383,-5.1993376,0.40335554,0.099273749,0.05146002,0.63946185,0.62109893,-1.5215251,5.1993376,5.1993376,-0.45564031,0.18547963,0.29922973,-5.1993376
2384,0.51349142,0.25101592,-0.7315153,-0.34149266,-0.69112102,-0.1422445,1.2447784,5.1993376,-5.1993376,-0.45564031,1.3781138,-1.6691125,0.720629
2385,0.51349142,1.4752694,0.55253687,0.25360621,-0.26398459,-0.1422445,1.2447784,5.1993376,-5.1993376,0.34948301,-0.21363612,0.58052362,-5.1993376
2386,1.0230033,-0.99585764,-0.1422445,-0.29005812,-0.26398459,0.29660674,1.761948,5.1993376,-5.1993376,-0.17018472,0.69910809,-1.2502419,0.54208905
2387,-5.1993376,1.3340661,0.91087287,1.358913,-0.26398459,-5.1993376,0.25360621,-5.1993376,-5.1993376,-1.0552931,-0.60746322,-0.79704409,0.70989634
2388,1.0230033,0.87719565,0.55253687,0.78845531,-0.83733836,0.29660674,1.761948,5.1993376,5.1993376,-5.1993376,0.18547963,-0.36553148,-5.1993376
2389,0.51349142,0.20722283,-0.1422445,0.25360621,1.2023467,0.29660674,0.25360621,5.1993376,-5.1993376,-0.92233022,-0.60746322,0.71036555,-5.1993376
2390,-5.1993376,1.9734959,0.55253687,1.2075323,-1.3219458,-5.1993376,0.25360621,5.1993376,-5.1993376,-0.55985906,0.18547963,-0.36553148,-5.1993376
2391,-5.1993376,1.2874256,-0.7315153,-0.66428721,0.30448193,-5.1993376,0.25360621,5.1993376,-5.1993376,-1.0552931,0.69910809,-0.79704409,-5.1993376
2392,0.51349142,-0.42660141,0.91087287,0.84987354,-0.26398459,0.87535389,-0.67055744,5.1993376,5.1993376,-5.1993376,0.69910809,0.71036555,1.599677
2393,-5.1993376,-0.42660141,-0.7315153,-0.66428721,-1.3219458,-0.1422445,-0.67055744,-5.1993376,-5.1993376,-0.78332986,0.69910809,-0.57311539,0.14690811
2394,-5.1993376,-0.20081806,1.2640664,-0.39384742,0.087932998,0.62109893,-1.5215251,-5.1993376,-5.1993376,-0.92233022,-0.21363612,-0.79704409,-5.1993376
2395,-5.1993376,-0.69112102,-0.7315153,-0.90518882,-1.3219458,-0.1422445,-0.67055744,-5.1993376,-5.1993376,0.64100179,2.1196682,-0.57311539,0.54051947
2396,-5.1993376,-1.0336468,0.2239158,1.1546147,-0.26398459,-5.1993376,0.25360621,-5.1993376,5.1993376,-0.28744217,-0.21363612,-1.0230033,-5.1993376
2397,-5.1993376,-1.1873621,0.55253687,-0.98357337,0.63946185,-5.1993376,0.25360621,5.1993376,-5.1993376,2.6741685,0.18547963,1.9858764,0.46960306
2398,-5.1993376,0.27699782,-5.1993376,-1.144896,0.63946185,0.62109893,-1.5215251,5.1993376,-5.1993376,0.06025574,-0.60746322,-1.873053,-5.1993376
2399,0.51349142,0.57607489,0.55253687,1.057485,-0.26398459,0.29660674,0.25360621,5.1993376,-5.1993376,-0.28744217,0.69910809,0.98561042,-5.1993376
2400,1.0230033,1.1352842,0.55253687,0.71359852,-1.3219458,0.62109893,0.96142934,-5.1993376,-5.1993376,0.14858402,0.18547963,0.45146888,0.57288338
2401,0.51349142,0.68793853,-0.1422445,-0.18547963,0.17400458,1.2612822,-1.1768904,5.1993376,5.1993376,0.34948301,0.18547963,0.85167519,-5.1993376
2402,0.51349142,0.21620388,-0.1422445,0.0062728847,-0.26398459,0.29660674,0.25360621,-5.1993376,-5.1993376,-0.36017172,-0.60746322,-0.17527843,-5.1993376
2403,-5.1993376,-1.7784157,0.55253687,-0.77822491,0.40471681,-5.1993376,0.25360621,-5.1993376,-5.1993376,2.0533356,-1.1694007,0.98561042,0.49213682
2404,-5.1993376,-0.62414474,-1.3159579,-1.2529876,1.6022103,-0.1422445,-0.67055744,5.1993376,5.1993376,0.51635627,-0.60746322,-0.001254569,-5.1993376
2405,-5.1993376,0.17655256,0.55253687,0.91467864,-1.3219458,-5.1993376,0.25360621,5.1993376,-5.1993376,1.0293754,0.18547963,-0.17527843,-5.1993376
2406,-5.1993376,-1.6909641,-5.1993376,-1.505747,2.9674304,1.5843543,-2.5423492,5.1993376,5.1993376,-5.1993376,-5.1993376,1.1140325,0.61957818
2407,0.51349142,0.14731565,1.649237,0.8196557,0.30448193,0.87535389,-0.67055744,5.1993376,-5.1993376,0.51635627,-1.1694007,0.14858402,-5.1993376
2408,1.0230033,-0.75466427,-0.43348197,-1.2529876,0.63946185,0.87535389,0.25360621,-5.1993376,5.1993376,-0.45564031,-5.1993376,0.85167519,0.82317161
2409,1.4181186,-0.14604751,-0.7315153,-1.2529876,-0.26398459,0.62109893,2.1696941,5.1993376,5.1993376,-5.1993376,-5.1993376,-0.001254569,-5.1993376
2410,-5.1993376,-0.42660141,1.0841952,0.13337869,-1.3219458,-5.1993376,0.25360621,5.1993376,5.1993376,-0.55985906,1.3781138,-1.873053,0.68476299
2411,0.51349142,-0.1625524,1.3620783,0.43900121,0.17400458,1.2612822,-1.1768904,-5.1993376,-5.1993376,0.0062728847,-1.1694007,-1.0230033,0.55985906
2412,1.7679033,-0.29529601,1.649237,0.32954771,-0.26398459,1.7444475,-0.27439149,5.1993376,5.1993376,0.29791798,-0.60746322,1.9858764,-5.1993376
2413,-5.1993376,-0.42660141,-0.1422445,-0.34149266,-1.3219458,-5.1993376,0.25360621,5.1993376,-5.1993376,0.51635627,1.3781138,1.464186,0.46960306
2414,-5.1993376,1.0962016,1.2640664,1.0909946,-0.26398459,-5.1993376,0.25360621,5.1993376,-5.1993376,1.1844468,1.3781138,-0.79704409,2.4349226
2415,1.0230033,0.64254324,0.91087287,0.29267606,0.17400458,2.2899878,-1.6741858,5.1993376,5.1993376,-5.1993376,0.18547963,0.58052362,0.38572587
2416,1.0230033,1.6159455,1.0841952,0.75299744,-0.97143575,0.62109893,0.96142934,5.1993376,-5.1993376,0.40471681,0.18547963,-0.79704409,-5.1993376
2417,-5.1993376,-0.8901723,-0.1422445,0.40607882,-1.3219458,-5.1993376,0.25360621,5.1993376,-5.1993376,-0.28744217,0.69910809,0.14858402,0.71548152
2418,-5.1993376,-1.5542696,-5.1993376,-1.3684503,2.1440107,-5.1993376,0.25360621,-5.1993376,5.1993376,-5.1993376,-1.1694007,-0.001254569,0.98765156
2419,-5.1993376,-1.5521739,0.55253687,0.47100434,-0.26398459,-5.1993376,0.25360621,5.1993376,-5.1993376,1.5459273,1.3781138,-1.0230033,0.54670039
2420,-5.1993376,-0.98561042,-0.1422445,-0.23808933,-1.3219458,0.29660674,-1.1768904,-5.1993376,-5.1993376,-0.78332986,0.69910809,0.14858402,0.2213437
2421,-5.1993376,-0.42660141,-0.1422445,0.17400458,0.63946185,-5.1993376,0.25360621,5.1993376,-5.1993376,0.45842568,0.69910809,-0.17527843,0.18292756
2422,0.51349142,-0.11820414,-0.7315153,-0.50492201,-0.26398459,-0.1422445,1.2447784,5.1993376,-5.1993376,1.1497418,0.69910809,0.14858402,0.72497321
2423,-5.1993376,-0.81265408,0.55253687,0.84987354,-0.26398459,-0.1422445,-0.67055744,5.1993376,5.1993376,0.06025574,0.69910809,-0.17527843,0.85167519
2424,-5.1993376,0.025094008,-1.1644437,-1.6590928,-0.26398459,-5.1993376,0.25360621,-5.1993376,5.1993376,-5.1993376,-5.1993376,0.14858402,1.3357718
2425,1.7679033,-0.49922964,-0.1422445,-1.2529876,0.97546566,2.456904,-1.0187781,-5.1993376,5.1993376,-5.1993376,-1.1694007,0.29922973,0.17132472
2426,-5.1993376,0.25101592,-0.1422445,0.32954771,0.97546566,-5.1993376,0.25360621,5.1993376,-5.1993376,2.2675493,-0.21363612,2.1968939,-5.1993376
2427,0.51349142,1.0729729,-1.1644437,-0.23808933,0.63946185,1.4354772,-1.3846283,5.1993376,5.1993376,-0.78332986,-0.60746322,-1.0230033,-5.1993376
2428,-5.1993376,-1.4361036,-0.1422445,1.2640664,0.17400458,-5.1993376,0.25360621,5.1993376,5.1993376,-0.78332986,-0.60746322,-0.79704409,0.9075145
2429,1.0230033,-0.72171378,-0.1422445,-0.041412601,-1.3219458,0.29660674,1.761948,5.1993376,-5.1993376,0.4307273,0.69910809,-0.17527843,-5.1993376
2430,1.4181186,-0.49922964,1.649237,1.9858764,-0.83733836,0.87535389,1.2447784,5.1993376,-5.1993376,1.0082941,1.3781138,-0.57311539,-5.1993376
2431,-5.1993376,2.0853556,-0.7315153,-0.83912102,-1.3219458,0.29660674,-1.1768904,5.1993376,-5.1993376,-0.36017172,0.18547963,0.29922973,1.1939217
2432,-5.1993376,-1.4496823,-5.1993376,-0.90518882,-1.0819398,-5.1993376,0.25360621,5.1993376,5.1993376,0.56132709,0.18547963,1.464186,-5.1993376
2433,0.51349142,0.7152178,-0.1422445,0.05146002,0.63946185,0.29660674,0.25360621,5.1993376,5.1993376,-5.1993376,-0.21363612,0.14858402,-5.1993376
2434,-5.1993376,-0.71359852,-0.7315153,0.32954771,1.3684503,-5.1993376,0.25360621,5.1993376,-5.1993376,0.22262957,-0.60746322,-0.79704409,0.32028968
2435,-5.1993376,-0.018819641,0.2239158,0.78845531,0.087932998,-5.1993376,0.25360621,-5.1993376,5.1993376,-0.55985906,-0.21363612,-1.2502419,-5.1993376
2436,-5.1993376,0.72171378,0.2239158,0.64872442,-0.83733836,-5.1993376,0.25360621,5.1993376,5.1993376,-5.1993376,-0.60746322,-0.57311539,-5.1993376
2437,-5.1993376,1.1768904,-5.1993376,-0.98357337,-0.97143575,-0.1422445,-0.67055744,5.1993376,-5.1993376,-0.36017172,0.18547963,-0.57311539,-5.1993376
2438,1.4181186,-0.33617787,0.91087287,1.1546147,-0.26398459,1.4354772,-0.28091085,-5.1993376,-5.1993376,0.22262957,-0.21363612,0.58052362,0.49213682
2439,-5.1993376,-0.74635093,0.55253687,0.8196557,0.97546566,-5.1993376,0.25360621,-5.1993376,-5.1993376,-0.36017172,-0.21363612,0.58052362,-5.1993376
2440,0.51349142,-0.55253687,-0.1422445,0.25360621,-0.26398459,-0.1422445,1.2447784,5.1993376,5.1993376,0.84090635,1.3781138,0.45146888,1.0583412
2441,-5.1993376,0.072829316,2.0965206,1.3879077,0.30448193,-5.1993376,0.25360621,5.1993376,5.1993376,0.45842568,-0.21363612,-0.001254569,0.75800423
2442,0.51349142,0.87719565,0.55253687,0.91467864,-2.3259725,-0.1422445,1.2447784,-5.1993376,-5.1993376,0.62566982,5.1993376,-0.001254569,1.669194
2443,-5.1993376,0.34948301,-5.1993376,-1.9858764,-0.26398459,-0.1422445,-0.67055744,5.1993376,5.1993376,-5.1993376,0.18547963,0.58052362,-5.1993376
2444,0.51349142,0.37762969,-1.1644437,-1.2529876,-1.7219141,-0.1422445,1.2447784,5.1993376,5.1993376,-5.1993376,5.1993376,-2.8067115,0.51492332
2445,-5.1993376,-1.3695177,-0.7315153,-0.72008693,0.63946185,-5.1993376,0.25360621,5.1993376,-5.1993376,0.56132709,0.69910809,0.58052362,-5.1993376
2446,-5.1993376,-0.52066149,-0.7315153,-0.72008693,0.30448193,-5.1993376,0.25360621,-5.1993376,-5.1993376,1.2393519,-0.60746322,1.3494976,-5.1993376
2447,-5.1993376,-0.11062728,-0.7315153,-0.29005812,-1.3219458,-5.1993376,0.25360621,5.1993376,-5.1993376,0.34948301,0.69910809,-1.0230033,-5.1993376
2448,1.0230033,2.1773022,1.2640664,0.98561042,-2.483413,0.87535389,0.25360621,5.1993376,-5.1993376,2.651732,2.1196682,1.3494976,1.9782386
2449,1.4181186,0.51349142,2.4320167,1.7679033,-0.97143575,1.2612822,0.25360621,5.1993376,-5.1993376,2.5947973,-0.21363612,1.6590928,2.16966
2450,-5.1993376,0.23938016,0.55253687,-0.50492201,-0.26398459,-0.1422445,-0.67055744,5.1993376,5.1993376,-0.65804298,-0.60746322,0.45146888,0.32028968
2451,2.483413,-0.085414417,0.2239158,0.95151828,0.63946185,1.7444475,1.0315088,5.1993376,5.1993376,-0.36017172,-0.60746322,0.14858402,0.14956269
2452,-5.1993376,1.6691125,0.55253687,0.71359852,-0.26398459,-5.1993376,0.25360621,5.1993376,5.1993376,-5.1993376,0.18547963,1.464186,-5.1993376
2453,-5.1993376,-0.095492152,0.55253687,1.0909946,-1.3219458,-5.1993376,0.25360621,-5.1993376,5.1993376,1.0685216,0.69910809,-0.79704409,0.88483889
2454,-5.1993376,0.43210422,-0.1422445,-0.66428721,2.1440107,-0.1422445,-0.67055744,5.1993376,-5.1993376,-0.45564031,-0.60746322,-0.001254569,-5.1993376
2455,-5.1993376,-1.4678604,-0.48083942,-0.44869228,1.6022103,-0.1422445,-0.67055744,5.1993376,5.1993376,-0.17018472,-1.1694007,1.9858764,-5.1993376
2456,-5.1993376,0.52930109,0.55253687,0.29267606,0.17400458,-5.1993376,0.25360621,-5.1993376,-5.1993376,0.70552998,0.69910809,0.14858402,1.4304284
2457,0.51349142,0.78162595,-0.7315153,-0.44869228,-1.6299924,0.29660674,0.25360621,5.1993376,5.1993376,0.45842568,1.3781138,-0.17527843,-5.1993376
2458,-5.1993376,0.19570018,0.55253687,1.4903351,0.97546566,-5.1993376,0.25360621,5.1993376,-5.1993376,-0.36017172,-0.21363612,-0.36553148,0.15283256
2459,0.51349142,0.79360155,-5.1993376,-0.13591068,-1.3219458,0.62109893,-0.36687305,5.1993376,5.1993376,-0.65804298,-0.21363612,-1.0230033,-5.1993376
2460,-5.1993376,1.9264032,-5.1993376,-0.83912102,-0.26398459,-5.1993376,0.25360621,5.1993376,-5.1993376,-0.78332986,0.18547963,-1.4678604,-5.1993376
2461,0.51349142,-0.07534535,0.55253687,0.25360621,-1.6299924,0.29660674,0.25360621,-5.1993376,-5.1993376,0.0062728847,0.69910809,-0.17527843,-5.1993376
2462,1.0230033,0.76639141,0.095492152,-0.50492201,-0.97143575,0.62109893,0.96142934,-5.1993376,-5.1993376,0.51635627,-0.21363612,-0.57311539,1.2365695
2463,-5.1993376,-0.42660141,-0.7315153,-0.089192496,-0.83733836,-5.1993376,0.25360621,5.1993376,-5.1993376,0.48930663,1.3781138,-1.873053,-5.1993376
2464,-5.1993376,1.4532796,0.2239158,0.13337869,-1.3219458,-5.1993376,0.25360621,5.1993376,5.1993376,0.7413876,0.18547963,0.58052362,-5.1993376
2465,-5.1993376,0.025094008,-0.1422445,0.0062728847,-0.83733836,0.62109893,-1.5215251,5.1993376,-5.1993376,-0.053972647,1.3781138,1.8312243,0.22462009
2466,-5.1993376,-0.79188381,-0.1422445,0.0062728847,0.97546566,-5.1993376,0.25360621,5.1993376,-5.1993376,2.1121184,0.18547963,1.2339616,1.0528512
2467,-5.1993376,-0.56132709,-0.7315153,-0.66428721,1.6022103,-0.1422445,-0.67055744,5.1993376,5.1993376,-0.45564031,-1.1694007,-0.57311539,-5.1993376
2468,-5.1993376,-0.2239158,-0.48648036,0.36821529,0.63946185,-0.1422445,-0.67055744,-5.1993376,-5.1993376,-0.11441489,-0.60746322,-0.17527843,-5.1993376
2469,0.51349142,-1.4390013,-1.1644437,-1.059682,-0.26398459,-0.1422445,1.2447784,5.1993376,-5.1993376,0.48930663,0.69910809,0.85167519,-5.1993376
2470,0.51349142,0.65027359,-0.7315153,0.36821529,0.30448193,0.29660674,0.25360621,5.1993376,5.1993376,-5.1993376,-0.21363612,-0.79704409,-5.1993376
2471,1.0230033,1.0640914,1.2640664,1.5843543,-1.3219458,1.4354772,-0.67055744,5.1993376,-5.1993376,-0.28744217,0.18547963,0.29922973,1.4568958
2472,-5.1993376,1.1352842,0.55253687,0.68001258,-0.26398459,-5.1993376,0.25360621,5.1993376,-5.1993376,0.60897269,0.69910809,-0.17527843,0.4403831
2473,-5.1993376,0.072829316,0.55253687,0.75299744,0.40471681,0.29660674,-1.1768904,-5.1993376,5.1993376,-0.17018472,-0.21363612,-0.001254569,0.53218973
2474,-5.1993376,0.78162595,-0.1422445,0.40607882,-0.26398459,-5.1993376,0.25360621,5.1993376,-5.1993376,0.48930663,0.69910809,-0.36553148,-5.1993376
2475,-5.1993376,-0.69112102,0.55253687,0.88088812,-0.26398459,-0.1422445,-0.67055744,5.1993376,-5.1993376,-0.053972647,0.69910809,1.464186,0.98080554
2476,0.51349142,-1.8803524,-5.1993376,-1.8179677,0.63946185,1.0774455,-0.98765156,5.1993376,-5.1993376,1.0444088,-5.1993376,0.98561042,0.18292756
2477,-5.1993376,-1.7088047,-0.7315153,-1.6590928,2.1440107,1.5843543,-2.5423492,5.1993376,5.1993376,0.7413876,-1.1694007,1.2339616,2.7206218
2478,-5.1993376,0.58498388,-5.1993376,-1.059682,0.40471681,-5.1993376,0.25360621,5.1993376,-5.1993376,1.0978448,0.69910809,0.58052362,0.29922973
2479,0.51349142,2.2111272,0.55253687,0.17400458,-1.3219458,1.0774455,-0.98765156,5.1993376,-5.1993376,1.5215251,0.18547963,-0.001254569,1.9261831
2480,1.4181186,-0.42660141,0.09486202,-0.34149266,-0.26398459,2.5754833,-1.6896701,5.1993376,-5.1993376,0.92233022,0.69910809,0.71036555,-5.1993376
2481,1.4181186,1.1869807,-0.1422445,0.54088248,-0.97143575,1.2612822,0.25360621,5.1993376,5.1993376,-0.92233022,0.18547963,-1.0230033,-5.1993376
2482,-5.1993376,-1.2924649,-0.43348197,0.32954771,2.1440107,-0.1422445,-0.67055744,-5.1993376,-5.1993376,0.18165198,-1.1694007,-0.57311539,-5.1993376
2483,-5.1993376,-0.82317161,0.31764959,0.64872442,-0.83733836,-5.1993376,0.25360621,5.1993376,5.1993376,0.48930663,0.69910809,-0.001254569,-5.1993376
2484,-5.1993376,-0.42660141,1.0841952,1.3879077,0.63946185,-5.1993376,0.25360621,5.1993376,5.1993376,0.93779777,0.69910809,-0.17527843,-5.1993376
2485,2.1079532,-1.2420606,-0.43348197,-0.29005812,1.6022103,1.7444475,0.86984634,5.1993376,-5.1993376,-0.053972647,-1.1694007,0.45146888,0.49213682
2486,-5.1993376,-0.14604751,0.55253687,0.71359852,-0.97143575,-5.1993376,0.25360621,5.1993376,-5.1993376,0.10810309,0.69910809,0.29922973,-5.1993376
2487,-5.1993376,0.40335554,-1.1644437,-1.505747,0.17400458,-5.1993376,0.25360621,5.1993376,5.1993376,-5.1993376,-0.21363612,-0.79704409,0.41426686
2488,1.4181186,0.53943086,1.649237,0.91467864,-0.83733836,0.62109893,2.1696941,5.1993376,5.1993376,1.8587466,0.18547963,0.85167519,0.72171378
2489,-5.1993376,1.3070634,-1.1644437,-0.50492201,-0.26398459,-5.1993376,0.25360621,5.1993376,-5.1993376,1.1328976,0.18547963,2.1968939,-5.1993376
2490,-5.1993376,-1.1140325,-1.1644437,-1.6590928,-1.0819398,-5.1993376,0.25360621,5.1993376,-5.1993376,1.0187781,0.69910809,0.45146888,1.2127505
2491,-5.1993376,2.5423492,-0.1422445,0.40607882,0.30448193,0.29660674,-1.1768904,5.1993376,5.1993376,-0.65804298,0.18547963,1.2339616,-5.1993376
2492,1.4181186,0.79360155,-1.1644437,-1.2529876,-0.83733836,0.87535389,1.2447784,5.1993376,-5.1993376,-0.45564031,-0.60746322,0.58052362,-5.1993376
2493,-5.1993376,-0.028859086,0.55253687,-0.089192496,1.2023467,0.87535389,-1.7986626,-5.1993376,-5.1993376,0.48930663,-1.1694007,-0.36553148,-5.1993376
2494,0.51349142,-0.63792343,0.14026113,1.2366522,1.6022103,1.0774455,-0.98765156,-5.1993376,-5.1993376,0.953493,-0.60746322,1.1140325,0.54426869
2495,-5.1993376,-0.1625524,0.2239158,1.3879077,0.97546566,0.29660674,-1.1768904,5.1993376,5.1993376,-0.45564031,-0.60746322,-0.57311539,-5.1993376
2496,-5.1993376,-0.83200627,-5.1993376,-1.144896,-0.26398459,-5.1993376,0.25360621,5.1993376,-5.1993376,-0.92233022,0.69910809,-1.2502419,-5.1993376
2497,-5.1993376,0.47661874,-5.1993376,-1.8179677,-1.7219141,-5.1993376,0.25360621,5.1993376,5.1993376,-5.1993376,2.1196682,-1.873053,0.6275672
2498,-5.1993376,1.1644437,-5.1993376,-0.72008693,-0.26398459,0.62109893,-1.5215251,5.1993376,5.1993376,-5.1993376,-0.60746322,-1.4678604,-5.1993376
2499,0.51349142,1.3557612,-0.1422445,0.25360621,0.63946185,-0.1422445,1.2447784,5.1993376,5.1993376,-5.1993376,0.69910809,-1.2502419,-5.1993376
2500,0.51349142,1.7679033,-0.7315153,-0.56279634,0.63946185,-0.1422445,1.2447784,-5.1993376,5.1993376,-0.17018472,0.18547963,-1.2502419,-5.1993376
2501,1.4181186,0.38572587,-0.7315153,0.21235277,-0.26398459,0.87535389,1.2447784,5.1993376,-5.1993376,0.4307273,-0.21363612,-0.57311539,-5.1993376
2502,1.4181186,-0.56868553,0.2239158,0.32954771,0.63946185,2.3863399,-1.3652574,5.1993376,-5.1993376,1.1844468,-1.1694007,0.85167519,1.3229321
2503,-5.1993376,0.78162595,1.2640664,1.4181186,-1.3219458,-0.1422445,-0.67055744,-5.1993376,-5.1993376,-1.0552931,0.69910809,-0.001254569,0.79362768
2504,-5.1993376,-0.20081806,-0.1422445,0.32954771,1.8877534,0.62109893,-1.5215251,5.1993376,5.1993376,-0.92233022,-1.1694007,-1.0230033,-5.1993376
2505,-5.1993376,-1.9373804,-5.1993376,-1.6590928,2.1440107,0.62109893,-1.5215251,5.1993376,5.1993376,-5.1993376,-5.1993376,-0.36553148,-5.1993376
2506,-5.1993376,-0.10305677,-5.1993376,-0.83912102,-0.26398459,-5.1993376,0.25360621,5.1993376,-5.1993376,-0.45564031,-0.21363612,-0.36553148,0.38167465
2507,2.1079532,-0.65337661,0.91087287,-0.90518882,0.087932998,1.4354772,1.2447784,-5.1993376,-5.1993376,0.45842568,-1.1694007,-0.001254569,1.4250105
2508,-5.1993376,1.0887225,2.4320167,2.3652476,-0.26398459,-5.1993376,0.25360621,-5.1993376,5.1993376,0.56132709,-0.21363612,0.71036555,-5.1993376
2509,-5.1993376,-0.75967739,0.2239158,1.1794018,1.2023467,-5.1993376,0.25360621,5.1993376,-5.1993376,0.26658359,-0.60746322,0.85167519,-5.1993376
2510,-5.1993376,1.994971,-0.7315153,-0.041412601,0.63946185,-5.1993376,0.25360621,5.1993376,5.1993376,-0.45564031,-0.60746322,-0.57311539,-5.1993376
2511,-5.1993376,-2.2681557,-0.1422445,-1.2529876,2.1440107,-0.1422445,-0.67055744,-5.1993376,-5.1993376,2.2567448,-1.1694007,1.1140325,1.9233525
2512,-5.1993376,-0.60595514,0.55253687,-2.2730524,1.2023467,-5.1993376,0.25360621,-5.1993376,5.1993376,-5.1993376,-5.1993376,0.85167519,1.6896701
2513,1.0230033,-0.95547144,-0.1422445,0.13337869,-0.26398459,0.29660674,1.761948,5.1993376,-5.1993376,1.4568958,1.3781138,-0.36553148,-5.1993376
2514,1.0230033,0.035135151,0.81614989,0.88088812,-0.83733836,1.0774455,-0.300542,-5.1993376,-5.1993376,-0.55985906,-0.21363612,-1.4678604,-5.1993376
2515,-5.1993376,0.65027359,1.649237,1.0230033,-0.26398459,-0.1422445,-0.67055744,5.1993376,5.1993376,0.53653104,-0.21363612,0.29922973,-5.1993376
2516,-5.1993376,-0.78674453,-0.7315153,-0.39384742,0.63946185,-5.1993376,0.25360621,5.1993376,5.1993376,-0.65804298,1.3781138,-0.57311539,-5.1993376
2517,0.51349142,0.64254324,-5.1993376,-0.56279634,-0.26398459,0.29660674,0.25360621,5.1993376,-5.1993376,-0.55985906,-0.21363612,-2.1079532,-5.1993376
2518,0.51349142,-0.8589096,-0.7315153,-0.23808933,1.2023467,1.0774455,-0.98765156,5.1993376,-5.1993376,-0.92233022,-0.60746322,-0.17527843,-5.1993376
2519,-5.1993376,-1.4157599,1.2640664,0.61199579,0.97546566,0.29660674,-1.1768904,-5.1993376,-5.1993376,1.4568958,-1.1694007,0.71036555,1.9936508
2520,-5.1993376,-0.028859086,0.55253687,1.123415,-0.69112102,-0.1422445,-0.67055744,5.1993376,5.1993376,-0.65804298,1.3781138,-1.0230033,-5.1993376
2521,0.51349142,-5.1993376,-0.7315153,-1.2529876,1.6022103,1.7444475,-1.6896701,5.1993376,5.1993376,-0.55985906,-1.1694007,-0.17527843,-5.1993376
2522,2.1079532,0.0075274833,0.99791966,-0.13591068,-0.83733836,1.4354772,1.2447784,-5.1993376,-5.1993376,0.06025574,-1.1694007,-0.001254569,0.73973722
2523,-5.1993376,1.634747,0.55253687,0.91467864,-0.26398459,-5.1993376,0.25360621,5.1993376,-5.1993376,0.26658359,0.18547963,-0.79704409,-5.1993376
2524,-5.1993376,-0.42660141,-0.7315153,-0.6150245,-1.0819398,-5.1993376,0.25360621,5.1993376,-5.1993376,0.22262957,0.69910809,-0.57311539,-5.1993376
2525,0.51349142,1.1352842,0.11820414,0.17400458,-1.3219458,-0.1422445,1.2447784,5.1993376,-5.1993376,-0.36017172,0.69910809,-0.001254569,0.65531205
2526,-5.1993376,0.43210422,0.2239158,0.64872442,-0.26398459,0.62109893,-1.5215251,5.1993376,-5.1993376,-0.28744217,0.18547963,0.71036555,0.84504225
2527,1.4181186,0.61805886,0.2239158,-1.2529876,0.97546566,1.0774455,0.89765526,5.1993376,5.1993376,0.14858402,-0.21363612,0.98561042,-5.1993376
2528,-5.1993376,0.43210422,1.2640664,1.1546147,-0.26398459,-5.1993376,0.25360621,-5.1993376,5.1993376,0.0062728847,-0.21363612,-0.57311539,-5.1993376
2529,0.51349142,1.3846283,1.0841952,1.4181186,-1.3219458,0.87535389,-0.67055744,5.1993376,-5.1993376,-0.78332986,0.18547963,-0.17527843,-5.1993376
2530,-5.1993376,1.7679033,0.91087287,1.4903351,-0.26398459,-0.1422445,-0.67055744,5.1993376,5.1993376,-0.11441489,0.18547963,-1.6691125,-5.1993376
2531,-5.1993376,-2.3657212,-5.1993376,-0.90518882,-0.26398459,-5.1993376,0.25360621,5.1993376,-5.1993376,-0.28744217,1.3781138,-0.001254569,-5.1993376
2532,-5.1993376,-2.3076067,-1.1644437,-1.505747,2.1440107,1.4354772,-2.3863399,-5.1993376,5.1993376,-5.1993376,-1.1694007,1.3494976,-5.1993376
2533,1.0230033,0.046435725,-1.1644437,-0.83912102,-0.97143575,0.62109893,0.96142934,5.1993376,-5.1993376,-0.45564031,5.1993376,-1.0230033,1.3300667
2534,-5.1993376,-0.27439149,1.2640664,1.6640817,-0.26398459,0.29660674,-1.1768904,5.1993376,-5.1993376,-0.45564031,0.69910809,0.58052362,-5.1993376
2535,0.51349142,0.046435725,-0.39249204,-0.34149266,-0.26398459,-0.1422445,1.2447784,-5.1993376,-5.1993376,0.10810309,-1.1694007,1.2339616,0.95151828
2536,-5.1993376,0.69590794,0.55253687,0.57607489,-0.69112102,1.4354772,-2.3863399,5.1993376,-5.1993376,-0.92233022,-0.21363612,-1.2502419,1.3797082
2537,-5.1993376,-1.6808165,0.55253687,-1.2529876,1.2023467,0.29660674,-1.1768904,-5.1993376,5.1993376,-5.1993376,-5.1993376,1.8952593,-5.1993376
2538,1.0230033,1.2206403,0.2239158,-0.089192496,-0.26398459,0.29660674,1.761948,5.1993376,5.1993376,-5.1993376,-1.1694007,-0.57311539,-5.1993376
2539,1.0230033,-1.0336468,-0.7315153,-0.34149266,-0.26398459,0.29660674,1.761948,5.1993376,-5.1993376,1.3189459,1.3781138,-0.36553148,-5.1993376
2540,1.7679033,0.50349739,-0.43348197,-0.23808933,0.63946185,1.0774455,1.5542696,5.1993376,-5.1993376,0.4307273,-0.60746322,-0.36553148,0.82317161
2541,1.7679033,0.27699782,2.0965206,0.84987354,0.30448193,1.7444475,-0.27439149,-5.1993376,-5.1993376,2.2639184,0.69910809,1.5669896,1.4677375
2542,0.51349142,0.14731565,0.55253687,0.98561042,-0.26398459,0.29660674,0.25360621,5.1993376,-5.1993376,2.4822965,1.3781138,1.464186,1.7605894
2543,-5.1993376,-1.3526228,-1.1644437,-0.34149266,-0.69112102,-0.1422445,-0.67055744,5.1993376,-5.1993376,-0.17018472,1.3781138,1.3494976,-5.1993376
2544,-5.1993376,0.1257878,-0.1422445,1.2895781,0.97546566,0.29660674,-1.1768904,-5.1993376,-5.1993376,-0.65804298,-0.60746322,0.58052362,-5.1993376
2545,0.51349142,-0.42660141,0.55253687,0.64872442,-0.83733836,0.29660674,0.25360621,5.1993376,-5.1993376,0.26658359,0.69910809,0.85167519,-5.1993376
2546,1.4181186,-0.77822491,1.0841952,0.91467864,0.63946185,0.62109893,2.1696941,5.1993376,5.1993376,1.0444088,0.18547963,0.29922973,0.63564836
2547,-5.1993376,1.0400895,2.9674304,-5.1993376,-1.7219141,-5.1993376,0.25360621,5.1993376,-5.1993376,0.40471681,0.18547963,-0.36553148,0.23035256
2548,-5.1993376,1.5627215,0.55253687,0.50492201,-0.26398459,-5.1993376,0.25360621,5.1993376,5.1993376,-0.17018472,0.18547963,0.14858402,-5.1993376
2549,-5.1993376,1.2075323,2.0965206,2.4085504,-0.83733836,-0.1422445,-0.67055744,-5.1993376,-5.1993376,-0.92233022,0.69910809,1.1140325,1.4905892
2550,1.4181186,1.0552931,2.1968939,1.5843543,0.30448193,1.5843543,-0.36687305,-5.1993376,5.1993376,-0.22648938,0.18547963,-1.0230033,0.33527815
2551,2.483413,-0.32557657,-1.3159579,-1.9858764,1.2023467,2.5754833,-0.94561627,5.1993376,-5.1993376,1.0293754,-0.60746322,0.29922973,1.1086265
2552,1.0230033,0.81790154,-1.1644437,-0.23808933,0.63946185,0.29660674,1.761948,5.1993376,5.1993376,1.0444088,-0.60746322,0.85167519,-5.1993376
2553,-5.1993376,0.20209835,-0.7315153,-0.44869228,-0.97143575,-5.1993376,0.25360621,5.1993376,-5.1993376,-0.78332986,0.69910809,-0.36553148,-5.1993376
2554,-5.1993376,-0.42660141,-0.7315153,-0.39384742,-0.26398459,-5.1993376,0.25360621,5.1993376,-5.1993376,0.0062728847,1.3781138,-1.0230033,-5.1993376
2555,-5.1993376,0.087932998,-0.1422445,-0.98357337,0.97546566,-0.1422445,-0.67055744,5.1993376,5.1993376,0.96742157,-1.1694007,1.5669896,0.59945938
2556,1.0230033,1.8587466,-0.1422445,0.21235277,-1.3219458,0.62109893,0.96142934,5.1993376,-5.1993376,-1.0552931,0.69910809,0.85167519,-5.1993376
2557,-5.1993376,-1.1768904,0.2239158,0.092971849,-0.26398459,-0.1422445,-0.67055744,5.1993376,5.1993376,-0.55985906,0.69910809,-0.001254569,-5.1993376
2558,-5.1993376,0.21620388,1.0841952,1.2640664,-1.0819398,0.62109893,-1.5215251,5.1993376,-5.1993376,-0.65804298,0.69910809,-0.001254569,-5.1993376
2559,-5.1993376,-0.42660141,-1.1644437,-0.72008693,-0.26398459,-5.1993376,0.25360621,5.1993376,-5.1993376,0.96742157,1.3781138,-1.4678604,-5.1993376
2560,-5.1993376,-5.1993376,-0.7315153,-1.3684503,2.1440107,-0.1422445,-0.67055744,5.1993376,-5.1993376,0.7413876,-1.1694007,-0.79704409,1.7168175
2561,-5.1993376,1.2724784,-0.1422445,-0.56279634,0.63946185,-5.1993376,0.25360621,-5.1993376,-5.1993376,-0.55985906,-0.60746322,0.14858402,0.21363612
2562,-5.1993376,-0.42660141,1.649237,2.1968939,0.63946185,-5.1993376,0.25360621,5.1993376,5.1993376,1.0978448,0.69910809,-0.57311539,-5.1993376
2563,1.0230033,0.34948301,-0.1422445,-0.44869228,-0.26398459,0.29660674,1.761948,5.1993376,-5.1993376,0.06025574,-0.21363612,-1.0230033,-5.1993376
2564,-5.1993376,0.46400712,-0.7315153,-1.8179677,1.6022103,0.62109893,-1.5215251,-5.1993376,-5.1993376,-0.22648938,-5.1993376,-0.17527843,-5.1993376
2565,0.51349142,-1.5031535,-0.7315153,-1.505747,1.3684503,0.62109893,-0.36687305,5.1993376,5.1993376,-5.1993376,-5.1993376,-0.36553148,1.2127505
2566,-5.1993376,0.056485615,-5.1993376,-0.089192496,-0.26398459,-5.1993376,0.25360621,5.1993376,-5.1993376,0.40471681,-0.21363612,-0.79704409,-5.1993376
2567,-5.1993376,-1.1140325,0.2239158,0.57607489,-0.69112102,-5.1993376,0.25360621,5.1993376,-5.1993376,0.22262957,0.69910809,0.71036555,1.148591
2568,-5.1993376,-1.1140325,0.91087287,0.88088812,0.17400458,-5.1993376,0.25360621,5.1993376,-5.1993376,0.53653104,0.69910809,-1.0230033,-5.1993376
2569,0.51349142,0.14731565,0.55253687,0.95151828,-1.0819398,-0.1422445,1.2447784,5.1993376,-5.1993376,1.6541448,-0.21363612,1.1140325,1.3286908
2570,-5.1993376,0.61805886,0.55253687,0.91467864,-1.6299924,-5.1993376,0.25360621,5.1993376,-5.1993376,0.68159434,1.3781138,-0.57311539,1.5613838
2571,-5.1993376,0.58498388,-0.7315153,-0.34149266,-1.3219458,-5.1993376,0.25360621,5.1993376,5.1993376,-0.17018472,1.3781138,0.14858402,0.95151828
2572,0.51349142,0.44314942,-0.1422445,0.0062728847,0.63946185,-0.1422445,1.2447784,5.1993376,5.1993376,1.9558279,-1.1694007,0.71036555,0.20693922
2573,2.8778461,-0.046435725,-0.1422445,-0.089192496,-0.26398459,1.9858764,1.0166724,5.1993376,5.1993376,1.5932188,1.3781138,0.85167519,-5.1993376
2574,1.0230033,0.8109099,0.2239158,-1.059682,-1.3219458,1.0774455,-0.300542,5.1993376,-5.1993376,-0.55985906,-0.21363612,-0.79704409,-5.1993376
2575,1.7679033,-0.2239158,0.55253687,0.71359852,-0.26398459,1.7444475,-0.27439149,5.1993376,5.1993376,1.2557429,-1.1694007,1.464186,-5.1993376
2576,-5.1993376,0.93003618,1.0841952,1.0230033,0.087932998,0.29660674,-1.1768904,-5.1993376,-5.1993376,1.0187781,0.18547963,0.14858402,-5.1993376
2577,1.0230033,1.1187114,-0.1422445,0.21235277,-1.0819398,1.0774455,-0.300542,5.1993376,-5.1993376,0.953493,0.18547963,1.6590928,1.3248528
2578,-5.1993376,0.056485615,-0.48563324,-0.50492201,-1.3219458,-5.1993376,0.25360621,5.1993376,5.1993376,-5.1993376,0.69910809,-0.001254569,-5.1993376
2579,1.0230033,-0.70392179,0.55253687,0.32954771,0.97546566,1.2612822,-0.42385485,-5.1993376,5.1993376,0.7413876,-1.1694007,0.71036555,1.9623622
2580,-5.1993376,-0.25490199,0.55253687,1.9858764,-0.26398459,0.29660674,-1.1768904,-5.1993376,-5.1993376,0.4307273,-0.21363612,0.14858402,0.17527843
2581,-5.1993376,0.8552868,-1.1644437,-0.44869228,0.97546566,-5.1993376,0.25360621,5.1993376,5.1993376,-5.1993376,-0.21363612,-1.0230033,-5.1993376
2582,0.51349142,-0.95547144,-0.7315153,-0.23808933,-2.0431151,-0.1422445,1.2447784,-5.1993376,-5.1993376,0.53653104,0.69910809,0.58052362,-5.1993376
2583,-5.1993376,-0.83200627,-0.1422445,0.40607882,0.17400458,-5.1993376,0.25360621,5.1993376,5.1993376,0.22262957,1.3781138,1.2339616,-5.1993376
2584,-5.1993376,1.9804373,-0.48648036,-0.83912102,0.30448193,-5.1993376,0.25360621,5.1993376,5.1993376,0.75800423,-0.60746322,1.2339616,-5.1993376
2585,-5.1993376,-0.3521514,-1.1644437,-0.041412601,0.97546566,-5.1993376,0.25360621,5.1993376,-5.1993376,0.953493,-0.21363612,1.1140325,-5.1993376
2586,0.51349142,0.15873981,-5.1993376,-0.90518882,1.3684503,0.62109893,-0.36687305,5.1993376,-5.1993376,-0.55985906,-1.1694007,-0.57311539,-5.1993376
2587,-5.1993376,-0.2239158,-5.1993376,-2.5423492,-0.26398459,0.62109893,-1.5215251,5.1993376,5.1993376,-5.1993376,-0.21363612,-1.2502419,0.7315153
2588,0.51349142,0.38572587,-5.1993376,-0.6150245,0.97546566,-0.1422445,1.2447784,5.1993376,-5.1993376,-0.78332986,-0.21363612,-0.001254569,-5.1993376
2589,0.51349142,0.9165865,2.0965206,2.3042291,-0.83733836,-0.1422445,1.2447784,-5.1993376,5.1993376,0.65804298,0.18547963,0.45146888,-5.1993376
2590,-5.1993376,-0.42660141,1.0841952,0.91467864,-0.97143575,-5.1993376,0.25360621,-5.1993376,-5.1993376,1.505747,0.69910809,0.71036555,0.73973722
2591,-5.1993376,0.5642668,0.91087287,1.4568958,-0.97143575,-5.1993376,0.25360621,-5.1993376,-5.1993376,2.0567906,2.1196682,0.14858402,-5.1993376
2592,-5.1993376,-0.52066149,-1.1644437,-0.44869228,0.087932998,-0.1422445,-0.67055744,5.1993376,5.1993376,-5.1993376,0.69910809,-0.57311539,0.77796133
2593,-5.1993376,-0.25490199,1.2640664,1.2366522,0.97546566,-5.1993376,0.25360621,-5.1993376,-5.1993376,-0.11441489,-1.1694007,-0.17527843,-5.1993376
2594,-5.1993376,-1.1140325,-0.7315153,-0.089192496,-0.26398459,-5.1993376,0.25360621,5.1993376,-5.1993376,0.22262957,1.3781138,-0.36553148,-5.1993376
2595,1.7679033,-0.42660141,0.2239158,0.47100434,-0.69112102,0.87535389,2.5423492,5.1993376,5.1993376,2.3237466,1.3781138,1.464186,1.0707446
2596,-5.1993376,-0.42660141,-0.1422445,0.29267606,-0.69112102,-5.1993376,0.25360621,5.1993376,5.1993376,-5.1993376,0.69910809,-1.2502419,-5.1993376
2597,2.483413,0.1257878,0.91087287,0.68001258,-0.97143575,1.7444475,1.0315088,5.1993376,5.1993376,1.0444088,2.1196682,0.14858402,0.97748656
2598,-5.1993376,1.3557612,1.401177,0.8196557,-0.26398459,1.2612822,-2.2111272,-5.1993376,-5.1993376,-0.36017172,-0.21363612,-0.36553148,0.68476299
2599,-5.1993376,0.035135151,0.2239158,-1.059682,-0.26398459,-5.1993376,0.25360621,5.1993376,-5.1993376,0.81440074,-1.1694007,1.2339616,0.3628503
2600,-5.1993376,0.61805886,1.649237,0.57607489,0.97546566,-5.1993376,0.25360621,5.1993376,5.1993376,0.48930663,-1.1694007,1.6590928,-5.1993376
2601,-5.1993376,1.1352842,0.55253687,0.47100434,0.30448193,-5.1993376,0.25360621,5.1993376,5.1993376,-0.65804298,0.69910809,0.58052362,-5.1993376
2602,-5.1993376,0.90330062,1.649237,1.9858764,-0.26398459,0.62109893,-1.5215251,5.1993376,5.1993376,0.70552998,-1.1694007,0.98561042,-5.1993376
2603,-5.1993376,-0.9165865,-0.1422445,-0.39384742,0.63946185,-0.1422445,-0.67055744,5.1993376,-5.1993376,0.45842568,0.69910809,0.58052362,-5.1993376
2604,-5.1993376,0.68001258,-0.1422445,0.47100434,0.17400458,-5.1993376,0.25360621,5.1993376,5.1993376,0.324254,0.18547963,-1.2502419,-5.1993376
2605,1.7679033,-0.15365993,-0.43348197,0.0062728847,1.2023467,0.87535389,2.5423492,-5.1993376,-5.1993376,1.7208181,-0.60746322,0.58052362,1.8213875
2606,-5.1993376,1.1352842,-1.3041214,-0.66428721,0.63946185,-5.1993376,0.25360621,5.1993376,5.1993376,-5.1993376,1.3781138,-2.4320167,-5.1993376
2607,-5.1993376,0.23938016,-0.1422445,0.29267606,-2.0431151,-5.1993376,0.25360621,5.1993376,5.1993376,-0.28744217,0.69910809,0.29922973,1.7494567
2608,-5.1993376,1.9028735,1.649237,1.123415,-1.3219458,-5.1993376,0.25360621,5.1993376,-5.1993376,-0.17018472,-0.21363612,0.14858402,-5.1993376
2609,-5.1993376,0.96742157,-1.3432866,-0.29005812,-0.26398459,-5.1993376,0.25360621,5.1993376,5.1993376,-0.053972647,-0.60746322,-0.36553148,-5.1993376
2610,-5.1993376,-1.1140325,-0.1422445,0.092971849,-1.3219458,-5.1993376,0.25360621,5.1993376,5.1993376,0.75800423,0.69910809,0.98561042,0.38167465
2611,1.0230033,-0.42660141,-0.1422445,0.32954771,-0.97143575,0.87535389,0.25360621,5.1993376,5.1993376,1.1946284,2.1196682,-0.17527843,-5.1993376
2612,1.0230033,1.2179357,0.2239158,0.25360621,-0.83733836,1.2612822,-0.42385485,5.1993376,-5.1993376,-0.55985906,0.69910809,0.58052362,0.79362768
2613,1.0230033,0.93003618,0.55253687,0.50492201,-2.483413,0.29660674,1.761948,5.1993376,-5.1993376,2.7503986,5.1993376,1.464186,2.8039067
2614,0.51349142,-0.74635093,-0.1422445,-1.3684503,1.6022103,1.2612822,-1.1768904,5.1993376,-5.1993376,1.6205923,-1.1694007,-0.001254569,0.86982066
2615,-5.1993376,-1.3781138,-5.1993376,-1.059682,1.7986626,-0.1422445,-0.67055744,-5.1993376,-5.1993376,0.79360155,-0.60746322,1.6590928,-5.1993376
2616,-5.1993376,-0.31237604,0.31764959,0.98561042,-0.26398459,-0.1422445,-0.67055744,5.1993376,5.1993376,-0.11441489,0.69910809,1.3494976,0.98765156
2617,-5.1993376,-1.3912021,-0.7315153,0.092971849,2.1440107,-0.1422445,-0.67055744,5.1993376,-5.1993376,0.14858402,-0.60746322,-0.36553148,-5.1993376
2618,1.0230033,-0.79532164,0.55253687,1.1794018,0.63946185,0.29660674,1.761948,5.1993376,-5.1993376,0.0062728847,1.3781138,-0.36553148,0.63638652
2619,-5.1993376,0.17655256,0.2239158,0.36821529,-1.3219458,-5.1993376,0.25360621,5.1993376,5.1993376,0.0062728847,0.69910809,1.2339616,-5.1993376
2620,1.4181186,-0.36017172,0.2239158,0.64872442,0.63946185,1.0774455,0.89765526,-5.1993376,-5.1993376,0.86801634,-0.60746322,-1.0230033,-5.1993376
2621,-5.1993376,-0.42660141,-5.1993376,-1.059682,0.63946185,-0.1422445,-0.67055744,5.1993376,5.1993376,0.84090635,0.69910809,-1.0230033,-5.1993376
2622,-5.1993376,-0.0050182959,1.2640664,1.5627215,-0.26398459,1.0774455,-1.994971,-5.1993376,-5.1993376,1.2475055,-0.60746322,-0.001254569,0.60792462
2623,1.4181186,-0.92810452,-1.3432866,-0.98357337,0.17400458,1.4354772,-0.28091085,5.1993376,-5.1993376,0.06025574,-0.60746322,-0.17527843,-5.1993376
2624,-5.1993376,0.88644946,-0.43348197,-0.089192496,-1.3219458,-5.1993376,0.25360621,5.1993376,-5.1993376,1.0685216,1.3781138,-0.57311539,1.2585077
2625,-5.1993376,1.994971,-5.1993376,-0.66428721,0.30448193,-0.1422445,-0.67055744,5.1993376,5.1993376,0.4307273,-1.1694007,-0.001254569,-5.1993376
2626,-5.1993376,1.0552931,1.2640664,-0.50492201,0.17400458,-0.1422445,-0.67055744,-5.1993376,5.1993376,0.98969684,-1.1694007,0.71036555,-5.1993376
2627,-5.1993376,-1.1140325,0.55253687,1.057485,0.63946185,-5.1993376,0.25360621,5.1993376,5.1993376,-0.65804298,0.69910809,0.29922973,-5.1993376
2628,-5.1993376,2.0853556,0.09675253,0.25360621,-0.26398459,-5.1993376,0.25360621,5.1993376,5.1993376,-5.1993376,0.69910809,-0.79704409,0.16128127
2629,0.51349142,1.478016,0.55253687,0.78845531,-1.3219458,0.87535389,-0.67055744,5.1993376,5.1993376,-5.1993376,0.69910809,0.45146888,1.3772652
2630,1.4181186,2.7683939,-0.7315153,-0.089192496,-0.26398459,0.62109893,2.1696941,5.1993376,-5.1993376,1.1743865,-0.21363612,-0.79704409,-5.1993376
2631,0.51349142,0.44314942,1.649237,0.64872442,-0.26398459,1.0774455,-0.98765156,-5.1993376,-5.1993376,-0.92233022,-0.21363612,0.45146888,-5.1993376
2632,-5.1993376,-0.42660141,0.91087287,0.84987354,0.63946185,0.62109893,-1.5215251,5.1993376,-5.1993376,0.96742157,0.69910809,-0.57311539,0.41561866
2633,0.51349142,0.82493339,0.91087287,1.4181186,-0.26398459,0.62109893,-0.36687305,5.1993376,-5.1993376,-0.053972647,0.69910809,-1.4678604,-5.1993376
2634,1.4181186,-0.13591068,0.2239158,0.05146002,0.63946185,1.9858764,-0.95151828,5.1993376,-5.1993376,-1.0552931,-1.1694007,-0.79704409,-5.1993376
2635,-5.1993376,0.953493,-0.7315153,-0.72008693,-0.26398459,-5.1993376,0.25360621,5.1993376,5.1993376,-5.1993376,0.69910809,-0.17527843,-5.1993376
2636,-5.1993376,0.86618925,0.55253687,0.8196557,-1.3219458,-5.1993376,0.25360621,5.1993376,-5.1993376,-0.65804298,0.18547963,-0.57311539,-5.1993376
2637,0.51349142,-1.358913,0.2239158,-1.6590928,-0.26398459,0.29660674,0.25360621,5.1993376,-5.1993376,1.0978448,-0.21363612,0.58052362,1.4854402
2638,1.0230033,0.83912102,-5.1993376,-1.144896,-0.26398459,0.29660674,1.761948,5.1993376,-5.1993376,-0.053972647,0.18547963,0.14858402,-5.1993376
2639,-5.1993376,0.58498388,-1.1644437,-0.18547963,1.3684503,0.29660674,-1.1768904,5.1993376,5.1993376,0.40471681,-0.60746322,-0.001254569,-5.1993376
2640,-5.1993376,0.83912102,0.55253687,1.4568958,-0.26398459,-5.1993376,0.25360621,5.1993376,-5.1993376,0.81440074,0.18547963,-0.17527843,0.26915312
2641,-5.1993376,-0.21491982,0.2239158,0.71359852,0.63946185,-5.1993376,0.25360621,-5.1993376,-5.1993376,-0.11441489,-0.60746322,0.14858402,1.2687295
2642,0.51349142,0.32161055,-0.1422445,-1.505747,-0.26398459,0.87535389,-0.67055744,5.1993376,5.1993376,-0.78332986,-5.1993376,-0.17527843,-5.1993376
2643,-5.1993376,-1.3673844,-0.1422445,-0.13591068,0.30448193,-5.1993376,0.25360621,-5.1993376,-5.1993376,1.5627215,0.69910809,1.7560546,-5.1993376
2644,1.0230033,-0.73808885,-0.7315153,-2.2730524,0.63946185,0.29660674,1.761948,5.1993376,-5.1993376,0.45842568,0.18547963,-0.001254569,-5.1993376
2645,0.51349142,-1.228354,0.2239158,-1.8179677,1.2023467,0.62109893,-0.36687305,-5.1993376,-5.1993376,-0.053972647,-5.1993376,-0.36553148,-5.1993376
2646,-5.1993376,-0.42660141,-0.1422445,0.21235277,-0.97143575,-5.1993376,0.25360621,5.1993376,-5.1993376,1.8785713,1.3781138,-0.79704409,0.40199502
2647,-5.1993376,1.478016,-0.7315153,-0.13591068,-0.26398459,-5.1993376,0.25360621,5.1993376,5.1993376,-0.11441489,0.18547963,0.85167519,-5.1993376
2648,-5.1993376,-1.1140325,-5.1993376,-0.90518882,-0.26398459,-5.1993376,0.25360621,5.1993376,5.1993376,-5.1993376,0.69910809,-2.1079532,-5.1993376
2649,-5.1993376,-1.215372,-5.1993376,-1.144896,-0.26398459,-5.1993376,0.25360621,-5.1993376,-5.1993376,-0.78332986,0.69910809,0.85167519,-5.1993376
2650,-5.1993376,-2.4800027,-0.1422445,-1.505747,1.6022103,0.62109893,-1.5215251,-5.1993376,5.1993376,-0.45564031,-5.1993376,1.464186,0.25231085
2651,0.51349142,-0.3031681,-0.7315153,-0.29005812,0.17400458,1.0774455,-0.98765156,5.1993376,-5.1993376,-0.78332986,-0.60746322,0.45146888,-5.1993376
2652,-5.1993376,-0.68317781,0.82669773,1.123415,0.97546566,-5.1993376,0.25360621,5.1993376,-5.1993376,2.3652476,-0.21363612,2.0965206,1.1814162
2653,0.51349142,-0.70392179,-5.1993376,-0.90518882,1.3684503,-0.1422445,1.2447784,5.1993376,5.1993376,-5.1993376,-0.60746322,-0.79704409,-5.1993376
2654,-5.1993376,1.5255293,-0.7315153,-0.77822491,-1.0819398,-5.1993376,0.25360621,5.1993376,5.1993376,-5.1993376,0.69910809,-0.79704409,-5.1993376
2655,-5.1993376,0.51349142,1.649237,1.2895781,-0.26398459,-5.1993376,0.25360621,5.1993376,5.1993376,-0.78332986,-0.21363612,0.45146888,-5.1993376
2656,-5.1993376,1.3463856,1.649237,0.8196557,0.087932998,0.29660674,-1.1768904,5.1993376,5.1993376,-5.1993376,-0.21363612,-0.001254569,-5.1993376
2657,-5.1993376,-0.72171378,0.55253687,-0.50492201,0.63946185,0.62109893,-1.5215251,5.1993376,-5.1993376,1.0978448,0.18547963,0.85167519,2.3648006
2658,2.1079532,0.39520352,1.3620783,-0.041412601,0.17400458,1.8803524,0.25360621,5.1993376,5.1993376,-5.1993376,-0.60746322,0.45146888,0.49213682
2659,1.7679033,-0.82317161,0.55253687,0.29267606,-0.26398459,0.87535389,2.5423492,5.1993376,-5.1993376,1.7739219,0.69910809,0.14858402,1.4045331
2660,1.0230033,-1.003908,-5.1993376,-0.98357337,0.97546566,2.4743823,-1.9037736,5.1993376,-5.1993376,-0.28744217,-1.1694007,-0.79704409,-5.1993376
2661,-5.1993376,0.41563423,-0.7315153,0.21235277,-0.26398459,-5.1993376,0.25360621,5.1993376,5.1993376,1.0293754,-0.21363612,-0.79704409,-5.1993376
2662,2.1079532,0.50349739,1.649237,0.98561042,0.17400458,1.7444475,0.86984634,-5.1993376,5.1993376,-0.92233022,-0.60746322,-0.001254569,2.2808948
2663,-5.1993376,0.1257878,-0.7315153,-0.23808933,0.63946185,-5.1993376,0.25360621,5.1993376,5.1993376,-0.053972647,1.3781138,-1.6691125,-5.1993376
2664,-5.1993376,-1.4496823,-0.1422445,-0.29005812,-0.69112102,-5.1993376,0.25360621,5.1993376,-5.1993376,-0.28744217,0.69910809,-0.57311539,-5.1993376
2665,-5.1993376,0.33485067,0.55253687,1.2640664,0.17400458,-0.1422445,-0.67055744,5.1993376,-5.1993376,1.1163689,-0.21363612,1.464186,1.2127505
2666,1.0230033,0.10557959,-1.1644437,-0.66428721,-0.97143575,0.62109893,0.96142934,5.1993376,-5.1993376,1.3189459,0.18547963,-0.36553148,0.54995777
2667,-5.1993376,-0.20081806,-1.1644437,-0.6150245,-1.3219458,-0.1422445,-0.67055744,5.1993376,-5.1993376,-0.28744217,1.3781138,-2.4320167,1.3746832
2668,1.0230033,1.9734959,-0.1422445,-1.144896,-2.0431151,0.29660674,1.761948,-5.1993376,-5.1993376,0.06025574,-0.60746322,-1.0230033,-5.1993376
2669,0.51349142,-1.2753025,-5.1993376,-1.505747,-1.3219458,0.62109893,-0.36687305,5.1993376,-5.1993376,-0.65804298,-1.1694007,-0.17527843,-5.1993376
2670,0.51349142,-0.52066149,-0.1422445,-0.13591068,-0.26398459,0.29660674,0.25360621,5.1993376,5.1993376,1.2753025,0.69910809,1.1140325,0.77684146
2671,-5.1993376,-0.58498388,0.55253687,0.40607882,-0.69112102,-5.1993376,0.25360621,5.1993376,5.1993376,0.77314015,0.69910809,-0.17527843,-5.1993376
2672,2.1079532,0.32161055,0.55253687,0.40607882,0.17400458,1.8803524,0.25360621,5.1993376,5.1993376,-5.1993376,-0.60746322,0.45146888,-5.1993376
2673,-5.1993376,-1.1140325,-5.1993376,-2.5423492,0.63946185,-5.1993376,0.25360621,5.1993376,-5.1993376,0.06025574,1.3781138,-1.0230033,-5.1993376
2674,-5.1993376,-1.0640195,-0.1422445,-1.3684503,-0.69112102,-5.1993376,0.25360621,5.1993376,5.1993376,-5.1993376,1.3781138,-1.873053,-5.1993376
2675,1.0230033,0.22648938,-1.3432866,-1.2529876,0.17400458,0.29660674,1.761948,5.1993376,-5.1993376,1.1163689,0.18547963,-0.001254569,0.49213682
2676,-5.1993376,-1.7502216,-5.1993376,-0.39384742,1.2023467,1.0774455,-1.994971,5.1993376,5.1993376,-0.45564031,-0.60746322,0.45146888,0.45232721
2677,1.4181186,0.84987354,1.1794018,1.7330708,-0.26398459,0.87535389,1.2447784,5.1993376,-5.1993376,0.84090635,-0.21363612,0.45146888,0.82317161
2678,-5.1993376,0.57607489,-0.1422445,0.29267606,-0.69112102,-5.1993376,0.25360621,5.1993376,-5.1993376,-0.92233022,0.18547963,-1.2502419,-5.1993376
2679,0.51349142,-0.10305677,1.649237,2.617134,-0.26398459,0.87535389,-0.67055744,5.1993376,-5.1993376,1.3189459,-0.60746322,1.2339616,0.39018173
2680,1.0230033,0.76639141,-1.1644437,-0.98357337,0.087932998,0.62109893,0.96142934,5.1993376,-5.1993376,0.65804298,0.18547963,-0.001254569,-5.1993376
2681,-5.1993376,0.76639141,-0.1422445,-0.13591068,1.6022103,-5.1993376,0.25360621,5.1993376,5.1993376,1.4827602,-1.1694007,0.14858402,-5.1993376
2682,-5.1993376,-5.1993376,-5.1993376,-2.5423492,-0.97143575,1.0774455,-1.994971,5.1993376,5.1993376,0.77314015,-1.1694007,-0.17527843,-5.1993376
2683,-5.1993376,-0.58498388,-0.43348197,0.0062728847,0.40471681,-0.1422445,-0.67055744,-5.1993376,5.1993376,-0.65804298,-0.60746322,-0.36553148,0.21363612
2684,-5.1993376,-0.10305677,-0.1422445,-0.089192496,0.63946185,-5.1993376,0.25360621,5.1993376,-5.1993376,-0.17018472,0.69910809,-1.0230033,-5.1993376
2685,-5.1993376,-1.8517338,1.649237,-0.66428721,1.2023467,-5.1993376,0.25360621,-5.1993376,-5.1993376,-0.45564031,-1.1694007,0.14858402,0.28100042
2686,1.7679033,-0.9165865,1.3620783,0.54088248,-0.26398459,1.2612822,1.0251227,5.1993376,-5.1993376,0.26658359,0.18547963,-0.17527843,0.72366851
2687,-5.1993376,0.10557959,-0.1422445,0.47100434,0.17400458,-5.1993376,0.25360621,-5.1993376,-5.1993376,0.98969684,-0.21363612,-0.17527843,0.71427021
2688,-5.1993376,0.15873981,-0.1422445,-0.041412601,0.17400458,-5.1993376,0.25360621,5.1993376,5.1993376,1.1570615,-1.1694007,1.2339616,0.86525163
2689,1.7679033,-0.86436505,0.91087287,0.43900121,0.63946185,2.1696941,-0.67055744,-5.1993376,-5.1993376,1.2023467,-1.1694007,1.8312243,0.78162595
2690,-5.1993376,0.21620388,-0.7315153,-0.6150245,0.97546566,1.2612822,-2.2111272,5.1993376,5.1993376,-0.92233022,-0.21363612,0.85167519,0.44614111
2691,-5.1993376,2.2111272,1.401177,0.54088248,-2.483413,-0.1422445,-0.67055744,5.1993376,-5.1993376,1.2475055,2.1196682,0.85167519,1.3397836
2692,-5.1993376,-1.8425227,-0.1422445,-1.3684503,1.2023467,-0.1422445,-0.67055744,-5.1993376,5.1993376,-5.1993376,-1.1694007,-0.17527843,-5.1993376
2693,0.51349142,0.11820414,0.55253687,0.21235277,-0.26398459,-0.1422445,1.2447784,-5.1993376,5.1993376,-0.45564031,-0.60746322,-0.79704409,-5.1993376
2694,1.0230033,-0.34415366,-0.1422445,0.17400458,0.63946185,0.29660674,1.761948,-5.1993376,5.1993376,-0.17018472,-0.60746322,-0.17527843,0.52414016
2695,-5.1993376,-0.23292993,0.55253687,-1.144896,0.63946185,-5.1993376,0.25360621,5.1993376,-5.1993376,0.06025574,0.69910809,-0.79704409,1.9262578
2696,-5.1993376,-0.50777433,0.2239158,0.75299744,0.97546566,-0.1422445,-0.67055744,5.1993376,-5.1993376,-0.11441489,-0.60746322,-1.2502419,-5.1993376
2697,-5.1993376,1.7109676,1.649237,2.1316816,-1.3219458,-5.1993376,0.25360621,5.1993376,-5.1993376,2.1196682,0.69910809,1.2339616,-5.1993376
2698,1.0230033,-0.26268576,-0.43348197,-1.2529876,-0.69112102,1.0774455,-0.300542,5.1993376,-5.1993376,0.72334253,-0.60746322,1.6590928,0.84366912
2699,-5.1993376,-0.058998939,-0.7315153,-0.18547963,-1.3219458,-5.1993376,0.25360621,5.1993376,-5.1993376,0.26658359,0.69910809,0.71036555,0.6696749
2700,-5.1993376,0.34948301,-0.7315153,-0.66428721,0.087932998,-5.1993376,0.25360621,5.1993376,5.1993376,0.26658359,-0.60746322,-1.4678604,-5.1993376
2701,-5.1993376,-0.93585209,-0.1422445,0.092971849,-0.26398459,-0.1422445,-0.67055744,5.1993376,-5.1993376,0.22262957,0.69910809,-0.57311539,-5.1993376
2702,1.4181186,0.98154039,0.55253687,-0.44869228,-1.3219458,0.62109893,2.1696941,-5.1993376,-5.1993376,1.5932188,1.3781138,0.45146888,1.8655914
2703,1.0230033,-0.80569207,-0.7315153,-0.50492201,-0.69112102,0.29660674,1.761948,5.1993376,-5.1993376,0.4307273,0.69910809,-0.17527843,-5.1993376
2704,1.0230033,0.98154039,1.649237,1.873053,-2.0431151,0.62109893,0.96142934,-5.1993376,-5.1993376,0.18165198,2.1196682,-1.4678604,1.2638173
2705,-5.1993376,-1.6421406,0.55253687,0.54088248,-0.83733836,1.2612822,-2.2111272,5.1993376,-5.1993376,-0.11441489,0.69910809,-0.17527843,-5.1993376
2706,-5.1993376,0.79360155,1.649237,-1.8179677,-0.69112102,1.0774455,-1.994971,5.1993376,5.1993376,-0.22648938,0.69910809,1.3494976,1.7986626
2707,1.4181186,1.2724784,-0.1422445,0.0062728847,-0.69112102,0.87535389,1.2447784,5.1993376,-5.1993376,1.0187781,0.18547963,0.29922973,-5.1993376
2708,1.4181186,-0.69750712,0.55253687,-1.505747,1.2023467,1.5843543,-0.36687305,-5.1993376,5.1993376,1.9626066,-5.1993376,0.58052362,0.29835517
2709,-5.1993376,-1.3463856,1.649237,-0.90518882,-0.26398459,0.29660674,-1.1768904,-5.1993376,-5.1993376,0.56132709,-1.1694007,-0.001254569,1.0315088
2710,1.7679033,0.59693534,0.91087287,0.50492201,-0.83733836,0.87535389,2.5423492,5.1993376,-5.1993376,-0.36017172,-0.60746322,-0.79704409,-5.1993376
2711,-5.1993376,-0.92810452,-0.1422445,0.88088812,0.30448193,1.2612822,-2.2111272,-5.1993376,5.1993376,-5.1993376,-0.60746322,0.58052362,1.7661511
2712,-5.1993376,-1.1140325,0.55253687,1.2075323,0.63946185,-5.1993376,0.25360621,5.1993376,5.1993376,-5.1993376,0.69910809,0.29922973,-5.1993376
2713,0.51349142,0.36017172,-0.7315153,-0.089192496,-0.26398459,-0.1422445,1.2447784,5.1993376,-5.1993376,-0.28744217,-0.21363612,-0.17527843,-5.1993376
2714,-5.1993376,1.3070634,-0.7315153,-0.56279634,0.63946185,-5.1993376,0.25360621,5.1993376,-5.1993376,-0.78332986,0.69910809,-0.36553148,-5.1993376
2715,0.51349142,-1.4827602,-0.7315153,-0.34149266,-1.0819398,-0.1422445,1.2447784,5.1993376,5.1993376,-1.0552931,0.69910809,-0.001254569,0.3561587
2716,-5.1993376,-1.1140325,0.55253687,1.057485,-0.83733836,-0.1422445,-0.67055744,5.1993376,-5.1993376,1.0978448,1.3781138,0.14858402,1.2877228
2717,1.4181186,-0.18165198,0.55253687,0.91467864,-0.26398459,1.4354772,-0.28091085,5.1993376,5.1993376,1.3189459,-0.21363612,2.1968939,0.4639355
2718,-5.1993376,-0.64408623,1.649237,-5.1993376,-2.3863399,0.29660674,-1.1768904,5.1993376,5.1993376,0.10810309,0.69910809,1.5669896,-5.1993376
2719,1.4181186,0.087932998,1.2640664,0.092971849,0.63946185,0.87535389,1.2447784,5.1993376,-5.1993376,1.2259427,-0.21363612,0.29922973,1.3785203
2720,-5.1993376,2.0042336,-0.7315153,-0.50492201,-1.3219458,-5.1993376,0.25360621,5.1993376,-5.1993376,-5.1993376,0.69910809,-0.57311539,-5.1993376
2721,1.4181186,0.93003618,2.9674304,0.61199579,-0.97143575,1.2612822,0.25360621,5.1993376,-5.1993376,2.7584285,0.69910809,1.6590928,1.8803524
2722,2.483413,-1.5799684,-0.7315153,0.43900121,-0.26398459,1.2612822,2.8778461,5.1993376,-5.1993376,1.358913,-0.21363612,0.85167519,0.16934979
2723,1.4181186,1.9494745,-0.1422445,0.092971849,-1.3219458,0.62109893,2.1696941,5.1993376,-5.1993376,0.18165198,0.18547963,0.45146888,-5.1993376
2724,0.51349142,-0.82317161,-0.7315153,-0.041412601,0.63946185,-0.1422445,1.2447784,5.1993376,5.1993376,0.0062728847,0.69910809,0.58052362,2.0168626
2725,-5.1993376,0.40335554,1.0841952,1.959536,0.63946185,-5.1993376,0.25360621,5.1993376,5.1993376,0.56132709,-0.21363612,0.71036555,-5.1993376
2726,-5.1993376,0.73315571,2.4320167,2.0744446,-0.26398459,-0.1422445,-0.67055744,5.1993376,-5.1993376,0.93779777,0.18547963,0.85167519,1.2490266
2727,-5.1993376,0.68793853,1.2640664,2.1696941,0.087932998,-0.1422445,-0.67055744,-5.1993376,5.1993376,-0.28744217,-0.60746322,0.85167519,0.32028968
2728,-5.1993376,0.87719565,-0.1422445,0.54088248,-1.3219458,-0.1422445,-0.67055744,5.1993376,5.1993376,0.29791798,-0.21363612,0.14858402,-5.1993376
2729,-5.1993376,-0.018819641,1.0841952,1.9264032,0.17400458,-5.1993376,0.25360621,-5.1993376,-5.1993376,0.40471681,-0.60746322,-0.57311539,0.40199502
2730,-5.1993376,0.46400712,-0.1422445,-0.18547963,-1.3219458,-5.1993376,0.25360621,5.1993376,-5.1993376,1.358913,-0.60746322,0.58052362,2.3166228
2731,1.4181186,-0.10305677,0.91087287,0.8196557,-0.26398459,1.0774455,0.89765526,5.1993376,-5.1993376,1.6733892,0.18547963,0.85167519,1.0028088
2732,0.51349142,-1.3463856,-0.7315153,-0.50492201,1.2023467,1.2612822,-1.1768904,5.1993376,-5.1993376,0.56132709,-1.1694007,0.29922973,-5.1993376
2733,0.51349142,-0.74635093,0.55253687,-1.3684503,0.63946185,1.2612822,-1.1768904,-5.1993376,-5.1993376,1.6205923,-5.1993376,-0.001254569,0.86982066
2734,-5.1993376,-1.9351663,0.2239158,-1.2529876,1.2023467,-5.1993376,0.25360621,-5.1993376,-5.1993376,-0.45564031,-1.1694007,0.58052362,1.6541448
2735,-5.1993376,0.5642668,-0.1422445,-0.13591068,0.63946185,-0.1422445,-0.67055744,5.1993376,-5.1993376,-1.0552931,-1.1694007,-0.17527843,0.24418169
2736,-5.1993376,1.199766,0.91087287,1.2366522,-0.83733836,-5.1993376,0.25360621,-5.1993376,5.1993376,-0.65804298,0.69910809,-0.001254569,0.79230667
2737,1.4181186,-0.3521514,-0.1422445,0.13337869,-0.69112102,1.2612822,0.25360621,5.1993376,-5.1993376,-0.65804298,-0.21363612,0.71036555,0.46453059
2738,-5.1993376,-0.42660141,-0.7315153,-0.39384742,-1.0819398,-0.1422445,-0.67055744,5.1993376,5.1993376,-0.65804298,0.69910809,-0.001254569,-5.1993376
2739,-5.1993376,-2.1168551,-0.1422445,-1.8179677,2.1440107,0.62109893,-1.5215251,-5.1993376,5.1993376,-5.1993376,-5.1993376,-0.57311539,-5.1993376
2740,-5.1993376,-0.92810452,-0.1422445,-1.144896,0.63946185,-5.1993376,0.25360621,5.1993376,5.1993376,-5.1993376,-5.1993376,-0.79704409,-5.1993376
2741,-5.1993376,-2.2286301,-5.1993376,-1.505747,0.63946185,1.7444475,-2.651732,5.1993376,5.1993376,-5.1993376,-5.1993376,0.45146888,1.4155875
2742,-5.1993376,1.2982711,0.91087287,0.25360621,-0.26398459,-5.1993376,0.25360621,5.1993376,5.1993376,-5.1993376,0.18547963,-0.36553148,0.15964736
2743,-5.1993376,0.34948301,2.0042336,2.3259725,-0.83733836,-0.1422445,-0.67055744,5.1993376,5.1993376,0.0062728847,-0.21363612,0.58052362,0.82317161
2744,1.4181186,-1.6808165,-0.7315153,-0.72008693,1.8658521,3.0899352,-2.0965206,-5.1993376,-5.1993376,1.0187781,-1.1694007,0.45146888,0.55985906
2745,-5.1993376,1.0729729,0.55253687,1.1794018,0.63946185,-5.1993376,0.25360621,5.1993376,-5.1993376,0.0062728847,-0.21363612,-0.001254569,-5.1993376
2746,0.51349142,0.39520352,-0.1422445,-0.089192496,-0.26398459,-0.1422445,1.2447784,5.1993376,5.1993376,0.37628274,0.18547963,1.6590928,-5.1993376
2747,0.51349142,1.3557612,1.649237,2.1316816,-0.26398459,0.62109893,-0.36687305,5.1993376,-5.1993376,-0.45564031,0.69910809,-0.36553148,-5.1993376
2748,-5.1993376,-0.87904038,-5.1993376,-0.72008693,0.63946185,-5.1993376,0.25360621,5.1993376,5.1993376,0.68159434,1.3781138,-0.57311539,0.47240654
2749,-5.1993376,0.83912102,0.55253687,0.57607489,0.63946185,-5.1993376,0.25360621,5.1993376,-5.1993376,-0.45564031,0.69910809,0.85167519,0.36888665
2750,0.51349142,-0.52066149,-5.1993376,-1.059682,-0.26398459,0.29660674,0.25360621,5.1993376,5.1993376,0.37628274,0.69910809,0.29922973,-5.1993376
2751,2.1079532,-1.5799684,-1.1644437,-0.56279634,1.3684503,1.2612822,1.761948,5.1993376,5.1993376,-0.17018472,-0.60746322,-0.79704409,-5.1993376
2752,1.0230033,1.2724784,0.91087287,1.2075323,-0.26398459,0.29660674,1.761948,5.1993376,5.1993376,0.18165198,0.18547963,-1.0230033,-5.1993376
2753,1.4181186,0.32161055,-5.1993376,-1.6590928,-0.26398459,0.62109893,2.1696941,-5.1993376,-5.1993376,2.0567906,0.18547963,1.5669896,1.5458862
2754,0.51349142,1.0887225,-0.7315153,-0.6150245,-1.3219458,0.62109893,-0.36687305,-5.1993376,-5.1993376,-0.78332986,0.69910809,-0.79704409,-5.1993376
2755,-5.1993376,-0.17018472,0.11820414,-1.3684503,-1.3219458,-0.1422445,-0.67055744,-5.1993376,-5.1993376,2.456904,-1.1694007,1.9858764,0.98765156
2756,-5.1993376,0.89335445,0.55253687,0.43900121,0.087932998,-5.1993376,0.25360621,5.1993376,-5.1993376,-0.28744217,0.69910809,-1.0230033,-5.1993376
2757,-5.1993376,-0.67527746,0.91087287,0.40607882,-0.97143575,-5.1993376,0.25360621,-5.1993376,-5.1993376,1.9264032,2.1196682,0.71036555,0.93650472
2758,2.483413,-1.3912021,-1.1644437,-0.50492201,-0.26398459,1.2612822,2.8778461,5.1993376,-5.1993376,1.1844468,-0.60746322,0.85167519,0.53599089
2759,-5.1993376,1.8517338,-0.1422445,0.092971849,-0.83733836,-5.1993376,0.25360621,5.1993376,5.1993376,-5.1993376,0.18547963,-1.2502419,-5.1993376
2760,0.51349142,-0.23292993,0.2239158,-0.23808933,0.087932998,0.87535389,-0.67055744,5.1993376,-5.1993376,0.64100179,-1.1694007,-0.17527843,-5.1993376
2761,-5.1993376,-1.7639262,0.55253687,-0.83912102,1.2023467,0.29660674,-1.1768904,5.1993376,5.1993376,-5.1993376,-1.1694007,-0.17527843,-5.1993376
2762,0.51349142,1.0887225,1.0841952,1.0909946,-0.26398459,0.29660674,0.25360621,5.1993376,-5.1993376,0.18165198,0.69910809,-0.79704409,0.87719565
2763,-5.1993376,-0.42660141,0.55253687,1.2366522,-0.26398459,-0.1422445,-0.67055744,5.1993376,-5.1993376,-0.55985906,0.18547963,-0.17527843,1.1282947
2764,1.7679033,0.33485067,0.2239158,0.47100434,-0.26398459,0.87535389,2.5423492,5.1993376,-5.1993376,1.9264032,0.69910809,0.58052362,-5.1993376
2765,-5.1993376,-0.24454752,1.0841952,1.6640817,0.30448193,-5.1993376,0.25360621,5.1993376,5.1993376,0.324254,-0.21363612,0.29922973,-5.1993376
2766,-5.1993376,-1.3620783,-5.1993376,-1.2529876,1.2023467,-0.1422445,-0.67055744,5.1993376,-5.1993376,0.18165198,-1.1694007,-0.57311539,-5.1993376
2767,-5.1993376,-1.2753025,-1.1644437,-0.77822491,0.63946185,-5.1993376,0.25360621,5.1993376,5.1993376,-0.55985906,0.69910809,-1.6691125,-5.1993376
2768,-5.1993376,0.15873981,1.0841952,1.4568958,0.63946185,0.29660674,-1.1768904,-5.1993376,5.1993376,-0.78332986,-0.60746322,-0.57311539,-5.1993376
2769,-5.1993376,-0.085414417,-0.1422445,-1.059682,1.6022103,-5.1993376,0.25360621,5.1993376,5.1993376,-5.1993376,-5.1993376,1.6590928,-5.1993376
2770,0.51349142,-0.42660141,1.649237,2.4085504,0.63946185,-0.1422445,1.2447784,5.1993376,5.1993376,-5.1993376,0.69910809,-0.17527843,-5.1993376
2771,0.51349142,-0.23292993,1.0841952,1.8245559,0.40471681,0.87535389,-0.67055744,-5.1993376,-5.1993376,0.88830934,-0.21363612,-0.17527843,1.3591165
2772,1.4181186,-0.0050182959,-5.1993376,-1.2529876,0.97546566,2.2899878,-1.1768904,-5.1993376,5.1993376,-0.28744217,-1.1694007,-0.57311539,-5.1993376
2773,-5.1993376,1.1047469,0.55253687,-1.144896,-0.83733836,-5.1993376,0.25360621,5.1993376,5.1993376,-5.1993376,-1.1694007,1.8952593,1.5843543
2774,1.7679033,0.81790154,0.2239158,0.13337869,0.63946185,1.2612822,1.0251227,5.1993376,-5.1993376,-0.11441489,0.18547963,-0.36553148,-5.1993376
2775,-5.1993376,0.8552868,-5.1993376,-1.9858764,0.17400458,-5.1993376,0.25360621,5.1993376,5.1993376,-5.1993376,-5.1993376,-1.0230033,-5.1993376
2776,-5.1993376,0.68001258,-1.1644437,-1.6590928,-2.0431151,-5.1993376,0.25360621,5.1993376,5.1993376,-5.1993376,2.1196682,-1.4678604,0.18931001
2777,-5.1993376,0.61805886,-0.7315153,0.40607882,0.63946185,-5.1993376,0.25360621,5.1993376,5.1993376,-0.55985906,-0.60746322,-0.17527843,-5.1993376
2778,-5.1993376,-0.73808885,0.91087287,0.84987354,0.30448193,-5.1993376,0.25360621,5.1993376,5.1993376,0.22262957,-0.21363612,-1.873053,-5.1993376
2779,-5.1993376,0.41563423,0.55253687,1.358913,0.30448193,-5.1993376,0.25360621,5.1993376,-5.1993376,0.48930663,-0.21363612,-0.17527843,-5.1993376
2780,-5.1993376,0.80395767,-0.7315153,-0.29005812,-1.3219458,-5.1993376,0.25360621,5.1993376,5.1993376,1.7444475,1.3781138,1.6590928,0.23250026
2781,-5.1993376,-1.1768904,-0.7315153,-1.2529876,2.9674304,-0.1422445,-0.67055744,5.1993376,5.1993376,-5.1993376,-5.1993376,-1.4678604,0.17595779
2782,0.51349142,-0.75466427,-0.7315153,-0.39384742,1.0955557,0.87535389,-0.67055744,5.1993376,-5.1993376,0.29791798,-1.1694007,1.9858764,2.5589071
2783,-5.1993376,1.9264032,0.11820414,0.43900121,-0.26398459,-5.1993376,0.25360621,5.1993376,5.1993376,0.0062728847,0.69910809,-2.1079532,-5.1993376
2784,1.0230033,1.1644437,1.1794018,1.0909946,-1.0819398,0.62109893,0.96142934,-5.1993376,-5.1993376,1.1163689,0.18547963,0.29922973,-5.1993376
2785,-5.1993376,1.2286069,0.82669773,-0.77822491,0.63946185,-5.1993376,0.25360621,-5.1993376,5.1993376,-5.1993376,-1.1694007,-0.57311539,0.82317161
2786,0.51349142,1.9028735,0.55253687,-0.6150245,0.087932998,-0.1422445,1.2447784,-5.1993376,-5.1993376,2.0533356,-0.21363612,0.98561042,2.0861845
2787,-5.1993376,-0.12705243,2.4320167,0.78845531,0.63946185,0.29660674,-1.1768904,-5.1993376,-5.1993376,-0.65804298,-1.1694007,-1.0230033,0.20081806
2788,-5.1993376,0.5642668,2.0042336,1.8448108,-0.26398459,-0.1422445,-0.67055744,-5.1993376,5.1993376,-0.28744217,-0.21363612,-0.36553148,-5.1993376
2789,0.51349142,-0.66116187,-0.1422445,0.36821529,0.63946185,-0.1422445,1.2447784,5.1993376,-5.1993376,0.45842568,0.69910809,0.29922973,-5.1993376
2790,-5.1993376,-0.98154039,-0.1422445,0.05146002,-0.26398459,-0.1422445,-0.67055744,5.1993376,-5.1993376,0.60897269,1.3781138,0.45146888,1.1644437
2791,-5.1993376,-0.42660141,1.2640664,1.4568958,-0.26398459,0.62109893,-1.5215251,5.1993376,-5.1993376,0.82846465,-0.21363612,-0.17527843,-5.1993376
2792,-5.1993376,-1.3186747,-5.1993376,-0.90518882,-1.3219458,-0.1422445,-0.67055744,5.1993376,5.1993376,-0.78332986,0.18547963,-0.36553148,-5.1993376
2793,-5.1993376,-0.25490199,0.11820414,0.75299744,1.0955557,-0.1422445,-0.67055744,-5.1993376,5.1993376,2.5225576,-0.60746322,0.14858402,-5.1993376
2794,1.0230033,-0.77483284,-5.1993376,-2.1316816,0.63946185,1.0774455,-0.300542,-5.1993376,-5.1993376,-0.92233022,-1.1694007,0.71036555,-5.1993376
2795,1.4181186,-0.17018472,-0.1422445,-0.041412601,-1.0819398,1.2612822,0.25360621,5.1993376,-5.1993376,-0.11441489,0.69910809,-0.57311539,-5.1993376
2796,-5.1993376,0.087932998,-5.1993376,-2.5423492,-1.3219458,0.29660674,-1.1768904,5.1993376,-5.1993376,0.70552998,-0.21363612,0.71036555,1.5403397
2797,0.51349142,-0.718462,-0.1422445,-1.2529876,0.63946185,-0.1422445,1.2447784,-5.1993376,5.1993376,-5.1993376,-5.1993376,1.2339616,-5.1993376
2798,-5.1993376,0.26138737,-0.7315153,-0.50492201,-1.3219458,-5.1993376,0.25360621,5.1993376,5.1993376,-5.1993376,0.69910809,-1.0230033,-5.1993376
2799,-5.1993376,1.4941549,0.91087287,0.47100434,-2.3863399,0.29660674,-1.1768904,-5.1993376,5.1993376,2.0036013,5.1993376,0.71036555,-5.1993376
2800,1.4181186,0.30185479,-0.1422445,0.21235277,-1.0819398,0.87535389,1.2447784,5.1993376,-5.1993376,0.51635627,1.3781138,1.1140325,1.6152738
2801,0.51349142,-0.29529601,0.55253687,1.0909946,-0.26398459,0.62109893,-0.36687305,5.1993376,5.1993376,-0.17018472,-0.21363612,-0.57311539,0.82317161
2802,-5.1993376,-0.34415366,-1.1644437,-0.66428721,0.63946185,-0.1422445,-0.67055744,5.1993376,-5.1993376,0.0062728847,1.3781138,-1.2502419,1.0799466
2803,-5.1993376,0.5642668,0.55253687,1.2366522,0.63946185,0.29660674,-1.1768904,5.1993376,5.1993376,-0.36017172,-0.60746322,-0.57311539,-5.1993376
2804,1.0230033,-0.067798615,0.55253687,0.54088248,-0.26398459,1.2612822,-0.42385485,5.1993376,5.1993376,-5.1993376,0.69910809,-1.2502419,-5.1993376
2805,0.51349142,0.90330062,-1.1644437,0.0062728847,-0.69112102,0.29660674,0.25360621,5.1993376,5.1993376,-5.1993376,-0.60746322,-0.79704409,0.49213682
2806,-5.1993376,0.056485615,-0.7315153,-0.98357337,1.3684503,-5.1993376,0.25360621,5.1993376,5.1993376,1.4568958,-1.1694007,-1.4678604,-5.1993376
2807,-5.1993376,-0.3521514,-0.1422445,0.40607882,-0.69112102,-5.1993376,0.25360621,5.1993376,-5.1993376,1.1400769,0.18547963,1.2339616,1.7804016
2808,-5.1993376,0.99174625,-0.7315153,-0.13591068,0.40471681,-5.1993376,0.25360621,-5.1993376,-5.1993376,-0.11441489,-0.60746322,-0.36553148,-5.1993376
2809,0.51349142,1.2724784,2.4320167,0.98561042,-1.7219141,0.29660674,0.25360621,-5.1993376,-5.1993376,0.0062728847,-0.21363612,0.14858402,0.53798038
2810,1.0230033,0.88644946,-0.1422445,-1.9858764,-0.97143575,0.62109893,0.96142934,-5.1993376,-5.1993376,0.10810309,-0.60746322,0.85167519,-5.1993376
2811,-5.1993376,0.025094008,-5.1993376,-0.77822491,1.6022103,0.62109893,-1.5215251,5.1993376,-5.1993376,-0.11441489,-0.60746322,-0.17527843,-5.1993376
2812,2.1079532,-1.2924649,0.2239158,-0.83912102,1.2023467,1.4354772,1.2447784,-5.1993376,-5.1993376,1.1743865,-5.1993376,0.29922973,0.25231085
2813,-5.1993376,-0.92233022,-0.7315153,-1.2529876,2.9674304,0.87535389,-1.7986626,5.1993376,5.1993376,-5.1993376,-5.1993376,0.71036555,1.6896701
2814,0.51349142,-0.36017172,-5.1993376,-0.44869228,-0.26398459,0.62109893,-0.36687305,5.1993376,-5.1993376,0.40471681,-0.21363612,-0.17527843,0.73973722
2815,0.51349142,0.68001258,-0.1422445,-0.18547963,-0.26398459,-0.1422445,1.2447784,5.1993376,5.1993376,-0.11441489,0.18547963,0.58052362,-5.1993376
2816,1.4181186,0.5642668,-0.7315153,-0.6150245,2.1440107,1.0774455,0.89765526,5.1993376,-5.1993376,1.4568958,-1.1694007,0.85167519,-5.1993376
2817,-5.1993376,0.23938016,0.55253687,1.2640664,0.63946185,-0.1422445,-0.67055744,5.1993376,-5.1993376,0.92233022,0.18547963,0.58052362,0.52258959
2818,-5.1993376,0.31105902,-5.1993376,-1.059682,-2.0431151,-5.1993376,0.25360621,5.1993376,-5.1993376,-0.17018472,0.69910809,0.45146888,-5.1993376
2819,0.51349142,-0.62414474,-0.1422445,-0.44869228,0.97546566,1.0774455,-0.98765156,5.1993376,-5.1993376,-0.78332986,-1.1694007,0.45146888,-5.1993376
2820,1.0230033,1.3716572,1.1794018,1.3249577,-0.97143575,0.29660674,1.761948,5.1993376,-5.1993376,0.75800423,0.18547963,1.1140325,-5.1993376
2821,-5.1993376,-0.53653104,1.4354772,1.057485,0.30448193,-5.1993376,0.25360621,-5.1993376,5.1993376,-0.11441489,-1.1694007,0.71036555,-5.1993376
2822,-5.1993376,0.080378865,0.55253687,0.57607489,-0.83733836,-5.1993376,0.25360621,-5.1993376,-5.1993376,1.634747,0.18547963,-0.36553148,1.4568958
2823,0.51349142,-0.42660141,-5.1993376,-0.98357337,-0.83733836,-0.1422445,1.2447784,5.1993376,-5.1993376,-0.45564031,0.69910809,-0.57311539,-5.1993376
2824,-5.1993376,0.13464458,-0.7315153,-0.72008693,-1.3219458,-0.1422445,-0.67055744,5.1993376,-5.1993376,0.10810309,0.69910809,-0.57311539,0.8963798
2825,-5.1993376,0.46400712,1.649237,1.9858764,-0.26398459,-0.1422445,-0.67055744,-5.1993376,-5.1993376,-0.17018472,0.69910809,0.14858402,-5.1993376
2826,0.51349142,-0.058998939,1.649237,0.25360621,-0.83733836,-0.1422445,1.2447784,-5.1993376,5.1993376,1.0082941,1.3781138,-1.4678604,0.59254684
2827,-5.1993376,-5.1993376,-0.1422445,-0.6150245,2.1440107,-0.1422445,-0.67055744,-5.1993376,-5.1993376,-0.053972647,-1.1694007,-0.17527843,-5.1993376
2828,1.7679033,-0.11062728,-0.7315153,-0.72008693,0.40471681,0.87535389,2.5423492,5.1993376,-5.1993376,1.2023467,0.18547963,0.71036555,-5.1993376
2829,2.1079532,0.15873981,-1.1644437,-0.041412601,-0.26398459,1.5843543,0.96142934,5.1993376,5.1993376,-5.1993376,-0.60746322,0.58052362,-5.1993376
2830,-5.1993376,0.22648938,-0.1422445,-0.18547963,0.17400458,-5.1993376,0.25360621,-5.1993376,-5.1993376,-1.0552931,-1.1694007,0.45146888,-5.1993376
2831,0.51349142,0.95943959,1.2640664,1.959536,-1.8114574,0.87535389,-0.67055744,-5.1993376,5.1993376,-5.1993376,2.1196682,0.29922973,1.4250105
2832,-5.1993376,0.29005812,0.55253687,-0.83912102,1.2023467,-5.1993376,0.25360621,-5.1993376,-5.1993376,1.2259427,-1.1694007,0.71036555,-5.1993376
2833,0.51349142,-0.52066149,-0.1422445,-1.505747,2.1440107,0.29660674,0.25360621,-5.1993376,5.1993376,-5.1993376,-1.1694007,0.29922973,1.7986626
2834,-5.1993376,0.087932998,0.55253687,0.68001258,0.63946185,-5.1993376,0.25360621,5.1993376,5.1993376,-5.1993376,0.69910809,0.98561042,2.0509291
2835,1.4181186,0.29005812,-0.7315153,-0.39384742,0.17400458,1.5843543,-0.36687305,5.1993376,5.1993376,-5.1993376,0.18547963,-1.2502419,0.63638652
2836,0.51349142,-0.97143575,-0.1422445,0.29267606,-0.26398459,0.29660674,0.25360621,5.1993376,-5.1993376,-0.45564031,1.3781138,-0.79704409,0.40199502
2837,-5.1993376,0.45424896,0.2239158,0.84987354,-0.97143575,-5.1993376,0.25360621,5.1993376,5.1993376,-0.36017172,1.3781138,-0.17527843,-5.1993376
2838,0.51349142,-1.2053021,0.55253687,0.13337869,0.97546566,0.62109893,-0.36687305,-5.1993376,-5.1993376,-0.053972647,-1.1694007,-0.57311539,-5.1993376
2839,-5.1993376,-5.1993376,-1.1644437,-1.6590928,1.6022103,-5.1993376,0.25360621,5.1993376,5.1993376,-5.1993376,-5.1993376,-1.4678604,-5.1993376
2840,-5.1993376,1.1497418,0.55253687,0.71359852,-0.69112102,-5.1993376,0.25360621,5.1993376,-5.1993376,-0.65804298,0.18547963,-0.79704409,-5.1993376
2841,-5.1993376,-1.7455977,-5.1993376,-1.3684503,2.1440107,-5.1993376,0.25360621,5.1993376,5.1993376,0.82846465,-0.60746322,0.45146888,-5.1993376
2842,-5.1993376,-1.1140325,-1.1644437,-0.34149266,-1.8114574,-0.1422445,-0.67055744,5.1993376,5.1993376,0.22262957,1.3781138,-2.4320167,0.41697122
2843,0.51349142,-0.64408623,1.1794018,1.1794018,-0.97143575,0.29660674,0.25360621,-5.1993376,-5.1993376,1.4827602,2.1196682,1.3494976,1.1465568
2844,-5.1993376,-0.24454752,-0.7315153,-0.18547963,-0.26398459,-5.1993376,0.25360621,5.1993376,5.1993376,0.18165198,0.69910809,-0.36553148,0.6491132
2845,0.51349142,-0.55253687,-0.1422445,-0.34149266,1.6022103,1.7444475,-1.6896701,-5.1993376,5.1993376,0.06025574,-1.1694007,-0.001254569,-5.1993376
2846,-5.1993376,1.3716572,0.55253687,0.50492201,-2.0431151,-5.1993376,0.25360621,5.1993376,-5.1993376,0.34948301,0.69910809,-0.79704409,-5.1993376
2847,0.51349142,-0.80569207,-5.1993376,-0.83912102,-0.26398459,0.62109893,-0.36687305,5.1993376,5.1993376,-0.45564031,1.3781138,-1.873053,-5.1993376
2848,0.51349142,-0.31237604,-0.7315153,0.0062728847,0.97546566,1.0774455,-0.98765156,5.1993376,-5.1993376,-0.45564031,-0.60746322,-0.57311539,-5.1993376
2849,2.483413,0.64254324,1.0841952,-0.29005812,0.40471681,2.3863399,-0.32028968,-5.1993376,-5.1993376,-0.17018472,-1.1694007,-0.79704409,0.49213682
2850,-5.1993376,0.8552868,1.0841952,1.873053,0.30448193,0.29660674,-1.1768904,5.1993376,-5.1993376,0.18165198,-0.21363612,0.29922973,0.43507693
2851,1.0230033,-0.25490199,-0.1422445,-1.6590928,1.0955557,0.62109893,0.96142934,-5.1993376,5.1993376,0.37628274,-1.1694007,-1.0230033,-5.1993376
2852,1.0230033,0.17655256,1.649237,2.3259725,0.30448193,0.29660674,1.761948,5.1993376,5.1993376,-0.053972647,-0.21363612,0.71036555,-5.1993376
2853,1.7679033,0.52930109,2.1968939,3.0390889,-1.0819398,1.4354772,0.87904038,-5.1993376,5.1993376,1.358913,0.69910809,-0.17527843,1.616223
2854,-5.1993376,-0.11820414,1.649237,1.3249577,-0.26398459,-5.1993376,0.25360621,-5.1993376,-5.1993376,0.324254,-0.21363612,1.1140325,-5.1993376
2855,0.51349142,1.0887225,0.91087287,-0.39384742,-0.97143575,1.2612822,-1.1768904,-5.1993376,-5.1993376,0.29791798,-0.21363612,-0.57311539,1.2127505
2856,2.1079532,1.2502419,1.2640664,-0.44869228,-1.3219458,1.4354772,1.2447784,5.1993376,-5.1993376,0.37628274,1.3781138,0.29922973,1.5295582
2857,0.51349142,-1.0336468,-0.7315153,0.61199579,0.97546566,0.62109893,-0.36687305,5.1993376,-5.1993376,-0.92233022,0.18547963,0.29922973,-5.1993376
2858,0.51349142,0.016310116,0.55253687,0.68001258,0.97546566,0.29660674,0.25360621,-5.1993376,5.1993376,-0.36017172,-0.60746322,0.98561042,0.26757063
2859,1.0230033,0.99174625,1.649237,1.3249577,-0.26398459,0.62109893,0.96142934,5.1993376,5.1993376,0.82846465,0.18547963,0.14858402,0.62653434
2860,1.0230033,0.50349739,-0.43348197,-1.505747,0.17400458,1.5843543,-0.95943959,5.1993376,-5.1993376,0.10810309,-1.1694007,-0.79704409,-5.1993376
2861,-5.1993376,-0.62414474,1.649237,-1.144896,1.3684503,-0.1422445,-0.67055744,-5.1993376,-5.1993376,0.86801634,-0.21363612,0.14858402,1.5451183
2862,0.51349142,0.32161055,-0.1422445,0.0062728847,0.30448193,-0.1422445,1.2447784,5.1993376,-5.1993376,-0.78332986,0.18547963,-0.001254569,0.39290257
2863,-5.1993376,0.79360155,0.55253687,0.78845531,0.30448193,-5.1993376,0.25360621,5.1993376,5.1993376,-0.55985906,0.18547963,0.14858402,-5.1993376
2864,0.51349142,-0.13591068,-0.1422445,0.13337869,1.3684503,2.2899878,-2.2111272,5.1993376,5.1993376,-0.22648938,-1.1694007,-0.001254569,-5.1993376
2865,-5.1993376,-1.057485,1.649237,1.057485,0.63946185,-0.1422445,-0.67055744,5.1993376,-5.1993376,0.10810309,1.3781138,-0.57311539,-5.1993376
2866,-5.1993376,-2.4085504,-0.43348197,0.0062728847,-0.97143575,-5.1993376,0.25360621,5.1993376,5.1993376,-0.92233022,1.3781138,-0.57311539,-5.1993376
2867,-5.1993376,0.48789301,0.31085328,0.91467864,-1.3219458,-0.1422445,-0.67055744,-5.1993376,5.1993376,-5.1993376,-0.21363612,0.14858402,-5.1993376
2868,-5.1993376,0.76639141,0.91087287,1.2075323,-0.69112102,0.87535389,-1.7986626,-5.1993376,5.1993376,0.60897269,-0.21363612,-0.36553148,-5.1993376
2869,-5.1993376,0.21620388,0.55253687,0.84987354,0.63946185,-5.1993376,0.25360621,5.1993376,-5.1993376,0.98969684,0.69910809,-0.17527843,0.77252115
2870,-5.1993376,1.9668103,-0.1422445,-0.83912102,-2.0431151,-5.1993376,0.25360621,5.1993376,5.1993376,-0.78332986,-0.60746322,-0.36553148,-5.1993376
2871,-5.1993376,-0.42660141,0.55253687,0.50492201,-0.26398459,-5.1993376,0.25360621,5.1993376,-5.1993376,-0.55985906,0.18547963,-0.001254569,-5.1993376
2872,0.51349142,0.47661874,-0.1422445,0.25360621,-0.26398459,-0.1422445,1.2447784,5.1993376,5.1993376,-0.78332986,0.18547963,-1.2502419,-5.1993376
2873,1.4181186,-0.42660141,0.91087287,0.32954771,-1.0819398,1.5843543,-0.36687305,5.1993376,-5.1993376,1.5756126,1.3781138,0.85167519,2.9169892
2874,-5.1993376,-0.42660141,-1.1644437,-0.56279634,-1.8114574,-5.1993376,0.25360621,5.1993376,-5.1993376,-0.11441489,1.3781138,-1.873053,-5.1993376
2875,1.0230033,-0.1625524,0.91087287,0.91467864,-0.26398459,0.29660674,1.761948,-5.1993376,-5.1993376,0.0062728847,-0.60746322,1.1140325,-5.1993376
2876,1.0230033,-0.3031681,1.649237,0.092971849,0.087932998,1.2612822,-0.42385485,-5.1993376,-5.1993376,0.0062728847,-1.1694007,-0.36553148,-5.1993376
2877,-5.1993376,-0.27439149,0.55253687,0.98561042,-1.3219458,0.29660674,-1.1768904,5.1993376,5.1993376,0.18165198,0.69910809,1.6590928,-5.1993376
2878,-5.1993376,1.1352842,0.55253687,0.75299744,-0.69112102,0.29660674,-1.1768904,5.1993376,5.1993376,0.64100179,0.18547963,-1.4678604,-5.1993376
2879,-5.1993376,-1.3945116,1.649237,-0.089192496,0.63946185,-5.1993376,0.25360621,-5.1993376,-5.1993376,1.3781138,-1.1694007,1.2339616,0.2887499
2880,-5.1993376,-0.31237604,0.55253687,0.36821529,0.63946185,-5.1993376,0.25360621,5.1993376,5.1993376,-0.053972647,-1.1694007,0.14858402,2.0965206
2881,-5.1993376,0.76639141,0.55253687,0.75299744,-0.69112102,0.29660674,-1.1768904,-5.1993376,-5.1993376,0.51635627,0.69910809,0.71036555,-5.1993376
2882,0.51349142,-0.74635093,-5.1993376,-1.505747,-1.0819398,-0.1422445,1.2447784,5.1993376,-5.1993376,0.10810309,0.69910809,-0.57311539,1.0531063
2883,-5.1993376,0.34948301,-1.1644437,-0.34149266,0.63946185,-5.1993376,0.25360621,5.1993376,5.1993376,-5.1993376,-0.60746322,-1.2502419,-5.1993376
2884,0.51349142,-0.23292993,0.55253687,0.8196557,-0.26398459,0.29660674,0.25360621,5.1993376,-5.1993376,0.81440074,0.18547963,0.85167519,1.4834408
2885,0.51349142,0.58498388,0.91087287,1.0909946,-0.26398459,0.62109893,-0.36687305,-5.1993376,-5.1993376,0.0062728847,0.18547963,-0.001254569,0.27569442
2886,-5.1993376,-1.2339616,-1.3432866,-1.505747,2.1440107,-5.1993376,0.25360621,5.1993376,-5.1993376,1.0685216,-1.1694007,0.85167519,1.5843543
2887,-5.1993376,-1.2529876,0.55253687,0.17400458,0.40471681,-5.1993376,0.25360621,-5.1993376,-5.1993376,0.48930663,-1.1694007,-1.0230033,-5.1993376
2888,0.51349142,0.87719565,2.0965206,1.7055704,-0.83733836,-0.1422445,1.2447784,-5.1993376,-5.1993376,0.37628274,-0.21363612,0.29922973,0.49213682
2889,1.0230033,2.3652476,-0.7315153,-0.98357337,-1.6299924,0.29660674,1.761948,5.1993376,-5.1993376,-0.45564031,0.18547963,0.71036555,1.0185761
2890,-5.1993376,-0.52066149,-1.1644437,-0.13591068,0.63946185,-0.1422445,-0.67055744,5.1993376,-5.1993376,1.4941549,-0.60746322,0.98561042,-5.1993376
2891,-5.1993376,0.087932998,0.55253687,-0.13591068,0.63946185,-0.1422445,-0.67055744,-5.1993376,5.1993376,-0.28744217,-1.1694007,-0.17527843,1.1197397
2892,-5.1993376,1.0887225,-0.1422445,0.13337869,-1.3219458,-5.1993376,0.25360621,5.1993376,-5.1993376,-0.65804298,0.69910809,-1.4678604,-5.1993376
2893,0.51349142,0.75466427,-0.7315153,-1.144896,-0.26398459,-0.1422445,1.2447784,5.1993376,-5.1993376,0.0062728847,0.18547963,1.1140325,1.2430568
2894,1.0230033,0.87719565,0.2239158,0.21235277,-1.3219458,0.87535389,0.25360621,5.1993376,5.1993376,0.22262957,-0.21363612,0.58052362,0.21363612
2895,1.4181186,-0.9165865,-0.43348197,-0.66428721,1.6022103,2.7474533,-1.7986626,5.1993376,5.1993376,-0.17018472,-1.1694007,1.3494976,-5.1993376
2896,-5.1993376,-5.1993376,-1.1644437,-2.5423492,1.0955557,-5.1993376,0.25360621,-5.1993376,5.1993376,-0.55985906,-1.1694007,-1.0230033,-5.1993376
2897,-5.1993376,-0.77822491,-0.1422445,0.21235277,-1.3219458,-5.1993376,0.25360621,5.1993376,-5.1993376,-0.65804298,0.69910809,0.85167519,0.70442074
2898,0.51349142,0.42385485,-0.43348197,-0.34149266,1.2023467,-0.1422445,1.2447784,5.1993376,5.1993376,2.330136,-0.60746322,1.1140325,-5.1993376
2899,0.51349142,0.41563423,0.55253687,-0.56279634,-1.8658521,-0.1422445,1.2447784,5.1993376,5.1993376,0.45842568,2.1196682,-1.6691125,1.5147396
2900,-5.1993376,-0.085414417,-0.7315153,-0.23808933,-0.26398459,-5.1993376,0.25360621,-5.1993376,-5.1993376,-0.92233022,0.69910809,-2.1079532,-5.1993376
2901,-5.1993376,-0.15365993,-0.1422445,-2.2730524,1.3684503,-5.1993376,0.25360621,5.1993376,-5.1993376,1.7444475,-0.21363612,0.45146888,-5.1993376
2902,-5.1993376,-0.18931001,-0.1422445,-1.144896,1.3684503,-5.1993376,0.25360621,5.1993376,5.1993376,-5.1993376,-1.1694007,1.9858764,-5.1993376
2903,0.51349142,0.15873981,0.11820414,0.68001258,0.30448193,1.5843543,-1.5215251,-5.1993376,5.1993376,0.40471681,-0.60746322,-0.17527843,0.71659846
2904,-5.1993376,1.7679033,-0.7315153,-0.29005812,-1.3219458,0.87535389,-1.7986626,5.1993376,-5.1993376,-0.36017172,0.18547963,0.14858402,-5.1993376
2905,-5.1993376,-0.21491982,0.2239158,0.092971849,-0.26398459,-5.1993376,0.25360621,-5.1993376,-5.1993376,1.3912021,-0.21363612,0.45146888,1.0741446
2906,0.51349142,1.1497418,-1.1644437,-0.29005812,-0.26398459,-0.1422445,1.2447784,5.1993376,-5.1993376,-0.55985906,0.18547963,0.45146888,-5.1993376
2907,1.0230033,0.10557959,-0.43348197,0.54088248,0.17400458,0.87535389,0.25360621,5.1993376,-5.1993376,0.06025574,-0.21363612,-0.79704409,1.5215251
2908,-5.1993376,-0.18165198,0.91087287,1.123415,-0.26398459,0.29660674,-1.1768904,5.1993376,5.1993376,0.75800423,-0.21363612,2.1968939,-5.1993376
2909,0.51349142,1.1187114,-0.1422445,-1.2529876,0.63946185,1.0774455,-0.98765156,5.1993376,-5.1993376,1.2753025,0.18547963,-0.17527843,1.5843543
2910,-5.1993376,0.14731565,-0.1422445,-1.8179677,2.1440107,1.7444475,-2.651732,-5.1993376,5.1993376,-0.28744217,-1.1694007,1.1140325,-5.1993376
2911,0.51349142,0.94169982,-5.1993376,-1.144896,-0.69112102,0.29660674,0.25360621,5.1993376,5.1993376,-0.65804298,0.18547963,-0.001254569,0.6275672
2912,1.4181186,1.2724784,0.55253687,0.54088248,0.30448193,1.4354772,-0.28091085,5.1993376,5.1993376,0.37628274,0.18547963,0.45146888,-5.1993376
2913,-5.1993376,-1.1140325,-0.7315153,-0.6150245,-2.0431151,-5.1993376,0.25360621,5.1993376,-5.1993376,1.0978448,0.69910809,-0.36553148,1.2490266
2914,0.51349142,0.48789301,-0.1422445,-0.50492201,0.087932998,-0.1422445,1.2447784,5.1993376,5.1993376,-0.92233022,-1.1694007,-0.57311539,-5.1993376
2915,1.0230033,0.080378865,-0.1422445,0.88088812,-0.26398459,0.62109893,0.96142934,5.1993376,5.1993376,0.40471681,-0.21363612,0.45146888,-5.1993376
2916,0.51349142,0.94169982,-0.7315153,-0.23808933,-0.83733836,-0.1422445,1.2447784,5.1993376,5.1993376,0.82846465,0.69910809,0.29922973,1.0141459
2917,-5.1993376,1.6949227,0.55253687,0.88088812,-2.6965111,-0.1422445,-0.67055744,-5.1993376,-5.1993376,2.0896511,2.1196682,0.71036555,0.9127741
2918,2.1079532,0.26138737,-0.7315153,-0.66428721,0.63946185,1.5843543,0.96142934,5.1993376,-5.1993376,-0.78332986,-0.21363612,0.58052362,-5.1993376
2919,-5.1993376,0.66741904,-5.1993376,-0.77822491,0.63946185,0.62109893,-1.5215251,5.1993376,-5.1993376,0.10810309,0.18547963,-2.1079532,0.23783121
2920,-5.1993376,-0.32557657,0.2239158,0.43900121,2.1440107,0.87535389,-1.7986626,-5.1993376,-5.1993376,-0.45564031,-0.60746322,0.98561042,-5.1993376
2921,-5.1993376,-0.92810452,-1.1644437,-0.50492201,-2.0431151,-5.1993376,0.25360621,5.1993376,5.1993376,-0.28744217,0.69910809,-1.4678604,-5.1993376
2922,-5.1993376,-0.56132709,-0.7315153,-0.50492201,0.63946185,-5.1993376,0.25360621,5.1993376,-5.1993376,-0.36017172,-0.60746322,0.29922973,-5.1993376
2923,-5.1993376,1.7679033,0.91087287,0.95151828,0.97546566,-0.1422445,-0.67055744,5.1993376,-5.1993376,-0.78332986,0.18547963,0.45146888,-5.1993376
2924,1.0230033,-0.56868553,0.2239158,0.25360621,0.17400458,0.29660674,1.761948,5.1993376,5.1993376,-0.55985906,-0.60746322,0.71036555,-5.1993376
2925,0.51349142,-1.8425227,0.2239158,-0.44869228,1.3684503,1.0774455,-0.98765156,-5.1993376,-5.1993376,0.14858402,-1.1694007,1.2339616,1.3851083
2926,1.7679033,0.27699782,-1.1644437,-0.66428721,-0.26398459,0.87535389,2.5423492,5.1993376,5.1993376,0.45842568,-0.60746322,-0.79704409,-5.1993376
2927,-5.1993376,2.5423492,0.55253687,0.61199579,-0.26398459,-0.1422445,-0.67055744,-5.1993376,5.1993376,-0.65804298,0.18547963,1.1140325,-5.1993376
2928,1.0230033,-0.12705243,0.55253687,0.8196557,-0.97143575,0.62109893,0.96142934,-5.1993376,-5.1993376,-0.78332986,0.69910809,-1.4678604,0.88088812
2929,1.0230033,-2.2286301,-0.1422445,-1.144896,0.63946185,1.4354772,-0.67055744,5.1993376,-5.1993376,0.06025574,-5.1993376,1.2339616,0.40199502
2930,-5.1993376,0.046435725,0.2239158,0.88088812,0.17400458,-0.1422445,-0.67055744,5.1993376,-5.1993376,-0.55985906,-0.21363612,0.98561042,-5.1993376
2931,-5.1993376,-0.42660141,0.99791966,1.1794018,-0.69112102,-5.1993376,0.25360621,-5.1993376,-5.1993376,0.51635627,2.1196682,-0.79704409,1.6243367
2932,-5.1993376,-1.8517338,-0.1422445,-1.144896,1.2023467,0.87535389,-1.7986626,-5.1993376,5.1993376,0.60897269,-1.1694007,-0.001254569,-5.1993376
2933,-5.1993376,0.035135151,-0.1422445,-0.13591068,-2.0431151,-0.1422445,-0.67055744,-5.1993376,-5.1993376,0.45842568,2.1196682,-1.873053,0.6275672
2934,-5.1993376,1.6022103,-0.7315153,-0.56279634,0.17400458,-5.1993376,0.25360621,5.1993376,-5.1993376,-5.1993376,0.69910809,-1.0230033,-5.1993376
2935,-5.1993376,0.26138737,-0.1422445,-0.66428721,0.087932998,1.0774455,-1.994971,5.1993376,5.1993376,0.06025574,-1.1694007,0.14858402,-5.1993376
2936,1.4181186,-0.42660141,-5.1993376,-2.1316816,-0.26398459,1.2612822,0.25360621,5.1993376,5.1993376,-0.28744217,0.69910809,-1.0230033,-5.1993376
2937,-5.1993376,-1.1140325,-0.7315153,-0.23808933,-0.26398459,-0.1422445,-0.67055744,5.1993376,-5.1993376,1.8379752,1.3781138,-0.57311539,-5.1993376
2938,-5.1993376,-0.70392179,-0.1422445,0.13337869,0.63946185,-5.1993376,0.25360621,5.1993376,-5.1993376,-0.55985906,1.3781138,1.8952593,0.32028968
2939,-5.1993376,1.5135889,0.55253687,0.092971849,-0.26398459,-5.1993376,0.25360621,5.1993376,-5.1993376,-0.92233022,0.69910809,2.3076067,0.40199502
2940,0.51349142,-0.32557657,-0.7315153,0.0062728847,-0.83733836,0.29660674,0.25360621,5.1993376,-5.1993376,1.7861556,1.3781138,0.29922973,-5.1993376
2941,-5.1993376,0.44314942,1.0841952,-0.6150245,1.3684503,-5.1993376,0.25360621,5.1993376,5.1993376,1.2982711,-0.21363612,0.85167519,-5.1993376
2942,1.0230033,-0.69750712,0.55253687,0.57607489,-0.26398459,1.2612822,-0.42385485,-5.1993376,-5.1993376,1.7208181,-1.1694007,0.98561042,-5.1993376
2943,-5.1993376,-0.58498388,-5.1993376,-0.83912102,0.63946185,-5.1993376,0.25360621,5.1993376,5.1993376,-5.1993376,-1.1694007,0.71036555,-5.1993376
2944,-5.1993376,-1.1768904,0.55253687,0.13337869,0.63946185,-5.1993376,0.25360621,5.1993376,5.1993376,0.14858402,0.69910809,1.3494976,-5.1993376
2945,1.4181186,0.73315571,-5.1993376,-1.3684503,-1.6299924,0.62109893,2.1696941,5.1993376,-5.1993376,0.10810309,0.18547963,-0.79704409,-5.1993376
2946,-5.1993376,-0.42660141,-1.1644437,-0.90518882,0.63946185,-5.1993376,0.25360621,5.1993376,5.1993376,-0.92233022,1.3781138,-0.17527843,-5.1993376
2947,-5.1993376,-0.11820414,-5.1993376,-1.059682,0.63946185,-5.1993376,0.25360621,5.1993376,5.1993376,1.8952593,1.3781138,-2.4320167,0.97695576
2948,0.51349142,-5.1993376,0.11820414,-1.144896,2.1440107,1.7444475,-1.6896701,5.1993376,5.1993376,-0.65804298,-1.1694007,-1.2502419,-5.1993376
2949,-5.1993376,0.70714,0.55253687,-0.23808933,-0.26398459,-0.1422445,-0.67055744,-5.1993376,5.1993376,-0.28744217,-1.1694007,0.14858402,1.1001397
2950,-5.1993376,-0.24454752,-1.1644437,-0.72008693,2.1440107,1.5843543,-2.5423492,5.1993376,5.1993376,1.5376912,-1.1694007,1.3494976,1.3526228
2951,0.51349142,-1.9264032,-0.1422445,-1.3684503,2.7474533,0.29660674,0.25360621,5.1993376,5.1993376,0.40471681,-5.1993376,-0.36553148,-5.1993376
2952,-5.1993376,0.17655256,0.55253687,-0.089192496,0.63946185,-0.1422445,-0.67055744,-5.1993376,5.1993376,-0.92233022,-0.60746322,-1.0230033,-5.1993376
2953,-5.1993376,-1.6101296,0.55253687,1.2366522,-0.26398459,-0.1422445,-0.67055744,-5.1993376,-5.1993376,-0.78332986,-0.21363612,-1.4678604,0.98765156
2954,2.1079532,-0.42660141,-0.7315153,0.47100434,0.30448193,1.4354772,1.2447784,5.1993376,5.1993376,1.4941549,-0.60746322,0.98561042,0.74982631
2955,-5.1993376,0.30185479,-0.7315153,-0.13591068,2.1440107,0.62109893,-1.5215251,5.1993376,-5.1993376,-0.78332986,-1.1694007,-1.6691125,-5.1993376
2956,-5.1993376,-0.42660141,-0.7315153,-0.6150245,-1.3219458,-5.1993376,0.25360621,5.1993376,-5.1993376,0.22262957,0.69910809,-1.0230033,-5.1993376
2957,-5.1993376,-0.62414474,-0.7315153,-0.50492201,-1.3219458,-5.1993376,0.25360621,5.1993376,-5.1993376,0.22262957,0.69910809,-1.2502419,-5.1993376
2958,0.51349142,-0.0050182959,-0.7315153,0.05146002,-0.26398459,-0.1422445,1.2447784,5.1993376,-5.1993376,-0.92233022,-0.60746322,-0.17527843,-5.1993376
2959,-5.1993376,-0.36017172,-0.1422445,0.50492201,-0.26398459,-0.1422445,-0.67055744,5.1993376,-5.1993376,-0.55985906,-0.60746322,0.58052362,1.5843543
2960,0.51349142,-0.83200627,-0.1422445,0.64872442,0.63946185,-0.1422445,1.2447784,5.1993376,5.1993376,0.56132709,-0.60746322,0.29922973,-5.1993376
2961,-5.1993376,0.22648938,0.2239158,-0.34149266,1.8379752,0.62109893,-1.5215251,-5.1993376,5.1993376,-0.78332986,-1.1694007,0.45146888,-5.1993376
2962,0.51349142,0.90330062,2.4320167,1.4181186,-2.0431151,-0.1422445,1.2447784,-5.1993376,-5.1993376,1.9682216,2.1196682,0.71036555,1.4699164
2963,-5.1993376,1.0552931,1.649237,0.75299744,-0.83733836,-5.1993376,0.25360621,5.1993376,-5.1993376,-0.28744217,-1.1694007,-0.001254569,0.49213682
2964,1.4181186,-1.7877537,-0.7315153,-1.2529876,0.63946185,2.5754833,-1.6896701,5.1993376,5.1993376,-5.1993376,-1.1694007,0.71036555,-5.1993376
2965,-5.1993376,-0.13591068,0.55253687,0.36821529,0.97546566,-5.1993376,0.25360621,5.1993376,-5.1993376,2.1440107,-0.21363612,1.2339616,-5.1993376
2966,1.4181186,-0.058998939,0.31764959,0.50492201,-0.26398459,0.62109893,2.1696941,5.1993376,-5.1993376,0.81440074,1.3781138,-0.36553148,-5.1993376
2967,-5.1993376,0.14731565,1.401177,0.36821529,-0.26398459,-0.1422445,-0.67055744,5.1993376,-5.1993376,-0.55985906,-0.60746322,1.464186,1.0803193
2968,1.7679033,-5.1993376,-0.7315153,-1.6590928,2.1440107,2.1696941,-0.67055744,5.1993376,5.1993376,-5.1993376,-1.1694007,-0.36553148,-5.1993376
2969,-5.1993376,-0.93585209,1.2640664,0.88088812,0.087932998,-5.1993376,0.25360621,5.1993376,5.1993376,0.0062728847,-1.1694007,-0.001254569,-5.1993376
2970,-5.1993376,-0.33617787,-0.1422445,0.0062728847,0.97546566,-5.1993376,0.25360621,5.1993376,5.1993376,-0.11441489,-0.21363612,-1.0230033,-5.1993376
2971,-5.1993376,0.74635093,-0.7315153,-0.23808933,-0.83733836,-0.1422445,-0.67055744,-5.1993376,-5.1993376,0.84090635,2.1196682,-0.57311539,1.1292839
2972,-5.1993376,-0.085414417,-0.7315153,0.05146002,0.63946185,-5.1993376,0.25360621,-5.1993376,5.1993376,-0.65804298,1.3781138,-1.6691125,-5.1993376
2973,1.0230033,0.57607489,-0.1422445,-0.6150245,-1.3219458,0.62109893,0.96142934,5.1993376,-5.1993376,-0.65804298,-0.21363612,0.45146888,-5.1993376
2974,-5.1993376,-0.49213682,-5.1993376,-0.98357337,-2.3863399,0.29660674,-1.1768904,5.1993376,5.1993376,0.10810309,0.69910809,-1.0230033,0.18176131
2975,-5.1993376,0.10557959,-5.1993376,-0.98357337,-0.26398459,-5.1993376,0.25360621,5.1993376,5.1993376,-0.053972647,0.18547963,0.85167519,-5.1993376
2976,1.4181186,0.64254324,0.55253687,1.3879077,-0.26398459,0.62109893,2.1696941,5.1993376,5.1993376,0.93779777,0.18547963,0.29922973,0.6775649
2977,-5.1993376,-1.7829457,-5.1993376,-1.8179677,2.1440107,1.5843543,-2.5423492,5.1993376,5.1993376,-1.0552931,-1.1694007,1.3494976,-5.1993376
2978,-5.1993376,1.2724784,0.55253687,0.092971849,-1.3219458,-5.1993376,0.25360621,5.1993376,5.1993376,-0.65804298,0.69910809,0.71036555,-5.1993376
2979,0.51349142,0.26138737,-0.1422445,0.17400458,-0.26398459,-0.1422445,1.2447784,5.1993376,5.1993376,1.5295582,1.3781138,-1.6691125,-5.1993376
2980,-5.1993376,0.18803291,-0.7315153,-0.83912102,0.63946185,-0.1422445,-0.67055744,5.1993376,5.1993376,-0.28744217,0.69910809,-1.0230033,0.40199502
2981,0.51349142,2.2111272,1.649237,0.64872442,1.3684503,0.29660674,0.25360621,5.1993376,-5.1993376,1.5459273,-0.60746322,0.98561042,0.61957818
2982,0.51349142,-0.8589096,1.4354772,-0.041412601,-0.26398459,0.29660674,0.25360621,-5.1993376,-5.1993376,-0.28744217,-1.1694007,2.1968939,1.6615767
2983,0.51349142,0.82493339,0.2239158,0.54088248,-1.3219458,0.62109893,-0.36687305,-5.1993376,5.1993376,1.1328976,1.3781138,2.1968939,-5.1993376
2984,1.0230033,2.3652476,2.4320167,1.0909946,-1.7219141,0.62109893,0.96142934,5.1993376,-5.1993376,1.4827602,0.69910809,1.6590928,1.7458424
2985,-5.1993376,0.69910809,0.55253687,0.88088812,-1.7219141,-5.1993376,0.25360621,5.1993376,-5.1993376,0.26658359,1.3781138,0.98561042,0.70336769
2986,0.51349142,-0.55253687,0.2239158,0.68001258,0.97546566,-0.1422445,1.2447784,5.1993376,5.1993376,-0.78332986,-0.60746322,0.29922973,-5.1993376
2987,1.4181186,1.1117021,2.0965206,2.4085504,-0.26398459,1.9858764,-0.95151828,-5.1993376,-5.1993376,1.1669186,-0.21363612,-0.57311539,0.61957818
2988,0.51349142,1.4112933,-0.7315153,-0.98357337,-0.26398459,0.87535389,-0.67055744,5.1993376,5.1993376,-0.053972647,0.18547963,0.29922973,0.47474561
2989,1.4181186,-0.07534535,-0.7315153,0.05146002,-0.26398459,0.87535389,1.2447784,5.1993376,-5.1993376,0.7413876,-0.60746322,0.45146888,1.5069285
2990,-5.1993376,1.5712865,-1.1644437,-0.98357337,0.63946185,0.62109893,-1.5215251,5.1993376,5.1993376,-5.1993376,-1.1694007,-0.79704409,-5.1993376
2991,-5.1993376,0.25101592,0.55253687,1.1794018,-0.26398459,-5.1993376,0.25360621,5.1993376,5.1993376,-0.55985906,0.69910809,0.29922973,-5.1993376
2992,-5.1993376,0.61805886,0.55253687,0.32954771,-0.69112102,-5.1993376,0.25360621,5.1993376,5.1993376,-0.65804298,-0.21363612,-0.36553148,-5.1993376
2993,-5.1993376,1.9668103,-0.7315153,-1.2529876,0.97546566,-5.1993376,0.25360621,5.1993376,5.1993376,-5.1993376,-5.1993376,3.1556149,-5.1993376
2994,1.4181186,-1.0336468,-5.1993376,-0.90518882,-1.3219458,1.0774455,0.89765526,5.1993376,-5.1993376,0.8570968,0.69910809,1.1140325,-5.1993376
2995,-5.1993376,-0.63025382,-0.1422445,-0.13591068,-1.3219458,0.29660674,-1.1768904,5.1993376,-5.1993376,-0.65804298,0.69910809,-1.6691125,-5.1993376
2996,-5.1993376,0.46400712,-0.1422445,-0.29005812,0.087932998,-5.1993376,0.25360621,5.1993376,-5.1993376,0.22262957,0.69910809,-1.0230033,0.39290257
2997,1.4181186,0.17655256,1.0841952,0.95151828,0.63946185,1.4354772,-0.28091085,5.1993376,5.1993376,0.0062728847,0.69910809,0.29922973,0.51177454
2998,-5.1993376,0.8109099,1.0841952,1.4568958,-0.26398459,-5.1993376,0.25360621,-5.1993376,-5.1993376,0.14858402,0.18547963,-0.79704409,-5.1993376
2999,-5.1993376,1.3070634,-0.1422445,0.43900121,0.30448193,0.62109893,-1.5215251,5.1993376,5.1993376,-0.65804298,0.18547963,-1.0230033,-5.1993376
3000,1.0230033,-0.42660141,-0.7315153,-0.72008693,0.63946185,0.29660674,1.761948,5.1993376,-5.1993376,1.1743865,0.69910809,-0.17527843,0.6314717
3001,-5.1993376,-0.2239158,-1.3159579,-1.9858764,0.63946185,-0.1422445,-0.67055744,5.1993376,5.1993376,-5.1993376,-5.1993376,-0.17527843,0.15463502
3002,-5.1993376,-0.42660141,-5.1993376,-1.144896,-0.83733836,-0.1422445,-0.67055744,5.1993376,5.1993376,0.7413876,0.69910809,-1.2502419,-5.1993376
3003,0.51349142,-1.634747,-0.1422445,-0.72008693,1.2023467,-0.1422445,1.2447784,5.1993376,5.1993376,1.3189459,-1.1694007,-0.001254569,2.6151308
3004,-5.1993376,-1.634747,-0.7315153,-1.144896,2.1440107,-0.1422445,-0.67055744,5.1993376,5.1993376,0.0062728847,-1.1694007,0.71036555,-5.1993376
3005,-5.1993376,-0.24454752,-1.1644437,-0.72008693,0.63946185,-5.1993376,0.25360621,5.1993376,-5.1993376,-5.1993376,1.3781138,-0.001254569,0.38933002
3006,-5.1993376,0.51349142,0.91087287,1.0230033,-0.97143575,-5.1993376,0.25360621,5.1993376,-5.1993376,-0.45564031,-0.21363612,-0.17527843,0.52024757
3007,0.51349142,-0.94561627,-0.1422445,-0.39384742,0.40471681,-0.1422445,1.2447784,5.1993376,5.1993376,-0.45564031,0.69910809,-0.57311539,-5.1993376
3008,-5.1993376,-2.1502633,0.2239158,-1.505747,1.6022103,-5.1993376,0.25360621,-5.1993376,5.1993376,-5.1993376,-5.1993376,0.85167519,-5.1993376
3009,-5.1993376,0.83912102,1.372944,1.057485,0.17400458,0.62109893,-1.5215251,-5.1993376,-5.1993376,0.8570968,0.69910809,-0.001254569,1.5538636
3010,1.4181186,0.41563423,1.2640664,1.5627215,-0.26398459,1.0774455,0.89765526,5.1993376,-5.1993376,-0.45564031,-0.21363612,0.29922973,0.25231085
3011,2.483413,-0.52066149,0.91087287,0.0062728847,-0.69112102,1.7444475,1.0315088,5.1993376,5.1993376,0.68159434,0.69910809,0.14858402,0.84366912
3012,-5.1993376,2.2743805,-0.43348197,0.13337869,-1.3219458,0.29660674,-1.1768904,5.1993376,5.1993376,-0.28744217,0.18547963,-0.79704409,0.720629
3013,0.51349142,0.52930109,-0.1422445,0.05146002,0.63946185,0.29660674,0.25360621,5.1993376,5.1993376,-0.65804298,-0.60746322,-0.57311539,-5.1993376
3014,-5.1993376,-0.095492152,-5.1993376,-0.56279634,0.63946185,0.29660674,-1.1768904,5.1993376,5.1993376,-5.1993376,-0.60746322,-0.001254569,-5.1993376
3015,-5.1993376,-0.79532164,-0.7315153,-0.39384742,1.3684503,-0.1422445,-0.67055744,5.1993376,-5.1993376,2.2358944,-1.1694007,1.2339616,-5.1993376
3016,-5.1993376,-0.65337661,-0.7315153,-0.66428721,-0.26398459,-5.1993376,0.25360621,5.1993376,-5.1993376,-0.55985906,0.69910809,-0.17527843,-5.1993376
3017,-5.1993376,-0.85167519,-0.1422445,-0.18547963,-0.69112102,-5.1993376,0.25360621,-5.1993376,-5.1993376,0.29791798,0.69910809,-1.0230033,-5.1993376
3018,1.0230033,-0.25490199,-0.1422445,-0.90518882,0.63946185,1.9858764,-1.3716572,5.1993376,-5.1993376,-0.28744217,-1.1694007,0.58052362,-5.1993376
3019,-5.1993376,-1.2640664,-0.1422445,0.29267606,-2.0431151,0.29660674,-1.1768904,5.1993376,-5.1993376,-0.36017172,0.69910809,1.464186,-5.1993376
3020,1.4181186,-0.69112102,-0.7315153,-0.34149266,2.1440107,1.0774455,0.89765526,-5.1993376,-5.1993376,0.7413876,-1.1694007,-1.0230033,-5.1993376
3021,-5.1993376,0.27699782,-0.43348197,-2.5423492,1.6022103,-5.1993376,0.25360621,5.1993376,5.1993376,-0.92233022,-0.60746322,-0.36553148,-5.1993376
3022,-5.1993376,0.33485067,1.649237,0.29267606,-1.3219458,1.7444475,-2.651732,-5.1993376,-5.1993376,0.56132709,-0.21363612,0.29922973,-5.1993376
3023,1.4181186,-0.28482819,-0.7315153,-0.77822491,-1.3219458,1.0774455,0.89765526,5.1993376,-5.1993376,1.2259427,0.69910809,-0.17527843,1.8516173
3024,1.0230033,-0.11062728,-0.43348197,0.0062728847,1.3684503,0.62109893,0.96142934,5.1993376,-5.1993376,0.79360155,-0.21363612,0.45146888,0.61957818
3025,1.4181186,1.0444088,1.649237,1.358913,-0.26398459,0.62109893,2.1696941,5.1993376,5.1993376,0.953493,-0.21363612,1.464186,1.314781
3026,-5.1993376,0.072829316,1.3620783,1.8245559,-0.26398459,-5.1993376,0.25360621,5.1993376,5.1993376,-5.1993376,-0.21363612,-0.57311539,-5.1993376
3027,0.51349142,1.0962016,-5.1993376,-0.98357337,0.63946185,0.62109893,-0.36687305,5.1993376,5.1993376,-0.053972647,-0.60746322,-0.36553148,-5.1993376
3028,-5.1993376,0.70714,1.0841952,1.4181186,-1.3219458,-0.1422445,-0.67055744,5.1993376,-5.1993376,-0.92233022,-0.21363612,-0.17527843,-5.1993376
3029,-5.1993376,-1.5097242,-5.1993376,-0.6150245,1.3684503,-0.1422445,-0.67055744,5.1993376,-5.1993376,1.8517338,-0.60746322,0.98561042,-5.1993376
3030,-5.1993376,0.27699782,1.3620783,1.358913,-1.7219141,0.29660674,-1.1768904,5.1993376,-5.1993376,0.26658359,2.1196682,-0.79704409,1.8287206
3031,-5.1993376,-0.56868553,-0.1422445,0.0062728847,-0.26398459,-5.1993376,0.25360621,5.1993376,5.1993376,-5.1993376,0.69910809,-0.36553148,-5.1993376
3032,-5.1993376,-0.36017172,-0.48648036,-1.144896,0.63946185,-5.1993376,0.25360621,5.1993376,5.1993376,-5.1993376,0.69910809,-0.17527843,-5.1993376
3033,-5.1993376,-0.78162595,0.91087287,2.0965206,-0.26398459,0.62109893,-1.5215251,-5.1993376,-5.1993376,0.8570968,-0.21363612,0.14858402,0.86951537
3034,-5.1993376,-0.15365993,-0.1422445,0.50492201,0.63946185,0.62109893,-1.5215251,5.1993376,5.1993376,0.60897269,-0.60746322,-0.001254569,0.14626192
3035,1.0230033,-0.49213682,-0.7315153,-0.29005812,-0.69112102,0.62109893,0.96142934,5.1993376,-5.1993376,-0.45564031,2.1196682,0.71036555,0.22713301
3036,0.51349142,-1.4496823,0.55253687,-0.29005812,-0.26398459,0.87535389,-0.67055744,5.1993376,-5.1993376,-0.45564031,-1.1694007,0.14858402,0.82317161
3037,-5.1993376,0.88644946,0.55253687,-0.6150245,-0.97143575,-5.1993376,0.25360621,5.1993376,5.1993376,0.324254,-0.21363612,0.85167519,0.75176752
3038,-5.1993376,0.40335554,0.2239158,-2.2730524,1.3684503,-5.1993376,0.25360621,5.1993376,5.1993376,-5.1993376,-0.60746322,-1.0230033,-5.1993376
3039,0.51349142,-1.3219458,-0.7315153,-1.6590928,0.63946185,0.87535389,-0.67055744,-5.1993376,-5.1993376,0.14858402,-1.1694007,0.29922973,1.3716572
3040,-5.1993376,-0.42660141,0.2239158,0.13337869,-0.26398459,-5.1993376,0.25360621,5.1993376,-5.1993376,-0.22648938,0.69910809,-1.0230033,0.34948301
3041,2.483413,-0.10305677,-0.7315153,-0.18547963,0.63946185,1.7444475,1.0315088,5.1993376,5.1993376,1.2668604,-0.60746322,0.14858402,0.15144041
3042,1.0230033,1.873053,-0.43348197,0.21235277,-0.26398459,0.29660674,1.761948,5.1993376,5.1993376,-5.1993376,0.18547963,-0.79704409,-5.1993376
3043,-5.1993376,1.3249577,0.55253687,0.54088248,0.40471681,-5.1993376,0.25360621,-5.1993376,-5.1993376,0.34948301,-0.21363612,-0.36553148,0.39218218
3044,0.51349142,0.26138737,-0.7315153,-0.83912102,-0.26398459,0.62109893,-0.36687305,5.1993376,-5.1993376,-0.65804298,-0.21363612,-0.36553148,-5.1993376
3045,1.0230033,0.69590794,-0.7315153,-0.089192496,-0.26398459,0.29660674,1.761948,5.1993376,5.1993376,-5.1993376,-0.21363612,-0.79704409,-5.1993376
3046,-5.1993376,-0.42660141,0.55253687,0.8196557,-0.26398459,-5.1993376,0.25360621,5.1993376,-5.1993376,-0.78332986,0.69910809,-0.36553148,0.3628503
3047,-5.1993376,-0.24454752,0.2239158,1.4181186,0.17400458,0.87535389,-1.7986626,5.1993376,-5.1993376,-0.28744217,-0.21363612,-0.001254569,0.32028968
3048,-5.1993376,0.16636735,-0.7315153,-0.56279634,1.3684503,-5.1993376,0.25360621,-5.1993376,-5.1993376,0.75800423,-0.21363612,0.29922973,-5.1993376
3049,-5.1993376,0.29005812,-0.1422445,0.61199579,-0.97143575,-5.1993376,0.25360621,5.1993376,-5.1993376,0.53653104,0.69910809,0.45146888,-5.1993376
3050,-5.1993376,-1.4250105,-0.7315153,-0.29005812,-0.26398459,-0.1422445,-0.67055744,5.1993376,5.1993376,0.29791798,1.3781138,-0.36553148,-5.1993376
3051,-5.1993376,-0.42660141,-0.7315153,-0.089192496,-0.97143575,-5.1993376,0.25360621,5.1993376,5.1993376,0.45842568,1.3781138,-1.2502419,-5.1993376
3052,1.4181186,-0.2239158,0.11820414,-0.66428721,0.087932998,0.87535389,1.2447784,-5.1993376,-5.1993376,0.81440074,-0.21363612,-0.57311539,0.75955326
3053,0.51349142,-0.97143575,0.11820414,0.50492201,-0.97143575,0.29660674,0.25360621,5.1993376,-5.1993376,0.18165198,1.3781138,1.2339616,0.65982597
3054,-5.1993376,-0.78162595,-0.7315153,-0.56279634,-0.69112102,0.62109893,-1.5215251,5.1993376,5.1993376,-0.78332986,-1.1694007,-1.0230033,-5.1993376
3055,-5.1993376,-1.1140325,0.2239158,0.40607882,-0.26398459,-5.1993376,0.25360621,5.1993376,-5.1993376,-0.78332986,0.69910809,1.7560546,0.3637928
3056,1.4181186,1.1768904,-0.1422445,0.36821529,0.30448193,1.7444475,-0.43762015,-5.1993376,-5.1993376,0.06025574,-0.60746322,-0.57311539,1.1072087
3057,-5.1993376,1.9264032,-0.1422445,0.21235277,-1.3219458,-5.1993376,0.25360621,5.1993376,5.1993376,0.26658359,0.69910809,0.14858402,-5.1993376
3058,-5.1993376,-0.34415366,-5.1993376,-0.72008693,-1.7219141,-0.1422445,-0.67055744,5.1993376,5.1993376,-5.1993376,2.1196682,-0.36553148,-5.1993376
3059,-5.1993376,-0.11820414,-0.1422445,-0.18547963,0.63946185,-5.1993376,0.25360621,5.1993376,-5.1993376,1.337127,0.69910809,0.29922973,-5.1993376
3060,2.483413,-0.72660581,-0.7315153,0.25360621,-0.26398459,2.5754833,-0.94561627,5.1993376,5.1993376,1.1400769,-0.21363612,0.29922973,-5.1993376
3061,1.7679033,1.505747,0.91087287,1.2366522,0.17400458,1.9858764,-0.41426686,5.1993376,-5.1993376,0.26658359,0.18547963,-0.57311539,1.552396
3062,0.51349142,1.4250105,0.55253687,1.3249577,-1.0819398,-0.1422445,1.2447784,5.1993376,-5.1993376,1.2393519,2.1196682,1.2339616,1.608697
3063,0.51349142,0.22648938,0.2239158,0.21235277,-0.83733836,0.29660674,0.25360621,5.1993376,-5.1993376,0.40471681,0.18547963,0.85167519,0.52930109
3064,0.51349142,-0.028859086,-0.39249204,-0.29005812,-0.26398459,-0.1422445,1.2447784,5.1993376,-5.1993376,-0.22648938,0.69910809,-0.57311539,-5.1993376
3065,0.51349142,-0.20081806,-5.1993376,0.0062728847,-0.26398459,0.29660674,0.25360621,5.1993376,5.1993376,0.68159434,-0.21363612,-0.17527843,-5.1993376
3066,-5.1993376,-0.3521514,-0.1422445,-0.66428721,0.30448193,-0.1422445,-0.67055744,5.1993376,5.1993376,0.8570968,-0.21363612,1.3494976,-5.1993376
3067,-5.1993376,1.1352842,0.55253687,0.13337869,0.63946185,-5.1993376,0.25360621,-5.1993376,-5.1993376,-5.1993376,0.69910809,-1.2502419,-5.1993376
3068,0.51349142,1.1352842,0.55253687,0.88088812,-0.26398459,-0.1422445,1.2447784,5.1993376,5.1993376,-0.55985906,0.69910809,0.14858402,-5.1993376
3069,0.51349142,-0.82317161,-0.43348197,0.17400458,0.97546566,0.87535389,-0.67055744,5.1993376,-5.1993376,-0.78332986,-0.60746322,0.14858402,0.69363716
3070,-5.1993376,-0.67527746,-0.43348197,0.29267606,0.63946185,-0.1422445,-0.67055744,5.1993376,5.1993376,-0.11441489,-0.60746322,0.14858402,-5.1993376
3071,-5.1993376,0.046435725,0.55253687,0.32954771,0.30448193,1.0774455,-1.994971,-5.1993376,-5.1993376,0.79360155,-0.60746322,-0.79704409,0.67805411
3072,1.0230033,-0.49922964,0.55253687,0.64872442,-0.97143575,1.2612822,-0.42385485,5.1993376,-5.1993376,0.68159434,-1.1694007,0.98561042,1.1352842
3073,1.0230033,-0.046435725,1.2640664,1.6640817,-0.26398459,0.87535389,0.25360621,-5.1993376,-5.1993376,1.0082941,-0.21363612,1.2339616,-5.1993376
3074,-5.1993376,1.1352842,0.31764959,0.32954771,-1.3219458,-5.1993376,0.25360621,5.1993376,5.1993376,1.4319709,0.69910809,-0.36553148,-5.1993376
3075,0.51349142,0.15873981,1.0078112,0.25360621,0.17400458,0.29660674,0.25360621,5.1993376,-5.1993376,-0.28744217,-0.60746322,-0.36553148,0.19767432
3076,-5.1993376,1.3978365,-0.1422445,0.13337869,-0.26398459,-5.1993376,0.25360621,5.1993376,5.1993376,-5.1993376,0.18547963,0.14858402,-5.1993376
3077,0.51349142,1.1047469,-0.7315153,-0.34149266,-0.26398459,1.5843543,-1.5215251,-5.1993376,-5.1993376,-0.78332986,0.18547963,0.71036555,-5.1993376
3078,-5.1993376,1.505747,0.2239158,-0.56279634,-0.69112102,-5.1993376,0.25360621,-5.1993376,-5.1993376,-0.11441489,0.18547963,1.464186,0.64988182
3079,-5.1993376,1.7330708,-0.7315153,0.13337869,-1.3219458,-0.1422445,-0.67055744,5.1993376,5.1993376,-0.78332986,0.18547963,0.85167519,-5.1993376
3080,-5.1993376,0.42385485,-1.1644437,-1.144896,0.97546566,0.29660674,-1.1768904,5.1993376,-5.1993376,-0.92233022,-1.1694007,0.45146888,-5.1993376
3081,-5.1993376,0.68793853,0.55253687,1.0909946,-0.69112102,-5.1993376,0.25360621,5.1993376,-5.1993376,-0.22648938,1.3781138,0.45146888,1.5891423
3082,-5.1993376,-0.89450084,0.55253687,0.91467864,-0.26398459,-0.1422445,-0.67055744,5.1993376,-5.1993376,1.215372,0.69910809,0.71036555,-5.1993376
3083,-5.1993376,-1.1140325,0.11820414,0.75299744,-0.83733836,-5.1993376,0.25360621,5.1993376,-5.1993376,1.4319709,1.3781138,1.6590928,-5.1993376
3084,0.51349142,-0.8589096,1.0841952,0.47100434,0.63946185,-0.1422445,1.2447784,5.1993376,-5.1993376,-0.78332986,0.18547963,1.1140325,-5.1993376
3085,-5.1993376,0.92233022,0.55253687,1.0230033,-0.26398459,-5.1993376,0.25360621,5.1993376,-5.1993376,0.4307273,0.69910809,-0.17527843,-5.1993376
3086,-5.1993376,0.78162595,-0.7315153,-0.29005812,-1.3219458,0.29660674,-1.1768904,5.1993376,-5.1993376,-0.45564031,0.69910809,0.29922973,-5.1993376
3087,-5.1993376,1.3716572,0.31764959,1.533612,-0.26398459,-0.1422445,-0.67055744,5.1993376,-5.1993376,-0.36017172,0.18547963,-0.17527843,0.40199502
3088,0.51349142,-1.2529876,0.55253687,-0.72008693,0.30448193,-0.1422445,1.2447784,-5.1993376,-5.1993376,0.70552998,-1.1694007,-0.001254569,-5.1993376
3089,-5.1993376,0.96742157,2.4320167,2.617134,-0.26398459,-0.1422445,-0.67055744,-5.1993376,5.1993376,0.72334253,0.69910809,0.14858402,2.520836
3090,-5.1993376,0.20209835,0.2239158,0.32954771,-0.97143575,-5.1993376,0.25360621,5.1993376,5.1993376,-5.1993376,0.69910809,-1.873053,-5.1993376
3091,-5.1993376,0.76639141,0.55253687,0.40607882,-0.26398459,-0.1422445,-0.67055744,5.1993376,5.1993376,0.93779777,-0.21363612,1.2339616,-5.1993376
3092,0.51349142,-0.20081806,-0.7315153,-0.44869228,0.97546566,0.62109893,-0.36687305,5.1993376,-5.1993376,-1.0552931,-1.1694007,0.45146888,-5.1993376
3093,0.51349142,-2.0601053,-0.7315153,-1.2529876,1.3684503,1.0774455,-0.98765156,-5.1993376,-5.1993376,-0.28744217,-1.1694007,-0.36553148,-5.1993376
3094,1.0230033,0.84987354,-0.1422445,0.21235277,-0.69112102,0.29660674,1.761948,5.1993376,5.1993376,-5.1993376,0.18547963,-0.36553148,1.0900846
3095,0.51349142,-0.98969684,-0.7315153,-0.34149266,-0.26398459,1.2612822,-1.1768904,5.1993376,-5.1993376,-0.36017172,0.69910809,-0.001254569,-5.1993376
3096,-5.1993376,-0.34415366,1.649237,0.36821529,-1.3219458,-5.1993376,0.25360621,5.1993376,5.1993376,-5.1993376,1.3781138,0.14858402,0.57155498
3097,0.51349142,-0.11820414,0.55253687,0.61199579,1.2023467,1.0774455,-0.98765156,5.1993376,5.1993376,1.7208181,-0.60746322,2.5117912,1.2127505
3098,0.51349142,1.0444088,1.649237,1.358913,-1.8114574,-0.1422445,1.2447784,5.1993376,5.1993376,1.1328976,2.1196682,-0.36553148,-5.1993376
3099,1.4181186,1.4807739,-5.1993376,-1.8179677,-0.26398459,1.0774455,0.89765526,5.1993376,-5.1993376,0.37628274,-0.60746322,-1.2502419,-5.1993376
3100,-5.1993376,-0.3521514,1.2640664,1.792374,0.63946185,-5.1993376,0.25360621,-5.1993376,5.1993376,0.53653104,-0.60746322,0.45146888,-5.1993376
3101,1.7679033,0.064026723,1.2640664,1.6067551,-0.26398459,1.7444475,-0.27439149,5.1993376,5.1993376,0.72334253,-0.21363612,1.9858764,0.92719575
3102,0.51349142,0.095492152,-0.1422445,0.05146002,0.63946185,-0.1422445,1.2447784,5.1993376,-5.1993376,-0.45564031,1.3781138,-1.873053,-5.1993376
3103,-5.1993376,1.0124743,-1.1644437,-0.56279634,2.1440107,0.29660674,-1.1768904,5.1993376,5.1993376,0.22262957,-0.60746322,-1.4678604,-5.1993376
3104,0.51349142,0.14731565,0.11820414,-1.2529876,1.2023467,0.87535389,-0.67055744,-5.1993376,-5.1993376,0.51635627,-5.1993376,0.14858402,-5.1993376
3105,-5.1993376,-0.0050182959,-0.1422445,0.25360621,-0.69112102,-5.1993376,0.25360621,5.1993376,5.1993376,0.75800423,1.3781138,0.71036555,0.78760349
3106,-5.1993376,-0.42660141,-0.7315153,-0.66428721,-1.3219458,-5.1993376,0.25360621,5.1993376,-5.1993376,0.60897269,0.69910809,-0.79704409,-5.1993376
3107,-5.1993376,-0.33617787,-5.1993376,-0.44869228,0.30448193,0.62109893,-1.5215251,5.1993376,5.1993376,-0.28744217,-0.60746322,-0.79704409,-5.1993376
3108,-5.1993376,2.0853556,-0.1422445,0.13337869,-0.26398459,-5.1993376,0.25360621,-5.1993376,5.1993376,0.14858402,0.18547963,1.1140325,1.0487789
3109,1.7679033,0.025094008,-0.7315153,-0.66428721,-0.97143575,1.2612822,1.0251227,5.1993376,-5.1993376,0.65804298,-0.21363612,0.45146888,0.90544459
3110,-5.1993376,0.035135151,-5.1993376,-1.2529876,0.63946185,-5.1993376,0.25360621,-5.1993376,5.1993376,-0.92233022,-0.21363612,-0.17527843,0.60687722
3111,-5.1993376,1.1047469,-0.1422445,0.17400458,-0.26398459,-5.1993376,0.25360621,5.1993376,-5.1993376,-0.65804298,0.18547963,0.14858402,-5.1993376
3112,0.51349142,0.47661874,0.55253687,1.1546147,0.63946185,-0.1422445,1.2447784,-5.1993376,5.1993376,0.92233022,-0.60746322,-0.36553148,-5.1993376
3113,0.51349142,0.36955819,2.0965206,2.617134,0.17400458,0.62109893,-0.36687305,5.1993376,-5.1993376,1.1163689,-0.21363612,0.29922973,0.37269421
3114,1.0230033,1.2075323,-0.43348197,-0.39384742,-1.0819398,0.62109893,0.96142934,5.1993376,-5.1993376,-0.45564031,0.69910809,-0.17527843,1.1912792
3115,-5.1993376,0.36017172,0.2239158,-2.1316816,1.3684503,-5.1993376,0.25360621,-5.1993376,5.1993376,0.64100179,-0.21363612,-1.0230033,-5.1993376
3116,0.51349142,-0.23292993,0.55253687,-0.089192496,-0.26398459,0.87535389,-0.67055744,5.1993376,-5.1993376,0.58796385,-1.1694007,-0.17527843,-5.1993376
3117,-5.1993376,-0.095492152,1.649237,1.8245559,0.087932998,-5.1993376,0.25360621,5.1993376,5.1993376,0.53653104,0.69910809,0.71036555,0.27569442
3118,-5.1993376,0.10557959,-0.7315153,-1.144896,-0.26398459,-5.1993376,0.25360621,5.1993376,-5.1993376,-5.1993376,-0.21363612,-1.873053,-5.1993376
3119,0.51349142,-1.1140325,-0.7315153,-2.5423492,0.63946185,0.87535389,-0.67055744,5.1993376,5.1993376,-0.78332986,-1.1694007,-0.57311539,0.49213682
3120,1.4181186,-0.3031681,-0.1422445,0.98561042,-0.83733836,0.87535389,1.2447784,5.1993376,-5.1993376,0.34948301,0.18547963,0.14858402,0.55985906
3121,-5.1993376,-0.23292993,-1.1644437,-0.50492201,0.63946185,-5.1993376,0.25360621,5.1993376,-5.1993376,1.358913,0.18547963,-0.79704409,-5.1993376
3122,0.51349142,-0.70392179,1.3620783,0.88088812,-0.83733836,-0.1422445,1.2447784,-5.1993376,-5.1993376,0.18165198,1.3781138,-0.36553148,0.4639355
3123,-5.1993376,1.6691125,1.2640664,1.792374,-0.26398459,-0.1422445,-0.67055744,5.1993376,5.1993376,1.4319709,0.18547963,1.9858764,1.353462
3124,0.51349142,-0.036390523,0.55253687,1.533612,0.30448193,-0.1422445,1.2447784,-5.1993376,-5.1993376,-0.55985906,-0.21363612,-1.0230033,-5.1993376
3125,-5.1993376,-0.70392179,-0.1422445,-1.059682,1.3684503,0.29660674,-1.1768904,5.1993376,-5.1993376,2.0420132,-5.1993376,1.7560546,1.6444968
3126,-5.1993376,0.8552868,1.401177,1.533612,-0.26398459,-5.1993376,0.25360621,-5.1993376,-5.1993376,-0.92233022,0.18547963,1.6590928,0.25231085
3127,0.51349142,-1.9264032,-5.1993376,-2.2730524,1.6022103,1.5843543,-1.5215251,-5.1993376,5.1993376,-5.1993376,-5.1993376,-0.001254569,0.82317161
3128,-5.1993376,0.30185479,1.649237,1.6067551,0.17400458,-5.1993376,0.25360621,-5.1993376,-5.1993376,0.8570968,-0.21363612,-1.2502419,-5.1993376
3129,0.51349142,-0.26268576,-0.1422445,0.0062728847,0.63946185,0.62109893,-0.36687305,5.1993376,-5.1993376,0.4307273,-0.60746322,0.85167519,0.69596511
3130,1.0230033,-0.42660141,-0.43348197,-0.18547963,-1.7219141,0.62109893,0.96142934,5.1993376,-5.1993376,0.64100179,1.3781138,-1.0230033,0.80724286
3131,-5.1993376,0.42385485,0.55253687,0.95151828,0.30448193,0.62109893,-1.5215251,5.1993376,-5.1993376,1.1946284,-0.60746322,0.45146888,-5.1993376
3132,1.4181186,1.4112933,0.91087287,1.7055704,-0.26398459,0.62109893,2.1696941,-5.1993376,-5.1993376,1.5932188,0.18547963,0.98561042,0.3637928
3133,0.51349142,2.0853556,-5.1993376,-1.3684503,-1.3219458,0.62109893,-0.36687305,5.1993376,5.1993376,-5.1993376,0.18547963,-0.17527843,0.3561587
3134,0.51349142,0.38572587,-0.7315153,-0.98357337,1.0955557,0.87535389,-0.67055744,5.1993376,5.1993376,-0.78332986,-0.60746322,-0.001254569,0.89535258
3135,-5.1993376,-0.085414417,0.55253687,0.71359852,-1.0819398,-5.1993376,0.25360621,5.1993376,-5.1993376,-0.78332986,0.69910809,-1.4678604,-5.1993376
3136,-5.1993376,2.3534215,0.55253687,0.68001258,-2.6965111,-5.1993376,0.25360621,5.1993376,-5.1993376,1.4319709,2.1196682,-0.36553148,1.6896701
3137,-5.1993376,-0.23292993,-0.7315153,-1.059682,0.63946185,-0.1422445,-0.67055744,5.1993376,5.1993376,-5.1993376,-1.1694007,-1.0230033,-5.1993376
3138,-5.1993376,-1.2420606,-0.1422445,0.57607489,1.3684503,0.29660674,-1.1768904,5.1993376,5.1993376,0.79360155,-0.60746322,0.14858402,0.32028968
3139,2.1079532,1.1644437,0.55253687,0.71359852,-0.26398459,1.2612822,1.761948,5.1993376,-5.1993376,-1.0552931,0.18547963,0.71036555,0.42868162
3140,-5.1993376,-1.8425227,-1.3432866,-1.505747,3.2604838,1.4354772,-2.3863399,5.1993376,5.1993376,-5.1993376,-5.1993376,0.29922973,1.4568958
3141,0.51349142,1.0124743,0.55253687,1.5843543,-1.3219458,0.29660674,0.25360621,-5.1993376,-5.1993376,-0.65804298,0.18547963,1.1140325,0.26528387
3142,1.4181186,-0.56868553,0.2239158,-0.83912102,0.087932998,2.3863399,-1.3652574,5.1993376,-5.1993376,1.1844468,-1.1694007,0.85167519,1.3229321
3143,1.0230033,-0.42660141,-5.1993376,-1.059682,-0.26398459,1.0774455,-0.300542,5.1993376,-5.1993376,0.06025574,-0.60746322,0.45146888,-5.1993376
3144,-5.1993376,-2.3076067,-5.1993376,-2.5423492,-0.26398459,-5.1993376,0.25360621,5.1993376,-5.1993376,-0.22648938,-1.1694007,-0.17527843,-5.1993376
3145,-5.1993376,0.27699782,-0.1422445,-0.23808933,-0.26398459,-5.1993376,0.25360621,5.1993376,5.1993376,-5.1993376,0.69910809,-3.0899352,0.26201252
3146,-5.1993376,0.33485067,1.401177,0.13337869,-0.26398459,-0.1422445,-0.67055744,-5.1993376,-5.1993376,0.22262957,-0.60746322,0.71036555,-5.1993376
3147,-5.1993376,0.94169982,0.55253687,1.1546147,-0.97143575,0.62109893,-1.5215251,-5.1993376,-5.1993376,0.65804298,0.18547963,-0.57311539,0.45020339
3148,1.7679033,-0.32557657,0.11820414,-0.041412601,-0.97143575,1.2612822,1.0251227,5.1993376,5.1993376,-0.92233022,0.69910809,-0.36553148,-5.1993376
3149,0.51349142,0.78162595,-0.7315153,-0.50492201,-1.3219458,0.62109893,-0.36687305,5.1993376,5.1993376,-5.1993376,0.69910809,-0.17527843,0.3561587
3150,1.4181186,0.80395767,1.2640664,0.84987354,-0.26398459,1.0774455,0.89765526,-5.1993376,5.1993376,-0.78332986,-1.1694007,0.29922973,-5.1993376
3151,-5.1993376,0.41563423,-0.7315153,0.13337869,1.3684503,0.62109893,-1.5215251,5.1993376,5.1993376,-0.22648938,-0.60746322,0.14858402,-5.1993376
3152,1.4181186,-0.73808885,-0.7315153,-0.041412601,0.30448193,1.0774455,0.89765526,5.1993376,-5.1993376,-0.11441489,-0.60746322,0.98561042,0.57182058
3153,1.7679033,0.33485067,0.11820414,0.0062728847,0.17400458,0.87535389,2.5423492,5.1993376,-5.1993376,1.8517338,0.18547963,0.58052362,0.60367382
3154,5.1993376,-1.0487476,0.55253687,0.32954771,-0.97143575,1.7444475,2.3652476,5.1993376,-5.1993376,1.4827602,1.3781138,0.29922973,0.89762695
3155,-5.1993376,-1.7274656,-0.7315153,-0.90518882,0.40471681,-5.1993376,0.25360621,5.1993376,-5.1993376,-0.36017172,-1.1694007,0.14858402,-5.1993376
3156,-5.1993376,0.18803291,0.91087287,1.8448108,0.30448193,0.29660674,-1.1768904,-5.1993376,-5.1993376,0.62566982,-0.21363612,-0.36553148,-5.1993376
3157,-5.1993376,-0.24454752,-0.1422445,-0.98357337,1.2023467,-5.1993376,0.25360621,-5.1993376,-5.1993376,-0.45564031,-1.1694007,-0.36553148,-5.1993376
3158,0.51349142,-0.81265408,-0.1422445,-1.6590928,0.30448193,0.29660674,0.25360621,5.1993376,-5.1993376,0.953493,1.3781138,0.71036555,-5.1993376
3159,-5.1993376,-1.1140325,0.55253687,0.17400458,0.63946185,-5.1993376,0.25360621,5.1993376,5.1993376,-5.1993376,0.69910809,-0.001254569,0.39443631
3160,0.51349142,-0.80569207,-0.1422445,0.29267606,-0.26398459,0.29660674,0.25360621,5.1993376,5.1993376,0.45842568,1.3781138,-0.17527843,-5.1993376
3161,0.51349142,-1.6640817,-0.1422445,-1.3684503,0.63946185,1.8803524,-1.7986626,5.1993376,-5.1993376,-0.36017172,-1.1694007,0.45146888,-5.1993376
3162,-5.1993376,-0.31237604,-0.1422445,1.1546147,-0.26398459,-5.1993376,0.25360621,5.1993376,-5.1993376,-0.45564031,0.18547963,-0.17527843,0.49213682
3163,0.51349142,2.181154,0.55253687,0.64872442,-1.3219458,1.0774455,-0.98765156,5.1993376,5.1993376,1.761948,0.18547963,2.5117912,2.5052916
3164,-5.1993376,-0.6150245,2.0965206,1.358913,0.17400458,-0.1422445,-0.67055744,-5.1993376,-5.1993376,0.29791798,-0.21363612,-0.57311539,0.35044716
3165,-5.1993376,1.5135889,-0.7315153,-0.34149266,-0.26398459,-5.1993376,0.25360621,5.1993376,5.1993376,0.0062728847,1.3781138,-3.0899352,0.18931001
3166,0.51349142,1.2286069,-0.1422445,0.0062728847,-1.6299924,-0.1422445,1.2447784,5.1993376,-5.1993376,-0.45564031,0.69910809,-0.36553148,-5.1993376
3167,-5.1993376,-0.21491982,0.55253687,0.57607489,-0.83733836,-5.1993376,0.25360621,5.1993376,5.1993376,-0.053972647,0.69910809,1.8952593,-5.1993376
3168,-5.1993376,-0.2239158,0.55253687,0.71359852,0.17400458,-0.1422445,-0.67055744,-5.1993376,-5.1993376,-0.17018472,0.69910809,0.29922973,1.5763365
3169,-5.1993376,-5.1993376,-0.1422445,-1.8179677,-0.26398459,-5.1993376,0.25360621,5.1993376,5.1993376,-5.1993376,-5.1993376,-0.57311539,-5.1993376
3170,-5.1993376,-0.32557657,-5.1993376,-1.059682,0.63946185,-0.1422445,-0.67055744,5.1993376,-5.1993376,-0.92233022,1.3781138,-1.6691125,0.65982597
3171,-5.1993376,0.16636735,0.2239158,0.40607882,0.087932998,-5.1993376,0.25360621,-5.1993376,-5.1993376,1.1669186,-0.21363612,0.45146888,0.59897998
3172,0.51349142,-0.73808885,0.55253687,-0.34149266,0.63946185,2.0853556,-1.994971,-5.1993376,-5.1993376,0.0062728847,-1.1694007,0.14858402,-5.1993376
3173,-5.1993376,-1.1768904,0.55253687,-0.77822491,0.63946185,-5.1993376,0.25360621,5.1993376,-5.1993376,-0.65804298,-1.1694007,-0.57311539,-5.1993376
3174,-5.1993376,1.0336468,2.1968939,1.2075323,0.97546566,-5.1993376,0.25360621,-5.1993376,-5.1993376,-0.78332986,-0.21363612,-0.57311539,0.4639355
3175,-5.1993376,-0.07534535,-0.1422445,-1.505747,0.97546566,-0.1422445,-0.67055744,5.1993376,-5.1993376,-5.1993376,-1.1694007,-0.79704409,-5.1993376
3176,-5.1993376,-0.3521514,-0.1422445,0.40607882,0.30448193,-0.1422445,-0.67055744,-5.1993376,-5.1993376,-0.78332986,-0.21363612,-0.36553148,-5.1993376
3177,-5.1993376,-0.86436505,1.0841952,1.533612,-0.26398459,0.29660674,-1.1768904,5.1993376,-5.1993376,0.40471681,0.69910809,0.14858402,0.26055479
3178,0.51349142,2.336277,0.55253687,0.17400458,-0.26398459,0.62109893,-0.36687305,-5.1993376,-5.1993376,-1.0552931,-0.60746322,0.71036555,-5.1993376
3179,-5.1993376,-0.55253687,-0.7315153,-0.39384742,0.63946185,-0.1422445,-0.67055744,5.1993376,-5.1993376,0.40471681,0.69910809,-0.001254569,1.2326806
3180,0.51349142,1.6022103,-1.1644437,-1.2529876,-0.26398459,0.29660674,0.25360621,5.1993376,-5.1993376,0.58796385,-1.1694007,-0.36553148,-5.1993376
3181,-5.1993376,-0.42660141,-0.1422445,0.32954771,-0.26398459,-5.1993376,0.25360621,5.1993376,5.1993376,0.64100179,1.3781138,-1.0230033,0.85167519
3182,1.0230033,1.649237,-0.1422445,-0.83912102,-0.26398459,0.29660674,1.761948,5.1993376,-5.1993376,-0.78332986,-0.60746322,1.2339616,-5.1993376
3183,-5.1993376,-1.687705,-5.1993376,-0.72008693,2.1440107,1.5843543,-2.5423492,5.1993376,-5.1993376,0.953493,-1.1694007,0.71036555,-5.1993376
3184,-5.1993376,1.2724784,-1.1644437,-0.66428721,-2.483413,0.29660674,-1.1768904,5.1993376,5.1993376,-5.1993376,2.1196682,-1.6691125,0.64411536
3185,-5.1993376,-1.358913,-0.43348197,0.092971849,0.63946185,-5.1993376,0.25360621,5.1993376,-5.1993376,2.2140284,1.3781138,1.5669896,0.22602198
3186,0.51349142,0.58498388,0.55253687,0.61199579,-0.26398459,0.29660674,0.25360621,5.1993376,-5.1993376,0.60897269,0.18547963,-0.57311539,0.36955819
3187,-5.1993376,1.9264032,1.649237,1.792374,-2.3259725,-0.1422445,-0.67055744,5.1993376,-5.1993376,0.48930663,2.1196682,0.98561042,2.178447
3188,-5.1993376,-2.3636232,-5.1993376,-2.1316816,0.63946185,-5.1993376,0.25360621,5.1993376,5.1993376,-5.1993376,1.3781138,0.71036555,-5.1993376
3189,0.51349142,-1.7739219,1.649237,-0.56279634,1.2023467,0.62109893,-0.36687305,-5.1993376,5.1993376,-5.1993376,-1.1694007,0.29922973,1.7214505
3190,-5.1993376,1.1644437,-0.1422445,-1.144896,0.087932998,0.29660674,-1.1768904,5.1993376,5.1993376,-5.1993376,-0.21363612,0.14858402,-5.1993376
3191,0.51349142,-1.2753025,-5.1993376,-1.8179677,-1.3219458,0.62109893,-0.36687305,5.1993376,-5.1993376,-0.65804298,-1.1694007,-0.17527843,-5.1993376
3192,-5.1993376,-0.018819641,0.91087287,0.8196557,-0.69112102,-0.1422445,-0.67055744,-5.1993376,-5.1993376,-0.65804298,-0.21363612,-1.873053,-5.1993376
3193,-5.1993376,-1.6299924,0.55253687,-2.5423492,-0.26398459,-5.1993376,0.25360621,-5.1993376,-5.1993376,-0.55985906,-1.1694007,1.5669896,1.5775448
3194,1.4181186,-0.95547144,0.2239158,0.05146002,-1.0819398,0.87535389,1.2447784,5.1993376,-5.1993376,-0.78332986,0.69910809,-0.001254569,-5.1993376
3195,0.51349142,-0.54524419,-0.1422445,-0.39384742,0.97546566,0.62109893,-0.36687305,5.1993376,-5.1993376,0.53653104,-0.60746322,0.71036555,-5.1993376
3196,1.0230033,1.1566219,-0.1422445,0.0062728847,-0.26398459,0.87535389,0.25360621,5.1993376,-5.1993376,0.92233022,0.69910809,1.1140325,-5.1993376
3197,1.4181186,1.1869807,0.09675253,0.21235277,-0.26398459,1.5843543,-0.36687305,-5.1993376,5.1993376,-0.65804298,-0.60746322,-1.0230033,-5.1993376
3198,-5.1993376,0.78162595,-1.1644437,-0.50492201,-0.26398459,-5.1993376,0.25360621,5.1993376,5.1993376,-0.92233022,0.69910809,-1.0230033,0.15068516
3199,1.0230033,-0.0050182959,-1.0357896,-0.83912102,0.97546566,0.62109893,0.96142934,5.1993376,5.1993376,-5.1993376,-1.1694007,1.1140325,1.0315088
3200,-5.1993376,0.98154039,0.55253687,0.64872442,0.63946185,-0.1422445,-0.67055744,-5.1993376,5.1993376,-5.1993376,0.18547963,-0.79704409,0.93930188
3201,1.4181186,-0.74635093,-0.1422445,0.32954771,-0.97143575,1.2612822,0.25360621,5.1993376,5.1993376,0.40471681,1.3781138,-1.0230033,-5.1993376
3202,-5.1993376,-0.36017172,-0.1422445,-0.34149266,-0.83733836,-5.1993376,0.25360621,-5.1993376,5.1993376,-0.45564031,0.18547963,-0.79704409,-5.1993376
3203,1.0230033,-0.067798615,0.55253687,-0.18547963,1.0955557,0.87535389,0.25360621,5.1993376,-5.1993376,0.37628274,-1.1694007,0.45146888,-5.1993376
3204,-5.1993376,0.48789301,-5.1993376,-2.2730524,0.97546566,-0.1422445,-0.67055744,5.1993376,5.1993376,-5.1993376,-0.21363612,-0.79704409,-5.1993376
3205,-5.1993376,1.8517338,-5.1993376,-0.66428721,-2.6965111,-5.1993376,0.25360621,5.1993376,-5.1993376,-0.65804298,-0.21363612,-0.36553148,0.73973722
3206,2.483413,0.64254324,-1.3432866,-1.9858764,-1.6299924,2.3863399,-0.32028968,-5.1993376,-5.1993376,-0.78332986,-1.1694007,-0.79704409,0.55985906
3207,-5.1993376,-0.63792343,-0.7315153,-0.13591068,2.1440107,0.29660674,-1.1768904,-5.1993376,5.1993376,-0.78332986,-1.1694007,-0.79704409,-5.1993376
3208,1.0230033,1.7679033,-5.1993376,-1.144896,-2.0431151,0.29660674,1.761948,5.1993376,-5.1993376,-0.92233022,0.18547963,-1.0230033,-5.1993376
3209,-5.1993376,1.9028735,-0.7315153,-0.50492201,-2.0431151,-5.1993376,0.25360621,5.1993376,-5.1993376,0.29791798,1.3781138,-3.0899352,-5.1993376
3210,-5.1993376,0.92233022,0.2239158,0.68001258,0.63946185,-0.1422445,-0.67055744,5.1993376,-5.1993376,0.79360155,0.69910809,0.29922973,-5.1993376
3211,-5.1993376,-0.17018472,-0.1422445,1.6067551,-0.26398459,-0.1422445,-0.67055744,-5.1993376,5.1993376,-0.78332986,0.18547963,0.45146888,-5.1993376
3212,-5.1993376,1.9028735,-0.7315153,-0.34149266,-1.3219458,-5.1993376,0.25360621,5.1993376,-5.1993376,-0.78332986,1.3781138,1.5669896,0.14690811
3213,0.51349142,-0.046435725,0.55253687,0.54088248,0.17400458,0.29660674,0.25360621,5.1993376,5.1993376,-5.1993376,-0.21363612,1.3494976,0.35189401
3214,1.4181186,-0.26268576,-0.43348197,-0.56279634,0.63946185,0.87535389,1.2447784,5.1993376,-5.1993376,0.86801634,-0.21363612,0.45146888,-5.1993376
3215,-5.1993376,-0.72660581,-0.43348197,0.29267606,1.6022103,0.62109893,-1.5215251,-5.1993376,-5.1993376,0.70552998,-1.1694007,0.14858402,-5.1993376
3216,-5.1993376,0.69590794,0.81614989,0.88088812,-0.26398459,-5.1993376,0.25360621,5.1993376,-5.1993376,-0.92233022,0.18547963,-0.79704409,-5.1993376
3217,-5.1993376,0.50349739,-0.1422445,0.21235277,-0.97143575,-5.1993376,0.25360621,-5.1993376,5.1993376,1.7986626,0.18547963,0.58052362,0.36821529
3218,-5.1993376,-1.1140325,0.55253687,0.91467864,-0.26398459,-5.1993376,0.25360621,5.1993376,-5.1993376,-0.45564031,0.69910809,-0.36553148,-5.1993376
3219,-5.1993376,-1.2809814,1.0841952,1.5096564,-0.26398459,-5.1993376,0.25360621,5.1993376,-5.1993376,1.1844468,0.69910809,-0.36553148,-5.1993376
3220,0.51349142,1.9264032,-0.1422445,0.95151828,-0.26398459,-0.1422445,1.2447784,5.1993376,5.1993376,0.56132709,0.18547963,-1.2502419,-5.1993376
3221,-5.1993376,0.45424896,0.2239158,0.0062728847,0.17400458,-5.1993376,0.25360621,5.1993376,-5.1993376,-1.0552931,-0.21363612,-0.36553148,0.2213437
3222,0.51349142,0.22648938,-0.1422445,1.358913,0.17400458,1.0774455,-0.98765156,-5.1993376,5.1993376,-5.1993376,-0.21363612,0.45146888,-5.1993376
3223,1.4181186,-0.7697614,-0.7315153,-0.56279634,0.97546566,3.2156926,-2.3863399,5.1993376,-5.1993376,1.7444475,-1.1694007,1.464186,-5.1993376
3224,1.0230033,-0.067798615,-0.1422445,-1.9858764,-1.6299924,0.87535389,0.25360621,5.1993376,5.1993376,1.2557429,2.1196682,-0.17527843,-5.1993376
3225,-5.1993376,-0.42660141,0.55253687,0.47100434,0.63946185,-5.1993376,0.25360621,5.1993376,5.1993376,-1.0552931,0.69910809,-1.0230033,-5.1993376
3226,2.1079532,0.16636735,0.91087287,-0.041412601,-0.26398459,1.5843543,0.96142934,5.1993376,5.1993376,-0.36017172,-0.21363612,0.29922973,-5.1993376
3227,-5.1993376,-1.2982711,-0.7315153,0.36821529,1.3684503,-5.1993376,0.25360621,5.1993376,-5.1993376,1.9821285,-0.21363612,0.85167519,-5.1993376
3228,1.7679033,0.25101592,0.91087287,0.43900121,-0.83733836,1.8803524,-0.31633038,5.1993376,5.1993376,0.0062728847,-1.1694007,-0.17527843,-5.1993376
3229,-5.1993376,-1.1140325,-0.7315153,-0.34149266,0.63946185,-5.1993376,0.25360621,5.1993376,5.1993376,0.0062728847,1.3781138,-1.0230033,-5.1993376
3230,-5.1993376,-0.42660141,-0.1422445,0.21235277,-1.3219458,-5.1993376,0.25360621,5.1993376,5.1993376,-1.0552931,1.3781138,-2.1079532,-5.1993376
3231,0.51349142,-0.6150245,1.0841952,0.54088248,0.63946185,0.87535389,-0.67055744,-5.1993376,-5.1993376,-0.65804298,-1.1694007,-0.001254569,0.24456167
3232,-5.1993376,-0.085414417,-0.1422445,0.17400458,-0.26398459,-5.1993376,0.25360621,5.1993376,5.1993376,-1.0552931,1.3781138,-2.1079532,-5.1993376
3233,1.0230033,0.94169982,0.2239158,0.40607882,-0.97143575,0.29660674,1.761948,5.1993376,-5.1993376,0.14858402,0.69910809,-0.17527843,-5.1993376
3234,-5.1993376,1.4250105,-0.1422445,0.21235277,-1.3219458,-5.1993376,0.25360621,5.1993376,-5.1993376,-0.55985906,0.18547963,-0.17527843,-5.1993376
3235,-5.1993376,-0.18165198,1.649237,1.4181186,0.30448193,-5.1993376,0.25360621,-5.1993376,5.1993376,0.34948301,-0.21363612,-0.17527843,1.0315088
3236,-5.1993376,0.73315571,-0.7315153,-0.90518882,-0.26398459,0.29660674,-1.1768904,5.1993376,5.1993376,1.2259427,0.69910809,0.45146888,0.63343596
3237,0.51349142,0.15873981,-0.1422445,1.0909946,-0.26398459,0.29660674,0.25360621,5.1993376,5.1993376,0.0062728847,-0.21363612,0.58052362,-5.1993376
3238,0.51349142,1.4284821,-5.1993376,-0.56279634,0.63946185,-0.1422445,1.2447784,5.1993376,5.1993376,0.88830934,0.18547963,-0.36553148,1.3596264
3239,-5.1993376,0.52930109,-0.7315153,-0.23808933,-0.69112102,-0.1422445,-0.67055744,5.1993376,-5.1993376,-1.0552931,1.3781138,-1.2502419,-5.1993376
3240,1.4181186,0.27699782,1.4354772,0.36821529,0.63946185,1.7444475,-0.43762015,5.1993376,5.1993376,1.3189459,-1.1694007,0.29922973,-5.1993376
3241,-5.1993376,-0.68317781,0.11820414,0.43900121,0.97546566,1.2612822,-2.2111272,-5.1993376,-5.1993376,0.37628274,-1.1694007,-0.36553148,-5.1993376
3242,0.51349142,0.73315571,0.55253687,1.4568958,0.97546566,1.0774455,-0.98765156,-5.1993376,-5.1993376,-0.65804298,0.18547963,-1.6691125,-5.1993376
3243,1.4181186,0.76639141,0.55253687,0.21235277,-0.69112102,0.87535389,1.2447784,5.1993376,-5.1993376,0.4307273,-0.60746322,0.45146888,-5.1993376
3244,0.51349142,-0.65337661,-0.1422445,0.57607489,-0.26398459,0.29660674,0.25360621,5.1993376,5.1993376,-0.053972647,-0.21363612,-0.36553148,-5.1993376
3245,-5.1993376,0.15873981,-0.1422445,-0.50492201,0.63946185,0.29660674,-1.1768904,-5.1993376,-5.1993376,0.64100179,-0.60746322,-0.001254569,-5.1993376
3246,-5.1993376,0.14731565,-0.1422445,0.40607882,1.2023467,-5.1993376,0.25360621,-5.1993376,-5.1993376,0.62566982,-1.1694007,0.14858402,-5.1993376
3247,1.0230033,1.0887225,1.649237,1.8448108,0.30448193,1.2612822,-0.42385485,5.1993376,5.1993376,-5.1993376,-0.21363612,0.85167519,-5.1993376
3248,1.4181186,-1.6171166,-0.7315153,0.47100434,-0.26398459,0.87535389,1.2447784,5.1993376,-5.1993376,0.324254,-0.21363612,-0.57311539,-5.1993376
3249,-5.1993376,0.78162595,0.55253687,0.25360621,-0.26398459,0.29660674,-1.1768904,5.1993376,-5.1993376,1.4771802,0.69910809,0.98561042,1.5579372
3250,-5.1993376,-0.66116187,-0.1422445,-1.2529876,-1.0819398,-0.1422445,-0.67055744,5.1993376,-5.1993376,0.51635627,-1.1694007,1.2339616,-5.1993376
3251,1.0230033,0.27699782,-0.1422445,-1.144896,1.2023467,0.62109893,0.96142934,-5.1993376,5.1993376,0.22262957,-1.1694007,0.98561042,1.144896
3252,1.0230033,0.056485615,-0.7315153,-0.39384742,0.63946185,1.7444475,-1.0230033,5.1993376,-5.1993376,-0.78332986,-0.60746322,-0.36553148,-5.1993376
3253,-5.1993376,-1.533612,0.55253687,-0.34149266,1.3684503,0.62109893,-1.5215251,-5.1993376,5.1993376,1.1400769,-1.1694007,0.98561042,0.82317161
3254,0.51349142,-0.49213682,0.55253687,-0.90518882,0.63946185,0.29660674,0.25360621,-5.1993376,-5.1993376,0.79360155,-0.60746322,0.29922973,-5.1993376
3255,-5.1993376,-0.42660141,-0.1422445,0.13337869,-2.6965111,-0.1422445,-0.67055744,5.1993376,-5.1993376,1.2982711,1.3781138,-1.0230033,-5.1993376
3256,-5.1993376,-0.42660141,-0.1422445,-0.29005812,0.63946185,-5.1993376,0.25360621,5.1993376,-5.1993376,-0.92233022,0.69910809,-1.0230033,-5.1993376
3257,-5.1993376,0.78162595,1.0069558,1.4568958,-0.69112102,0.87535389,-1.7986626,-5.1993376,-5.1993376,-0.45564031,0.18547963,0.14858402,-5.1993376
3258,0.51349142,-1.7208181,0.55253687,-0.98357337,1.2023467,0.62109893,-0.36687305,-5.1993376,-5.1993376,0.40471681,-1.1694007,0.45146888,-5.1993376
3259,-5.1993376,2.0042336,1.2640664,0.61199579,-2.0431151,0.87535389,-1.7986626,5.1993376,-5.1993376,1.7055704,2.1196682,1.6590928,-5.1993376
3260,0.51349142,0.41563423,-0.7315153,0.84987354,0.97546566,-0.1422445,1.2447784,-5.1993376,5.1993376,0.22262957,-0.21363612,-1.0230033,-5.1993376
3261,-5.1993376,-0.20081806,-0.7315153,0.05146002,-0.26398459,-0.1422445,-0.67055744,5.1993376,-5.1993376,-1.0552931,-0.60746322,-0.17527843,-5.1993376
3262,-5.1993376,0.92617632,1.0841952,0.54088248,-0.26398459,-5.1993376,0.25360621,-5.1993376,-5.1993376,0.58796385,0.18547963,-0.001254569,-5.1993376
3263,0.51349142,0.83912102,1.2640664,1.5843543,-0.26398459,1.0774455,-0.98765156,-5.1993376,-5.1993376,0.10810309,0.69910809,-0.17527843,-5.1993376
3264,-5.1993376,-0.27439149,0.91087287,0.68001258,0.63946185,0.87535389,-1.7986626,-5.1993376,5.1993376,-0.28744217,-1.1694007,-1.2502419,0.49213682
3265,0.51349142,0.20722283,-0.1422445,1.2075323,-0.26398459,0.29660674,0.25360621,5.1993376,-5.1993376,-0.78332986,-0.21363612,1.1140325,0.28352193
3266,-5.1993376,1.8019768,0.55253687,0.36821529,-1.3219458,0.29660674,-1.1768904,5.1993376,-5.1993376,0.64100179,0.18547963,-1.4678604,1.2990655
3267,-5.1993376,0.52209871,0.55253687,1.0909946,0.63946185,-0.1422445,-0.67055744,5.1993376,-5.1993376,1.1844468,0.18547963,-0.17527843,0.41426686
3268,0.51349142,0.70714,0.55253687,0.54088248,0.63946185,-0.1422445,1.2447784,-5.1993376,-5.1993376,0.10810309,-0.60746322,-0.17527843,-5.1993376
3269,-5.1993376,-1.0166724,-0.7315153,-0.50492201,-1.3219458,-5.1993376,0.25360621,-5.1993376,-5.1993376,-1.0552931,0.69910809,-1.2502419,-5.1993376
3270,-5.1993376,1.3978365,1.0841952,-0.44869228,0.63946185,-5.1993376,0.25360621,5.1993376,5.1993376,-5.1993376,0.69910809,0.71036555,-5.1993376
3271,-5.1993376,-1.588771,-0.7315153,-0.13591068,0.63946185,-5.1993376,0.25360621,5.1993376,-5.1993376,-0.22648938,1.3781138,-2.1079532,-5.1993376
3272,-5.1993376,0.19570018,0.55253687,0.78845531,-0.26398459,-5.1993376,0.25360621,-5.1993376,-5.1993376,0.26658359,-0.21363612,-1.0230033,-5.1993376
3273,-5.1993376,0.83912102,1.401177,1.9264032,-0.83733836,-5.1993376,0.25360621,-5.1993376,5.1993376,-0.55985906,0.18547963,1.464186,0.49213682
3274,-5.1993376,-0.77483284,1.2640664,-0.77822491,0.30448193,-0.1422445,-0.67055744,-5.1993376,-5.1993376,0.75800423,-1.1694007,1.1140325,0.82317161
3275,0.51349142,0.39520352,0.91087287,0.91467864,-1.3219458,-0.1422445,1.2447784,5.1993376,-5.1993376,0.324254,1.3781138,-0.17527843,0.85896206
3276,-5.1993376,-0.15365993,0.55253687,-0.089192496,0.97546566,1.4354772,-2.3863399,5.1993376,-5.1993376,1.4568958,-1.1694007,1.464186,2.3042676
3277,1.4181186,-1.1768904,-0.7315153,-0.66428721,-0.26398459,1.8803524,-0.67055744,5.1993376,-5.1993376,2.0708619,1.3781138,0.71036555,0.5283392
3278,-5.1993376,-0.98154039,-5.1993376,-2.1316816,1.6022103,-5.1993376,0.25360621,5.1993376,5.1993376,-5.1993376,-1.1694007,-0.79704409,-5.1993376
3279,1.7679033,0.21620388,0.55253687,-0.90518882,0.97546566,0.87535389,2.5423492,5.1993376,5.1993376,2.1968939,0.18547963,1.464186,1.2992225
3280,1.4181186,-0.69112102,0.2239158,0.57607489,2.1440107,1.0774455,0.89765526,-5.1993376,-5.1993376,0.7413876,-1.1694007,-1.0230033,-5.1993376
3281,-5.1993376,1.1047469,-5.1993376,-1.6590928,-0.97143575,-0.1422445,-0.67055744,5.1993376,-5.1993376,-0.45564031,-1.1694007,-1.0230033,0.42522773
3282,-5.1993376,-0.42660141,0.55253687,0.57607489,-0.83733836,-5.1993376,0.25360621,5.1993376,-5.1993376,-0.36017172,0.69910809,-0.36553148,-5.1993376
3283,-5.1993376,1.7330708,-0.7315153,0.13337869,-2.0431151,-5.1993376,0.25360621,5.1993376,5.1993376,-5.1993376,2.1196682,-2.1079532,-5.1993376
3284,1.0230033,2.2350964,-5.1993376,-0.98357337,-2.0431151,0.29660674,1.761948,5.1993376,5.1993376,-0.78332986,0.18547963,-1.0230033,-5.1993376
3285,-5.1993376,1.0552931,0.55253687,0.40607882,0.40471681,0.29660674,-1.1768904,5.1993376,5.1993376,-5.1993376,0.69910809,-0.17527843,0.25927936
3286,1.4181186,-1.621182,0.32386759,-0.77822491,1.0955557,1.7444475,-0.43762015,-5.1993376,-5.1993376,2.840132,-1.1694007,1.7560546,1.8803524
3287,-5.1993376,-0.60595514,-0.1422445,-0.6150245,-0.26398459,-0.1422445,-0.67055744,-5.1993376,-5.1993376,2.6980379,0.18547963,2.3076067,1.9267316
3288,-5.1993376,2.379191,-0.7315153,-0.98357337,-0.26398459,0.62109893,-1.5215251,-5.1993376,-5.1993376,0.34948301,0.18547963,0.71036555,1.2443545
3289,0.51349142,0.46400712,0.55253687,1.123415,0.30448193,-0.1422445,1.2447784,5.1993376,5.1993376,-5.1993376,-0.21363612,0.14858402,-5.1993376
3290,1.0230033,0.32161055,-0.7315153,-0.50492201,1.3684503,0.87535389,0.25360621,5.1993376,5.1993376,0.18165198,-1.1694007,-1.2502419,-5.1993376
3291,1.0230033,-0.18165198,-0.7315153,-0.44869228,0.30448193,1.7444475,-1.0230033,5.1993376,-5.1993376,-0.55985906,-0.60746322,0.14858402,1.0884847
3292,0.51349142,-0.3521514,-0.1422445,-0.72008693,-0.97143575,0.62109893,-0.36687305,5.1993376,5.1993376,-0.45564031,0.69910809,-0.57311539,0.29387732
3293,-5.1993376,3.2287393,0.55253687,0.40607882,-1.8114574,-5.1993376,0.25360621,5.1993376,5.1993376,-0.65804298,1.3781138,0.29922973,-5.1993376
3294,2.1079532,-0.13591068,-0.48648036,-0.98357337,0.63946185,1.7444475,0.86984634,-5.1993376,-5.1993376,-1.0552931,-1.1694007,-1.4678604,-5.1993376
3295,-5.1993376,1.4532796,0.55253687,1.3249577,0.30448193,-5.1993376,0.25360621,5.1993376,-5.1993376,-0.45564031,0.69910809,-0.17527843,-5.1993376
3296,-5.1993376,1.0124743,-0.7315153,-0.56279634,0.30448193,-5.1993376,0.25360621,5.1993376,5.1993376,0.0062728847,-1.1694007,-1.0230033,-5.1993376
3297,0.51349142,-0.28482819,0.55253687,1.4903351,0.30448193,-0.1422445,1.2447784,5.1993376,5.1993376,-5.1993376,-0.21363612,0.45146888,-5.1993376
3298,0.51349142,-1.5661183,0.55253687,-0.44869228,0.30448193,0.62109893,-0.36687305,5.1993376,-5.1993376,-0.45564031,-1.1694007,0.29922973,0.25231085
3299,-5.1993376,-0.2239158,-0.1422445,0.25360621,0.30448193,-5.1993376,0.25360621,5.1993376,5.1993376,-0.92233022,-0.21363612,0.29922973,-5.1993376
3300,-5.1993376,0.44314942,-0.7315153,-1.059682,1.2023467,0.29660674,-1.1768904,5.1993376,5.1993376,-0.36017172,-0.60746322,-0.17527843,-5.1993376
3301,-5.1993376,1.0552931,1.649237,0.98561042,-1.0819398,-5.1993376,0.25360621,5.1993376,-5.1993376,-0.78332986,-0.21363612,0.58052362,1.8516173
3302,-5.1993376,0.33485067,1.2640664,2.456904,-0.26398459,1.0774455,-1.994971,-5.1993376,-5.1993376,-1.0552931,0.18547963,-1.2502419,-5.1993376
3303,0.51349142,0.45424896,-0.39249204,0.21235277,0.63946185,0.62109893,-0.36687305,5.1993376,-5.1993376,0.64100179,-0.60746322,1.1140325,1.6248231
3304,0.51349142,-0.34415366,-5.1993376,-0.77822491,0.63946185,0.62109893,-0.36687305,5.1993376,5.1993376,0.40471681,-1.1694007,-0.36553148,-5.1993376
3305,0.51349142,-1.3219458,-0.7315153,-1.2529876,-0.26398459,0.87535389,-0.67055744,-5.1993376,-5.1993376,0.14858402,-5.1993376,0.29922973,1.3716572
3306,-5.1993376,-0.49922964,1.649237,1.6640817,-0.26398459,-5.1993376,0.25360621,5.1993376,-5.1993376,-0.28744217,1.3781138,1.7560546,0.95755924
3307,-5.1993376,-0.42660141,-0.1422445,0.092971849,-0.26398459,-5.1993376,0.25360621,5.1993376,-5.1993376,0.06025574,0.69910809,-2.1079532,-5.1993376
3308,-5.1993376,-0.72660581,0.55253687,0.75299744,0.30448193,-5.1993376,0.25360621,-5.1993376,-5.1993376,0.14858402,-0.60746322,-0.001254569,0.67164796
3309,-5.1993376,1.5135889,-0.1422445,0.092971849,-0.83733836,0.87535389,-1.7986626,5.1993376,-5.1993376,0.56132709,0.18547963,-1.0230033,-5.1993376
3310,-5.1993376,0.66741904,1.0841952,1.4181186,-0.26398459,-5.1993376,0.25360621,5.1993376,-5.1993376,-0.92233022,0.18547963,-0.001254569,-5.1993376
3311,1.0230033,-0.42660141,2.0965206,1.6067551,-1.3219458,1.0774455,-0.300542,5.1993376,-5.1993376,0.22262957,1.3781138,-0.17527843,-5.1993376
3312,0.51349142,-0.42660141,-0.1422445,0.54088248,-1.3219458,0.29660674,0.25360621,-5.1993376,5.1993376,-0.22648938,2.1196682,-1.0230033,0.33974084
3313,0.51349142,-1.6996075,0.55253687,-1.059682,1.2023467,1.0774455,-0.98765156,-5.1993376,-5.1993376,1.8952593,-5.1993376,1.5669896,1.1331178
3314,-5.1993376,-0.018819641,1.2640664,1.9858764,-0.26398459,-5.1993376,0.25360621,-5.1993376,5.1993376,0.92233022,0.69910809,1.3494976,-5.1993376
3315,-5.1993376,0.22648938,-0.7315153,-1.6590928,0.63946185,-5.1993376,0.25360621,-5.1993376,-5.1993376,0.48930663,-1.1694007,-0.36553148,-5.1993376
3316,1.0230033,0.94169982,1.1794018,1.1794018,-0.26398459,1.0774455,-0.300542,-5.1993376,-5.1993376,0.14858402,0.18547963,0.45146888,0.84090635
3317,-5.1993376,-0.07534535,-0.1422445,-1.8179677,-0.26398459,-5.1993376,0.25360621,-5.1993376,5.1993376,-5.1993376,-5.1993376,-0.36553148,0.40199502
3318,1.0230033,1.0124743,1.1895222,1.123415,-0.83733836,0.62109893,0.96142934,-5.1993376,-5.1993376,-0.11441489,-0.21363612,0.85167519,0.46113508
3319,1.4181186,-0.36017172,0.31764959,0.95151828,-0.97143575,1.8803524,-0.67055744,-5.1993376,-5.1993376,2.1688133,1.3781138,0.71036555,-5.1993376
3320,-5.1993376,0.44314942,1.649237,1.3249577,0.40471681,-0.1422445,-0.67055744,-5.1993376,-5.1993376,1.7699023,-0.21363612,1.5669896,-5.1993376
3321,-5.1993376,0.25101592,-1.1644437,0.36821529,-0.26398459,-5.1993376,0.25360621,5.1993376,-5.1993376,-0.65804298,-0.21363612,-0.57311539,-5.1993376
3322,0.51349142,-0.58498388,-0.1422445,0.32954771,-2.0431151,1.7444475,-1.6896701,5.1993376,-5.1993376,-0.78332986,1.3781138,-0.57311539,-5.1993376
3323,0.51349142,-0.0050182959,0.91087287,-1.8179677,0.63946185,0.29660674,0.25360621,5.1993376,-5.1993376,-0.36017172,-0.21363612,-0.001254569,-5.1993376
3324,-5.1993376,-0.42660141,-0.7315153,-0.56279634,-1.3219458,-0.1422445,-0.67055744,5.1993376,-5.1993376,-0.55985906,0.69910809,-0.57311539,0.46113508
3325,-5.1993376,0.76639141,-1.1644437,-0.34149266,0.40471681,-5.1993376,0.25360621,5.1993376,-5.1993376,-0.28744217,-0.21363612,0.29922973,1.0579128
3326,2.1079532,-0.91087287,0.2239158,0.25360621,0.63946185,1.7444475,0.86984634,-5.1993376,-5.1993376,0.14858402,-1.1694007,0.45146888,-5.1993376
3327,1.0230033,-1.3186747,-1.1644437,-0.6150245,-0.26398459,0.29660674,1.761948,-5.1993376,-5.1993376,-0.78332986,-0.60746322,-1.873053,-5.1993376
3328,-5.1993376,1.1497418,0.55253687,0.50492201,0.97546566,-0.1422445,-0.67055744,5.1993376,5.1993376,-0.11441489,0.18547963,-1.2502419,-5.1993376
3329,1.4181186,-0.66898742,0.82669773,0.57607489,-1.0819398,0.87535389,1.2447784,5.1993376,-5.1993376,0.37628274,1.3781138,0.14858402,0.55985906
3330,-5.1993376,-1.5005701,0.55253687,-1.505747,1.2023467,0.87535389,-1.7986626,-5.1993376,-5.1993376,1.8482612,-5.1993376,0.29922973,-5.1993376
3331,-5.1993376,-1.7410108,-0.7315153,-2.5423492,1.6022103,0.29660674,-1.1768904,5.1993376,5.1993376,-1.0552931,-1.1694007,-0.36553148,1.7986626
3332,-5.1993376,0.81790154,0.55253687,1.4181186,-1.3219458,-5.1993376,0.25360621,5.1993376,5.1993376,0.37628274,-0.21363612,1.2339616,-5.1993376
3333,-5.1993376,-0.27439149,1.401177,1.7055704,-0.69112102,-0.1422445,-0.67055744,5.1993376,-5.1993376,0.40471681,0.69910809,0.58052362,-5.1993376
3334,-5.1993376,-0.66898742,-5.1993376,-1.144896,0.63946185,-5.1993376,0.25360621,5.1993376,-5.1993376,1.0685216,0.69910809,-0.001254569,-5.1993376
3335,-5.1993376,-1.8517338,-5.1993376,-1.144896,-0.26398459,-5.1993376,0.25360621,5.1993376,5.1993376,-0.55985906,0.69910809,-1.873053,-5.1993376
3336,0.51349142,-1.2710606,-5.1993376,-0.90518882,-0.26398459,0.29660674,0.25360621,5.1993376,-5.1993376,-0.053972647,0.69910809,1.8312243,0.15746946
3337,0.51349142,0.38572587,2.1968939,1.4903351,-0.26398459,-0.1422445,1.2447784,5.1993376,5.1993376,0.81440074,-0.21363612,-0.36553148,1.3684551
3338,1.4181186,0.75466427,1.649237,1.7055704,-0.26398459,0.62109893,2.1696941,5.1993376,5.1993376,1.8482612,-0.21363612,0.85167519,0.79613344
3339,-5.1993376,-1.1140325,-0.7315153,-0.18547963,-0.26398459,-5.1993376,0.25360621,5.1993376,-5.1993376,-1.0552931,0.69910809,-0.79704409,-5.1993376
3340,-5.1993376,-2.1784221,-0.7315153,-1.9858764,0.97546566,2.2899878,-3.1466276,-5.1993376,-5.1993376,1.1844468,-1.1694007,1.1140325,-5.1993376
3341,-5.1993376,-1.1768904,-0.7315153,-0.90518882,-1.3219458,-5.1993376,0.25360621,5.1993376,5.1993376,0.45842568,0.69910809,-0.36553148,-5.1993376
3342,-5.1993376,-0.63025382,-0.1422445,-1.059682,-0.26398459,0.29660674,-1.1768904,-5.1993376,-5.1993376,2.2258232,-1.1694007,0.45146888,-5.1993376
3343,-5.1993376,-1.1140325,0.55253687,0.98561042,0.30448193,0.62109893,-1.5215251,5.1993376,-5.1993376,-0.17018472,0.69910809,1.6590928,-5.1993376
3344,1.4181186,-0.56868553,-0.1422445,-1.3684503,1.6022103,2.3863399,-1.3652574,5.1993376,-5.1993376,1.1844468,-5.1993376,0.85167519,1.3229321
3345,0.51349142,0.53943086,0.55253687,0.64872442,-0.26398459,-0.1422445,1.2447784,5.1993376,5.1993376,-0.11441489,1.3781138,-0.001254569,-5.1993376
3346,-5.1993376,-0.11062728,-0.7315153,-0.23808933,0.97546566,-0.1422445,-0.67055744,-5.1993376,5.1993376,-5.1993376,-0.21363612,0.58052362,0.38707768
3347,-5.1993376,0.087932998,0.31764959,0.71359852,-1.3219458,-5.1993376,0.25360621,5.1993376,5.1993376,-0.11441489,1.3781138,-1.0230033,-5.1993376
3348,1.0230033,0.47661874,1.649237,1.6640817,-0.26398459,0.87535389,0.25360621,5.1993376,5.1993376,0.0062728847,0.18547963,0.85167519,0.82317161
3349,0.51349142,-1.8803524,-0.7315153,-1.2529876,2.1440107,0.87535389,-0.67055744,-5.1993376,5.1993376,-0.36017172,-5.1993376,-0.79704409,-5.1993376
3350,-5.1993376,-1.0487476,-0.7315153,-0.23808933,0.63946185,0.29660674,-1.1768904,5.1993376,5.1993376,0.53653104,0.69910809,-0.57311539,1.7694834
3351,-5.1993376,-0.71359852,-0.7315153,-0.089192496,0.63946185,-0.1422445,-0.67055744,5.1993376,-5.1993376,0.82846465,1.3781138,-0.36553148,-5.1993376
3352,0.51349142,1.9876517,1.2640664,1.8245559,-2.483413,0.29660674,0.25360621,-5.1993376,-5.1993376,0.79360155,2.1196682,-0.36553148,-5.1993376
3353,-5.1993376,0.74635093,0.91087287,1.1794018,-0.83733836,-5.1993376,0.25360621,5.1993376,5.1993376,-0.36017172,0.69910809,1.8312243,-5.1993376
3354,-5.1993376,-1.4496823,1.649237,0.84987354,-0.26398459,-5.1993376,0.25360621,-5.1993376,-5.1993376,0.22262957,-0.21363612,1.8952593,-5.1993376
3355,-5.1993376,0.080378865,-0.43348197,-1.059682,-2.3863399,-5.1993376,0.25360621,5.1993376,-5.1993376,0.68159434,1.3781138,-0.79704409,-5.1993376
3356,-5.1993376,0.23938016,-0.7315153,-0.18547963,-1.7219141,-5.1993376,0.25360621,5.1993376,5.1993376,-0.11441489,0.69910809,0.45146888,-5.1993376
3357,-5.1993376,-1.1140325,-5.1993376,-1.144896,0.63946185,-0.1422445,-0.67055744,5.1993376,5.1993376,-0.22648938,1.3781138,-1.2502419,1.5300279
3358,0.51349142,-1.0336468,0.2239158,0.75299744,0.97546566,1.5843543,-1.5215251,-5.1993376,5.1993376,-0.92233022,-1.1694007,0.58052362,-5.1993376
3359,-5.1993376,0.22648938,-1.1644437,-0.83912102,-0.69112102,-5.1993376,0.25360621,5.1993376,-5.1993376,0.88830934,0.69910809,0.71036555,0.88483889
3360,-5.1993376,0.95943959,-0.7315153,-0.23808933,0.63946185,-5.1993376,0.25360621,5.1993376,5.1993376,-5.1993376,1.3781138,-2.1079532,-5.1993376
3361,-5.1993376,-0.98969684,-0.1422445,0.05146002,0.63946185,-5.1993376,0.25360621,5.1993376,5.1993376,-0.36017172,0.69910809,-1.2502419,-5.1993376
3362,-5.1993376,0.79360155,0.55253687,0.84987354,-1.3219458,-5.1993376,0.25360621,5.1993376,5.1993376,0.26658359,1.3781138,0.98561042,-5.1993376
3363,-5.1993376,0.95943959,0.31764959,1.123415,-0.26398459,-5.1993376,0.25360621,5.1993376,5.1993376,-5.1993376,-0.60746322,0.98561042,-5.1993376
3364,1.0230033,-0.2239158,0.55253687,0.71359852,-0.26398459,0.62109893,0.96142934,5.1993376,-5.1993376,0.60897269,0.69910809,0.71036555,2.2864737
3365,-5.1993376,0.095492152,-0.1422445,-0.18547963,1.2023467,-5.1993376,0.25360621,5.1993376,5.1993376,-0.78332986,-1.1694007,-1.2502419,-5.1993376
3366,1.0230033,-0.3521514,0.2239158,0.95151828,-0.26398459,0.87535389,0.25360621,5.1993376,-5.1993376,-0.28744217,-0.21363612,0.14858402,1.1508653
3367,0.51349142,-0.71359852,-0.7315153,-0.56279634,-1.0819398,-0.1422445,1.2447784,5.1993376,-5.1993376,0.26658359,0.69910809,0.45146888,-5.1993376
3368,1.0230033,1.3557612,2.4320167,-0.50492201,-1.7219141,0.87535389,0.25360621,-5.1993376,-5.1993376,2.5374902,1.3781138,1.3494976,0.65476144
3369,0.51349142,-0.84448508,-1.1644437,-0.18547963,0.63946185,0.62109893,-0.36687305,5.1993376,-5.1993376,0.14858402,-0.60746322,1.3494976,-5.1993376
3370,1.0230033,0.43210422,1.649237,1.3249577,-0.26398459,0.87535389,0.25360621,5.1993376,5.1993376,-0.65804298,-0.21363612,-0.57311539,-5.1993376
3371,0.51349142,1.1117021,0.2239158,-0.34149266,-0.26398459,0.29660674,0.25360621,5.1993376,-5.1993376,0.324254,0.69910809,-0.57311539,1.2403635
3372,-5.1993376,0.22648938,-0.48083942,-0.56279634,1.6022103,0.87535389,-1.7986626,-5.1993376,-5.1993376,-0.92233022,-1.1694007,-1.6691125,0.51746332
3373,-5.1993376,0.025094008,1.0841952,-0.089192496,-0.26398459,-5.1993376,0.25360621,5.1993376,-5.1993376,2.3579896,-1.1694007,1.5669896,1.9626706
3374,1.7679033,-0.12705243,-5.1993376,-0.83912102,-1.3219458,1.0774455,1.5542696,5.1993376,-5.1993376,-0.11441489,-0.21363612,0.85167519,0.4403831
3375,0.51349142,0.30185479,0.55253687,-0.83912102,-0.26398459,0.29660674,0.25360621,5.1993376,5.1993376,-0.22648938,-1.1694007,-0.36553148,-5.1993376
3376,0.51349142,-0.90518882,-0.7315153,0.0062728847,1.6022103,0.87535389,-0.67055744,5.1993376,-5.1993376,0.48930663,-1.1694007,0.29922973,-5.1993376
3377,-5.1993376,0.66741904,0.81614989,0.54088248,-0.69112102,0.62109893,-1.5215251,-5.1993376,5.1993376,1.3912021,0.69910809,-0.57311539,0.86050453
3378,-5.1993376,0.63485111,-0.7315153,-0.39384742,0.17400458,-5.1993376,0.25360621,5.1993376,-5.1993376,0.06025574,0.18547963,0.71036555,0.59512099
3379,-5.1993376,-1.2206403,0.2239158,0.91467864,0.17400458,-5.1993376,0.25360621,5.1993376,-5.1993376,1.7444475,0.69910809,-2.1079532,-5.1993376
3380,-5.1993376,0.86618925,0.91087287,0.91467864,-1.3219458,-0.1422445,-0.67055744,-5.1993376,-5.1993376,0.18165198,-0.60746322,0.58052362,0.74982631
3381,1.4181186,0.11820414,0.55253687,-0.44869228,-0.69112102,0.62109893,2.1696941,5.1993376,-5.1993376,1.3781138,-0.21363612,1.1140325,1.1352842
3382,0.51349142,-1.9264032,0.55253687,-2.2730524,1.2023467,1.5843543,-1.5215251,-5.1993376,5.1993376,-5.1993376,-5.1993376,-0.001254569,0.82317161
3383,-5.1993376,0.16636735,1.649237,1.533612,0.30448193,0.29660674,-1.1768904,5.1993376,5.1993376,0.93779777,-0.21363612,1.2339616,-5.1993376
3384,-5.1993376,0.11820414,-0.1422445,-0.18547963,-0.26398459,-5.1993376,0.25360621,5.1993376,-5.1993376,1.6205923,-0.60746322,-0.17527843,-5.1993376
3385,-5.1993376,-0.86436505,0.91087287,1.1546147,0.17400458,-0.1422445,-0.67055744,5.1993376,5.1993376,-5.1993376,0.69910809,0.98561042,-5.1993376
3386,0.51349142,0.73315571,-5.1993376,-1.505747,-1.0819398,0.62109893,-0.36687305,5.1993376,5.1993376,-0.36017172,0.69910809,-2.1079532,-5.1993376
3387,-5.1993376,-0.31237604,-0.43348197,-0.6150245,-0.69112102,-5.1993376,0.25360621,5.1993376,5.1993376,-5.1993376,0.69910809,-0.79704409,-5.1993376
3388,-5.1993376,-0.27439149,0.55253687,0.61199579,-0.83733836,-5.1993376,0.25360621,5.1993376,5.1993376,-0.22648938,0.69910809,1.7560546,-5.1993376
3389,1.0230033,0.75466427,-1.1644437,-0.77822491,-0.26398459,0.62109893,0.96142934,5.1993376,5.1993376,-5.1993376,0.69910809,0.58052362,-5.1993376
3390,-5.1993376,-0.29529601,0.55253687,-0.13591068,0.97546566,-0.1422445,-0.67055744,-5.1993376,5.1993376,0.40471681,-1.1694007,-1.0230033,-5.1993376
3391,1.7679033,0.080378865,2.1968939,1.1794018,-0.26398459,0.87535389,2.5423492,-5.1993376,5.1993376,-0.17018472,-1.1694007,0.98561042,-5.1993376
3392,1.0230033,1.0887225,1.0841952,1.2640664,-0.26398459,0.62109893,0.96142934,5.1993376,5.1993376,0.18165198,0.18547963,-0.001254569,1.6340706
3393,-5.1993376,-1.2585077,-0.7315153,-2.1316816,-2.0431151,-5.1993376,0.25360621,-5.1993376,-5.1993376,-0.22648938,1.3781138,1.2339616,-5.1993376
3394,-5.1993376,-0.93585209,-5.1993376,-1.9858764,0.63946185,-5.1993376,0.25360621,5.1993376,5.1993376,-5.1993376,-5.1993376,-0.001254569,-5.1993376
3395,-5.1993376,1.9668103,0.91087287,0.17400458,-0.83733836,-5.1993376,0.25360621,5.1993376,-5.1993376,-0.65804298,-0.60746322,-0.79704409,-5.1993376
3396,-5.1993376,-0.28482819,-0.1422445,0.05146002,-1.3219458,-5.1993376,0.25360621,5.1993376,-5.1993376,1.2259427,1.3781138,-1.0230033,-5.1993376
3397,-5.1993376,0.025094008,-0.7315153,0.47100434,-0.26398459,-5.1993376,0.25360621,5.1993376,-5.1993376,-0.55985906,-0.21363612,0.58052362,-5.1993376
3398,-5.1993376,-0.42660141,2.9674304,-0.089192496,0.63946185,-5.1993376,0.25360621,-5.1993376,5.1993376,0.98969684,-0.60746322,0.29922973,0.97377673
3399,-5.1993376,0.34948301,-0.7315153,-0.77822491,1.3684503,-5.1993376,0.25360621,5.1993376,-5.1993376,-0.55985906,-1.1694007,1.2339616,-5.1993376
3400,1.7679033,-5.1993376,-1.1644437,-1.505747,1.6022103,2.1696941,-0.67055744,5.1993376,5.1993376,-5.1993376,-5.1993376,-0.36553148,-5.1993376
3401,1.0230033,0.86618925,0.55253687,0.78845531,0.63946185,0.62109893,0.96142934,5.1993376,-5.1993376,-0.78332986,0.18547963,-1.2502419,-5.1993376
3402,-5.1993376,-1.4827602,-0.1422445,-0.089192496,0.63946185,0.62109893,-1.5215251,5.1993376,5.1993376,-0.92233022,0.69910809,-0.79704409,-5.1993376
3403,-5.1993376,-0.84448508,0.91087287,2.0331038,0.17400458,0.29660674,-1.1768904,-5.1993376,5.1993376,0.56132709,0.18547963,0.29922973,0.41965579
3404,-5.1993376,1.6691125,1.649237,1.358913,-0.97143575,-0.1422445,-0.67055744,-5.1993376,-5.1993376,0.10810309,0.18547963,1.1140325,1.1001397
3405,0.51349142,0.025094008,-0.1422445,0.17400458,1.0955557,1.2612822,-1.1768904,-5.1993376,5.1993376,0.34948301,-1.1694007,-1.0230033,-5.1993376
3406,-5.1993376,-1.3526228,1.649237,-1.059682,-0.69112102,0.62109893,-1.5215251,5.1993376,-5.1993376,-0.45564031,1.3781138,0.58052362,0.16489239
3407,-5.1993376,-1.8379752,0.31764959,-0.98357337,2.1440107,0.87535389,-1.7986626,-5.1993376,-5.1993376,-0.55985906,-1.1694007,0.85167519,2.8783086
3408,-5.1993376,0.55107599,-0.7315153,-0.29005812,-0.69112102,-5.1993376,0.25360621,-5.1993376,5.1993376,1.0685216,2.1196682,-0.001254569,-5.1993376
3409,-5.1993376,0.49638952,-0.1422445,-0.39384742,-0.26398459,-0.1422445,-0.67055744,5.1993376,5.1993376,-5.1993376,0.69910809,-0.17527843,-5.1993376
3410,-5.1993376,0.94169982,-0.1422445,0.13337869,-0.83733836,-5.1993376,0.25360621,-5.1993376,-5.1993376,1.0082941,0.69910809,0.58052362,1.6695499
3411,1.4181186,1.6691125,1.649237,0.68001258,-0.26398459,0.62109893,2.1696941,5.1993376,5.1993376,1.0552931,0.18547963,1.464186,1.2127505
3412,-5.1993376,-0.0050182959,-1.1644437,-0.6150245,-1.7219141,-0.1422445,-0.67055744,5.1993376,5.1993376,-5.1993376,2.1196682,-1.6691125,-5.1993376
3413,-5.1993376,0.90330062,0.2239158,0.61199579,0.63946185,-5.1993376,0.25360621,-5.1993376,-5.1993376,1.2982711,0.18547963,-0.001254569,-5.1993376
3414,-5.1993376,0.035135151,1.2640664,1.2640664,-0.83733836,-5.1993376,0.25360621,-5.1993376,5.1993376,0.48930663,0.69910809,-0.79704409,2.0750987
3415,0.51349142,-1.4654086,-0.7315153,-2.5423492,0.17400458,-0.1422445,1.2447784,5.1993376,-5.1993376,-0.78332986,-1.1694007,-1.2502419,-5.1993376
3416,-5.1993376,-1.3716572,-1.1644437,-0.72008693,0.63946185,-5.1993376,0.25360621,5.1993376,-5.1993376,-0.11441489,0.18547963,-0.57311539,1.2993797
3417,-5.1993376,0.98154039,-0.43348197,-0.089192496,-0.69112102,-5.1993376,0.25360621,5.1993376,-5.1993376,-0.78332986,0.69910809,-0.001254569,-5.1993376
3418,-5.1993376,-0.63025382,1.649237,0.47100434,0.30448193,-5.1993376,0.25360621,-5.1993376,-5.1993376,0.40471681,-1.1694007,0.14858402,-5.1993376
3419,-5.1993376,0.14731565,-0.7315153,0.17400458,0.63946185,0.29660674,-1.1768904,5.1993376,5.1993376,-5.1993376,-0.60746322,-1.4678604,0.95151828
3420,0.51349142,-0.21491982,0.2239158,0.36821529,-0.69112102,0.29660674,0.25360621,5.1993376,5.1993376,-0.17018472,0.69910809,0.14858402,-5.1993376
3421,-5.1993376,0.29005812,0.55253687,1.2640664,-1.6299924,-5.1993376,0.25360621,5.1993376,5.1993376,0.06025574,2.1196682,-0.57311539,0.97748656
3422,-5.1993376,0.7152178,0.91087287,1.4181186,-0.83733836,-5.1993376,0.25360621,5.1993376,-5.1993376,-0.36017172,0.69910809,-1.0230033,0.23938016
3423,-5.1993376,-0.52066149,0.11820414,0.21235277,-1.3219458,-5.1993376,0.25360621,-5.1993376,-5.1993376,0.26658359,0.69910809,-0.17527843,-5.1993376
3424,1.4181186,-0.52066149,-0.1422445,0.17400458,-0.97143575,1.0774455,0.89765526,5.1993376,-5.1993376,0.8570968,0.69910809,0.98561042,0.52930109
3425,1.0230033,-0.20081806,-0.7315153,-0.44869228,-0.83733836,0.87535389,0.25360621,5.1993376,-5.1993376,1.358913,-0.60746322,1.2339616,0.80222568
3426,-5.1993376,-0.68317781,0.2239158,0.36821529,0.30448193,-5.1993376,0.25360621,5.1993376,5.1993376,-5.1993376,0.69910809,-1.4678604,-5.1993376
3427,0.51349142,-0.42660141,-0.7315153,-0.44869228,-0.83733836,-0.1422445,1.2447784,5.1993376,-5.1993376,-0.78332986,0.69910809,-1.2502419,-5.1993376
3428,1.0230033,0.57607489,-0.7315153,-0.72008693,0.97546566,0.29660674,1.761948,5.1993376,-5.1993376,-0.92233022,-0.21363612,1.9858764,0.66675955
3429,0.51349142,0.55107599,0.55253687,1.0230033,-1.8658521,-0.1422445,1.2447784,5.1993376,5.1993376,-0.55985906,2.1196682,2.1968939,-5.1993376
3430,0.51349142,-0.83200627,-5.1993376,-1.505747,1.6022103,1.2612822,-1.1768904,-5.1993376,5.1993376,-5.1993376,-5.1993376,-0.36553148,0.32028968
3431,-5.1993376,-2.0177871,-0.7315153,-1.8179677,1.8877534,0.29660674,-1.1768904,5.1993376,-5.1993376,1.337127,-1.1694007,0.98561042,-5.1993376
3432,2.1079532,0.83912102,0.2239158,0.71359852,1.3684503,2.0853556,-0.300542,-5.1993376,5.1993376,-5.1993376,-0.60746322,-0.57311539,-5.1993376
3433,1.4181186,-0.87904038,-0.7315153,-0.6150245,1.2023467,1.4354772,-0.28091085,5.1993376,-5.1993376,-0.55985906,-0.60746322,-0.17527843,-5.1993376
3434,0.51349142,-0.70392179,-0.1422445,-0.041412601,1.3684503,0.62109893,-0.36687305,5.1993376,5.1993376,0.96742157,-0.60746322,-0.57311539,0.22906446
3435,-5.1993376,-0.49922964,-5.1993376,-2.1316816,1.6022103,0.29660674,-1.1768904,5.1993376,5.1993376,-0.92233022,-1.1694007,-1.0230033,-5.1993376
3436,0.51349142,-0.94954727,-0.1422445,-0.18547963,-1.3219458,-0.1422445,1.2447784,5.1993376,-5.1993376,-0.65804298,0.69910809,0.58052362,-5.1993376
3437,1.7679033,1.5255293,-5.1993376,-1.059682,-1.3219458,1.0774455,1.5542696,5.1993376,-5.1993376,-0.17018472,2.1196682,0.71036555,-5.1993376
3438,-5.1993376,-1.2475055,0.2239158,-0.77822491,-0.26398459,0.62109893,-1.5215251,-5.1993376,-5.1993376,-0.78332986,-1.1694007,0.45146888,-5.1993376
3439,1.4181186,1.3978365,0.55253687,0.88088812,-0.26398459,0.62109893,2.1696941,5.1993376,5.1993376,0.0062728847,0.18547963,-0.79704409,-5.1993376
3440,-5.1993376,-1.9956638,0.55253687,-0.90518882,2.1440107,0.29660674,-1.1768904,5.1993376,-5.1993376,0.60897269,-1.1694007,1.2339616,1.0707446
3441,2.8778461,-1.2026127,-0.1422445,1.2895781,-0.26398459,1.9858764,1.0166724,5.1993376,-5.1993376,1.215372,-0.21363612,0.85167519,0.36697024
3442,-5.1993376,0.51349142,0.55253687,0.54088248,-1.3219458,-0.1422445,-0.67055744,-5.1993376,-5.1993376,0.22262957,0.69910809,-0.36553148,0.88326846
3443,-5.1993376,0.47661874,0.2239158,0.68001258,0.97546566,-5.1993376,0.25360621,-5.1993376,-5.1993376,0.86801634,-0.60746322,1.7560546,1.6896701
3444,-5.1993376,0.36955819,1.0841952,1.123415,-0.26398459,-0.1422445,-0.67055744,-5.1993376,5.1993376,-0.92233022,-0.60746322,-0.17527843,-5.1993376
3445,-5.1993376,0.31105902,0.55253687,0.50492201,-1.3219458,-5.1993376,0.25360621,5.1993376,-5.1993376,1.505747,0.69910809,-0.36553148,-5.1993376
3446,-5.1993376,0.52209871,1.401177,1.792374,-0.26398459,-0.1422445,-0.67055744,5.1993376,-5.1993376,-0.22648938,0.69910809,-1.873053,0.71509729
3447,1.0230033,-0.085414417,0.91087287,1.057485,-0.26398459,0.29660674,1.761948,5.1993376,-5.1993376,1.2259427,0.69910809,-1.873053,-5.1993376
3448,-5.1993376,1.3846283,1.649237,0.43900121,-0.26398459,-0.1422445,-0.67055744,-5.1993376,-5.1993376,-0.17018472,-0.21363612,0.29922973,0.49213682
3449,1.0230033,0.27699782,-1.1644437,-0.44869228,-0.26398459,0.62109893,0.96142934,5.1993376,-5.1993376,0.62566982,-0.21363612,0.45146888,-5.1993376
3450,2.1079532,0.26138737,0.55253687,0.47100434,1.8379752,1.8803524,0.25360621,5.1993376,5.1993376,0.45842568,-1.1694007,0.45146888,-5.1993376
3451,-5.1993376,-1.6640817,-5.1993376,-1.8179677,2.1440107,1.0774455,-1.994971,5.1993376,-5.1993376,-0.36017172,-5.1993376,-0.001254569,-5.1993376
3452,-5.1993376,-0.63792343,-0.1422445,-0.6150245,1.0955557,1.2612822,-2.2111272,-5.1993376,-5.1993376,0.22262957,-1.1694007,-0.57311539,-5.1993376
3453,-5.1993376,0.0075274833,-0.1422445,0.17400458,-0.97143575,-5.1993376,0.25360621,5.1993376,-5.1993376,0.84090635,1.3781138,0.71036555,1.1169853
3454,0.51349142,0.29005812,0.55253687,0.61199579,-1.0819398,0.62109893,-0.36687305,-5.1993376,-5.1993376,-0.45564031,0.69910809,-0.79704409,1.3357718
3455,-5.1993376,-0.42660141,1.0841952,1.2075323,-0.83733836,-0.1422445,-0.67055744,5.1993376,-5.1993376,-1.0552931,2.1196682,-1.2502419,0.57755653
3456,-5.1993376,0.60595514,-1.3432866,-0.83912102,2.1440107,-5.1993376,0.25360621,5.1993376,5.1993376,-0.22648938,-0.60746322,-0.36553148,-5.1993376
3457,0.51349142,0.046435725,0.55253687,0.68001258,-0.26398459,0.62109893,-0.36687305,5.1993376,-5.1993376,-0.28744217,0.69910809,0.71036555,-5.1993376
3458,-5.1993376,-0.17018472,0.55253687,0.98561042,-1.3219458,-0.1422445,-0.67055744,5.1993376,-5.1993376,0.0062728847,1.3781138,0.14858402,-5.1993376
3459,0.51349142,-0.83200627,0.55253687,0.57607489,-0.26398459,0.87535389,-0.67055744,5.1993376,-5.1993376,-0.55985906,0.69910809,-1.0230033,-5.1993376
3460,-5.1993376,1.7330708,0.55253687,-0.66428721,-0.26398459,-0.1422445,-0.67055744,5.1993376,-5.1993376,0.90897492,0.69910809,0.71036555,1.7458424
3461,-5.1993376,-5.1993376,-0.7315153,-0.29005812,1.8877534,-5.1993376,0.25360621,-5.1993376,5.1993376,-0.45564031,-1.1694007,-1.2502419,-5.1993376
3462,0.51349142,0.98154039,-0.7315153,0.092971849,-1.3219458,0.29660674,0.25360621,5.1993376,5.1993376,-0.17018472,-0.21363612,-0.57311539,-5.1993376
3463,1.0230033,0.5642668,-0.48648036,-0.13591068,-0.69112102,0.29660674,1.761948,-5.1993376,-5.1993376,0.98969684,-0.60746322,-0.79704409,0.22078856
3464,-5.1993376,-0.72660581,-0.1422445,0.29267606,1.3684503,1.0774455,-1.994971,5.1993376,-5.1993376,-0.65804298,-0.60746322,-0.36553148,-5.1993376
3465,1.7679033,-1.1140325,2.1968939,1.4181186,-1.3219458,1.7444475,-0.27439149,5.1993376,5.1993376,1.0685216,0.69910809,1.9858764,0.65325448
3466,-5.1993376,0.30185479,0.55253687,0.25360621,-0.69112102,-5.1993376,0.25360621,5.1993376,5.1993376,-0.45564031,-0.60746322,0.71036555,1.4501454
3467,1.0230033,-1.3846283,-0.1422445,-0.34149266,0.63946185,0.29660674,1.761948,5.1993376,5.1993376,-0.36017172,0.18547963,0.85167519,0.40199502
3468,-5.1993376,0.76639141,0.81387648,0.71359852,-1.3219458,-5.1993376,0.25360621,-5.1993376,-5.1993376,0.37628274,1.3781138,0.29922973,-5.1993376
3469,0.51349142,0.86618925,2.4320167,0.98561042,0.087932998,1.4354772,-1.3846283,-5.1993376,-5.1993376,1.1328976,0.18547963,0.14858402,1.1804084
3470,-5.1993376,-0.42660141,-0.1422445,-0.34149266,-1.8114574,-5.1993376,0.25360621,5.1993376,5.1993376,-5.1993376,0.69910809,-0.17527843,-5.1993376
3471,-5.1993376,1.5255293,1.1794018,1.792374,-0.83733836,-0.1422445,-0.67055744,-5.1993376,-5.1993376,1.1163689,0.18547963,-0.001254569,0.63284993
3472,-5.1993376,-0.20081806,-1.3432866,-0.34149266,-0.26398459,-5.1993376,0.25360621,5.1993376,-5.1993376,0.60897269,-0.21363612,-0.57311539,0.59148148
3473,-5.1993376,0.36955819,-0.7315153,-0.089192496,-0.26398459,-5.1993376,0.25360621,5.1993376,-5.1993376,-0.92233022,1.3781138,-1.873053,0.18931001
3474,-5.1993376,-0.58498388,0.55253687,0.57607489,0.30448193,-5.1993376,0.25360621,5.1993376,5.1993376,0.10810309,0.69910809,0.14858402,-5.1993376
3475,0.51349142,-0.028859086,0.55253687,-1.505747,1.2023467,2.1696941,-2.1196682,-5.1993376,5.1993376,0.68159434,-5.1993376,0.85167519,1.2970269
3476,0.51349142,-1.4941549,-0.43348197,-0.041412601,-0.26398459,0.29660674,0.25360621,5.1993376,5.1993376,-5.1993376,-0.21363612,0.85167519,0.59458232
3477,-5.1993376,0.7152178,0.11820414,-0.39384742,-0.26398459,-0.1422445,-0.67055744,-5.1993376,5.1993376,0.79360155,-1.1694007,-0.36553148,-5.1993376
3478,-5.1993376,0.78162595,0.55253687,0.32954771,-0.97143575,-0.1422445,-0.67055744,5.1993376,-5.1993376,0.37628274,0.69910809,-0.57311539,-5.1993376
3479,-5.1993376,-0.53653104,-0.1422445,-0.44869228,1.0955557,1.2612822,-2.2111272,-5.1993376,5.1993376,1.1497418,-1.1694007,0.98561042,-5.1993376
3480,-5.1993376,-0.058998939,1.649237,-0.089192496,-0.97143575,-5.1993376,0.25360621,5.1993376,-5.1993376,2.0896511,0.18547963,0.71036555,1.5323817
3481,-5.1993376,0.80395767,0.55253687,0.75299744,0.63946185,-5.1993376,0.25360621,5.1993376,5.1993376,1.7274656,0.69910809,-0.79704409,-5.1993376
3482,-5.1993376,-0.32557657,-0.7315153,-0.44869228,-0.26398459,0.62109893,-1.5215251,5.1993376,-5.1993376,0.22262957,0.69910809,-1.873053,0.43197901
3483,0.51349142,1.2075323,-0.43348197,-1.505747,0.63946185,1.2612822,-1.1768904,5.1993376,-5.1993376,0.34948301,0.18547963,0.29922973,1.1786725
3484,-5.1993376,0.70714,-0.1422445,0.092971849,-0.26398459,-0.1422445,-0.67055744,-5.1993376,-5.1993376,-0.55985906,0.18547963,-0.001254569,-5.1993376
3485,-5.1993376,0.29005812,0.55253687,0.78845531,0.63946185,-5.1993376,0.25360621,-5.1993376,5.1993376,-0.78332986,0.18547963,-0.57311539,1.2127505
3486,0.51349142,-1.1140325,-0.7315153,-0.29005812,-1.6299924,-0.1422445,1.2447784,5.1993376,-5.1993376,-0.78332986,1.3781138,-2.1079532,0.37134976
3487,0.51349142,-0.56132709,-0.1422445,0.29267606,1.6022103,-0.1422445,1.2447784,5.1993376,-5.1993376,0.86801634,-1.1694007,1.9858764,-5.1993376
3488,-5.1993376,-0.80569207,0.55253687,0.57607489,0.63946185,-0.1422445,-0.67055744,-5.1993376,-5.1993376,0.06025574,0.69910809,-0.57311539,0.70875186
3489,0.51349142,-0.12705243,-0.1422445,0.32954771,-0.26398459,0.62109893,-0.36687305,5.1993376,-5.1993376,0.70552998,0.18547963,-0.57311539,-5.1993376
3490,-5.1993376,1.0124743,1.649237,1.8448108,-0.83733836,0.29660674,-1.1768904,5.1993376,-5.1993376,-0.11441489,0.69910809,-0.17527843,-5.1993376
3491,-5.1993376,-1.0166724,-0.7315153,-0.50492201,-0.26398459,-5.1993376,0.25360621,5.1993376,-5.1993376,0.34948301,1.3781138,2.0965206,-5.1993376
3492,-5.1993376,0.42385485,1.0841952,2.1316816,-0.83733836,-5.1993376,0.25360621,5.1993376,-5.1993376,1.6733892,-0.21363612,0.71036555,1.8708373
3493,0.51349142,-0.18931001,0.91087287,0.8196557,0.30448193,0.29660674,0.25360621,-5.1993376,-5.1993376,0.98969684,-0.21363612,0.29922973,1.1644437
3494,0.51349142,0.61805886,1.372944,1.4181186,0.30448193,-0.1422445,1.2447784,-5.1993376,-5.1993376,0.18165198,0.18547963,0.14858402,-5.1993376
3495,0.51349142,1.2502419,-0.1422445,0.54088248,0.40471681,0.29660674,0.25360621,5.1993376,5.1993376,-0.45564031,0.18547963,-0.57311539,-5.1993376
3496,-5.1993376,-0.80569207,-1.1644437,-0.50492201,-0.26398459,-0.1422445,-0.67055744,5.1993376,-5.1993376,0.56132709,1.3781138,-0.57311539,1.083307
3497,1.4181186,1.2502419,0.55253687,0.17400458,-0.83733836,0.87535389,1.2447784,5.1993376,5.1993376,-0.78332986,0.18547963,-0.001254569,-5.1993376
3498,-5.1993376,-1.8803524,1.649237,-0.72008693,1.2023467,0.62109893,-1.5215251,-5.1993376,-5.1993376,0.51635627,-1.1694007,0.98561042,0.8552868
3499,0.51349142,0.42385485,0.09675253,0.17400458,0.30448193,0.62109893,-0.36687305,-5.1993376,-5.1993376,-0.45564031,-0.60746322,-0.57311539,-5.1993376
3500,0.51349142,0.056485615,0.55253687,0.84987354,-0.26398459,0.87535389,-0.67055744,5.1993376,5.1993376,0.48930663,-0.60746322,0.45146888,0.94543818
3501,1.0230033,1.6844637,1.649237,0.32954771,-1.3219458,0.62109893,0.96142934,-5.1993376,-5.1993376,0.26658359,1.3781138,0.45146888,2.1702132
3502,0.51349142,0.046435725,1.2640664,1.2640664,0.30448193,0.87535389,-0.67055744,-5.1993376,5.1993376,-5.1993376,-0.21363612,-0.36553148,0.88960027
3503,-5.1993376,0.064026723,-0.1422445,-0.56279634,1.3684503,-5.1993376,0.25360621,5.1993376,-5.1993376,0.22262957,-0.21363612,1.1140325,0.68476299
3504,1.7679033,-0.018819641,0.55253687,0.71359852,-0.26398459,1.8803524,-0.31633038,5.1993376,-5.1993376,-0.55985906,-0.21363612,-0.17527843,-5.1993376
3505,-5.1993376,0.80395767,-0.1422445,-0.18547963,-1.3219458,-5.1993376,0.25360621,5.1993376,-5.1993376,-0.65804298,-0.21363612,-0.17527843,-5.1993376
3506,0.51349142,0.46400712,2.4320167,2.7924863,-0.26398459,-0.1422445,1.2447784,5.1993376,5.1993376,0.4307273,0.69910809,-0.57311539,0.96184759
3507,-5.1993376,-0.67527746,0.91087287,0.17400458,0.63946185,0.29660674,-1.1768904,5.1993376,-5.1993376,2.553011,-0.21363612,1.9858764,0.69667041
3508,-5.1993376,0.27699782,0.55253687,0.47100434,-0.26398459,-0.1422445,-0.67055744,-5.1993376,5.1993376,-0.65804298,0.18547963,-0.57311539,-5.1993376
3509,-5.1993376,-0.63025382,-0.1422445,0.17400458,-0.26398459,-0.1422445,-0.67055744,5.1993376,5.1993376,0.81440074,0.69910809,-1.873053,-5.1993376
3510,-5.1993376,2.5423492,-0.7315153,-0.39384742,-1.3219458,-0.1422445,-0.67055744,5.1993376,-5.1993376,-0.053972647,0.18547963,-2.4320167,-5.1993376
3511,1.0230033,0.53943086,-0.7315153,-1.144896,1.2023467,0.29660674,1.761948,5.1993376,5.1993376,0.60897269,-0.21363612,0.85167519,0.4403831
3512,1.0230033,-0.50777433,0.31085328,0.61199579,-0.26398459,0.87535389,0.25360621,-5.1993376,-5.1993376,-0.28744217,0.18547963,1.6590928,1.0814386
3513,0.51349142,-0.83200627,0.2239158,0.57607489,-0.69112102,0.62109893,-0.36687305,5.1993376,-5.1993376,-0.55985906,1.3781138,-1.4678604,-5.1993376
3514,0.51349142,2.5423492,0.55253687,0.64872442,-2.0431151,0.29660674,0.25360621,5.1993376,5.1993376,-5.1993376,0.18547963,-1.6691125,-5.1993376
3515,1.0230033,0.97344873,0.55253687,1.057485,0.97546566,0.29660674,1.761948,5.1993376,-5.1993376,-1.0552931,-0.21363612,0.14858402,0.44965906
3516,-5.1993376,-0.26268576,-0.1422445,0.0062728847,-1.3219458,-5.1993376,0.25360621,5.1993376,5.1993376,1.0685216,0.69910809,1.9858764,1.1318206
3517,1.4181186,1.3249577,-0.1422445,-1.059682,-0.83733836,1.5843543,-0.36687305,-5.1993376,-5.1993376,1.358913,-0.60746322,0.85167519,2.9039919
3518,2.1079532,-1.3526228,-5.1993376,-1.9858764,-0.26398459,1.2612822,1.761948,5.1993376,-5.1993376,1.1328976,0.69910809,-0.79704409,-5.1993376
3519,0.51349142,-1.0082941,0.55253687,0.71359852,-1.3219458,-0.1422445,1.2447784,-5.1993376,-5.1993376,0.70552998,0.18547963,-1.2502419,-5.1993376
3520,-5.1993376,1.5459273,-0.1422445,-0.13591068,-0.26398459,-5.1993376,0.25360621,5.1993376,5.1993376,-0.22648938,0.18547963,3.0899352,-5.1993376
3521,-5.1993376,0.78162595,-0.7315153,-0.50492201,-0.69112102,-5.1993376,0.25360621,5.1993376,-5.1993376,-1.0552931,1.3781138,-1.6691125,-5.1993376
3522,0.51349142,-1.8803524,1.649237,-0.50492201,0.63946185,0.29660674,0.25360621,-5.1993376,-5.1993376,-0.36017172,-1.1694007,2.1968939,1.6615767
3523,1.0230033,0.44314942,-0.1422445,-0.089192496,-0.26398459,1.0774455,-0.300542,5.1993376,-5.1993376,0.18165198,-0.60746322,0.58052362,-5.1993376
3524,-5.1993376,2.0853556,0.55253687,1.1546147,-2.0431151,-0.1422445,-0.67055744,-5.1993376,-5.1993376,-0.28744217,0.18547963,0.58052362,1.2127505
3525,-5.1993376,-0.53653104,-0.7315153,-0.23808933,0.63946185,-0.1422445,-0.67055744,5.1993376,5.1993376,0.10810309,1.3781138,0.71036555,-5.1993376
3526,-5.1993376,-1.5376912,1.649237,1.5096564,-0.26398459,-5.1993376,0.25360621,-5.1993376,-5.1993376,-0.17018472,-0.21363612,0.85167519,0.21912355
3527,-5.1993376,0.36017172,0.11820414,-0.23808933,0.63946185,0.62109893,-1.5215251,5.1993376,-5.1993376,0.77314015,-0.60746322,-0.001254569,-5.1993376
3528,1.0230033,1.8448108,0.2239158,-0.56279634,-1.8658521,1.0774455,-0.300542,5.1993376,-5.1993376,0.8570968,0.18547963,0.58052362,1.9072645
3529,1.0230033,1.3249577,1.1794018,0.05146002,-0.26398459,0.62109893,0.96142934,5.1993376,-5.1993376,0.10810309,0.18547963,0.45146888,-5.1993376
3530,0.51349142,0.21620388,1.2640664,1.123415,-0.26398459,0.62109893,-0.36687305,-5.1993376,-5.1993376,-0.65804298,-0.21363612,1.1140325,0.53321703
3531,1.4181186,1.2724784,-5.1993376,-1.3684503,0.087932998,0.62109893,2.1696941,5.1993376,5.1993376,-5.1993376,0.18547963,-0.79704409,-5.1993376
3532,-5.1993376,-1.3781138,-0.7315153,-0.77822491,0.63946185,-0.1422445,-0.67055744,5.1993376,-5.1993376,0.96742157,-0.60746322,0.58052362,1.9548095
3533,-5.1993376,1.0640914,-0.7315153,-0.56279634,-1.3219458,-5.1993376,0.25360621,5.1993376,-5.1993376,0.0062728847,0.69910809,-0.79704409,-5.1993376
3534,1.0230033,-0.31237604,-0.1422445,0.21235277,0.63946185,0.29660674,1.761948,5.1993376,-5.1993376,0.56132709,1.3781138,-1.2502419,-5.1993376
3535,-5.1993376,-1.2809814,-5.1993376,-1.3684503,-0.26398459,0.29660674,-1.1768904,5.1993376,-5.1993376,-0.78332986,0.69910809,-1.2502419,-5.1993376
3536,0.51349142,0.93390994,-5.1993376,-1.3684503,-0.26398459,-0.1422445,1.2447784,5.1993376,-5.1993376,-5.1993376,0.18547963,-0.001254569,0.75877852
3537,0.51349142,0.45424896,1.649237,0.78845531,-1.3219458,-0.1422445,1.2447784,5.1993376,-5.1993376,1.9856903,-0.21363612,2.1968939,0.93003618
3538,1.4181186,-0.0050182959,1.649237,1.2075323,0.17400458,1.4354772,-0.28091085,5.1993376,-5.1993376,0.56132709,0.18547963,0.58052362,0.61083628
3539,0.51349142,-0.94561627,-0.7315153,-0.39384742,-1.3219458,0.29660674,0.25360621,5.1993376,-5.1993376,0.56132709,1.3781138,2.5117912,-5.1993376
3540,-5.1993376,-1.3716572,-0.1422445,-1.144896,1.2023467,1.4354772,-2.3863399,-5.1993376,5.1993376,-0.36017172,-1.1694007,0.85167519,-5.1993376
3541,-5.1993376,-0.86436505,1.0841952,0.98561042,-0.26398459,-5.1993376,0.25360621,5.1993376,-5.1993376,0.70552998,-0.21363612,0.45146888,2.1955193
3542,-5.1993376,-0.57755653,0.55253687,0.47100434,-0.26398459,0.87535389,-1.7986626,-5.1993376,-5.1993376,1.3189459,-0.60746322,0.85167519,0.84090635
3543,1.0230033,0.22648938,-0.1422445,0.05146002,-1.0819398,0.62109893,0.96142934,5.1993376,-5.1993376,0.58796385,0.69910809,-1.0230033,-5.1993376
3544,-5.1993376,-0.9165865,-0.1422445,-0.66428721,-0.83733836,-5.1993376,0.25360621,5.1993376,5.1993376,-5.1993376,0.69910809,0.71036555,0.30448193
3545,-5.1993376,-0.52066149,-0.43348197,0.05146002,0.63946185,-5.1993376,0.25360621,5.1993376,-5.1993376,-0.92233022,1.3781138,0.45146888,0.42932743
3546,-5.1993376,-0.97143575,-1.1644437,-0.44869228,-1.6299924,-5.1993376,0.25360621,5.1993376,5.1993376,-0.78332986,0.69910809,0.45146888,-5.1993376
3547,-5.1993376,-0.31237604,-0.7315153,-0.56279634,-0.26398459,-0.1422445,-0.67055744,5.1993376,5.1993376,-5.1993376,0.69910809,1.9858764,-5.1993376
3548,-5.1993376,-0.42660141,-0.1422445,0.29267606,-0.97143575,-5.1993376,0.25360621,5.1993376,-5.1993376,0.79360155,1.3781138,1.1140325,0.57903944
3549,-5.1993376,-1.1140325,0.2239158,0.50492201,-0.26398459,0.29660674,-1.1768904,5.1993376,-5.1993376,2.3579896,0.69910809,1.1140325,-5.1993376
3550,-5.1993376,0.66741904,0.55253687,0.32954771,-0.26398459,-0.1422445,-0.67055744,-5.1993376,-5.1993376,-0.92233022,0.18547963,-0.36553148,0.44477685
3551,-5.1993376,-1.2206403,-0.7315153,-1.505747,1.6022103,-5.1993376,0.25360621,5.1993376,5.1993376,0.68159434,-1.1694007,1.3494976,-5.1993376
3552,-5.1993376,0.96742157,0.55253687,0.91467864,-0.26398459,-5.1993376,0.25360621,5.1993376,-5.1993376,-0.45564031,1.3781138,-2.1079532,0.51253742
3553,0.51349142,1.2286069,-0.7315153,-0.56279634,-0.26398459,-0.1422445,1.2447784,5.1993376,5.1993376,-5.1993376,0.69910809,-1.4678604,-5.1993376
3554,-5.1993376,0.51349142,0.2239158,-0.23808933,-0.26398459,-5.1993376,0.25360621,5.1993376,5.1993376,-5.1993376,-0.60746322,-1.873053,0.98765156
3555,0.51349142,-0.7697614,0.2239158,0.91467864,0.17400458,0.29660674,0.25360621,5.1993376,5.1993376,-0.45564031,0.18547963,-0.79704409,-5.1993376
3556,-5.1993376,-0.93585209,0.91087287,0.71359852,0.30448193,0.29660674,-1.1768904,5.1993376,-5.1993376,-0.78332986,-1.1694007,0.45146888,0.20138729
3557,0.51349142,-0.42660141,-0.1422445,-0.041412601,0.63946185,-0.1422445,1.2447784,-5.1993376,-5.1993376,-0.78332986,0.69910809,-0.79704409,-5.1993376
3558,0.51349142,0.17655256,0.2239158,0.43900121,0.30448193,1.0774455,-0.98765156,-5.1993376,-5.1993376,0.37628274,-1.1694007,-0.17527843,-5.1993376
3559,-5.1993376,0.64254324,-0.1422445,0.17400458,0.30448193,0.29660674,-1.1768904,5.1993376,-5.1993376,-0.36017172,0.18547963,0.71036555,0.46301836
3560,-5.1993376,-1.1982142,-0.1422445,0.29267606,0.63946185,-5.1993376,0.25360621,5.1993376,5.1993376,0.40471681,0.18547963,0.29922973,0.73973722
3561,0.51349142,-0.27439149,-5.1993376,-1.2529876,-0.26398459,0.29660674,0.25360621,5.1993376,-5.1993376,-0.22648938,-1.1694007,-0.57311539,-5.1993376
3562,-5.1993376,-0.13591068,-0.7315153,-0.39384742,0.63946185,1.2612822,-2.2111272,5.1993376,5.1993376,-0.36017172,-0.60746322,-1.0230033,-5.1993376
3563,0.51349142,-0.89953386,-0.7315153,-0.77822491,-0.26398459,0.29660674,0.25360621,5.1993376,-5.1993376,0.82846465,0.69910809,0.71036555,-5.1993376
3564,-5.1993376,-1.9351663,-5.1993376,-1.505747,1.6022103,0.29660674,-1.1768904,-5.1993376,5.1993376,-5.1993376,-1.1694007,0.71036555,-5.1993376
3565,0.51349142,0.58498388,-1.1644437,-0.77822491,-0.69112102,-0.1422445,1.2447784,-5.1993376,-5.1993376,0.0062728847,2.1196682,-1.0230033,0.91682401
3566,-5.1993376,-1.4045331,-0.1422445,0.0062728847,0.63946185,-5.1993376,0.25360621,5.1993376,-5.1993376,2.2258232,0.69910809,1.464186,1.2806346
3567,-5.1993376,1.5712865,0.55253687,0.13337869,0.63946185,-5.1993376,0.25360621,5.1993376,5.1993376,-5.1993376,0.18547963,-0.36553148,0.34061662
3568,0.51349142,2.181154,-0.1422445,0.13337869,-1.3219458,-0.1422445,1.2447784,5.1993376,5.1993376,2.1874308,0.69910809,2.1968939,-5.1993376
3569,-5.1993376,0.74635093,0.2239158,0.05146002,-0.26398459,-5.1993376,0.25360621,5.1993376,-5.1993376,-0.65804298,0.18547963,-1.6691125,-5.1993376
3570,-5.1993376,-5.1993376,-0.7315153,-1.8179677,2.1440107,-5.1993376,0.25360621,5.1993376,5.1993376,-0.92233022,-1.1694007,-1.4678604,-5.1993376
3571,-5.1993376,0.21620388,-1.1644437,-0.72008693,0.63946185,-5.1993376,0.25360621,5.1993376,5.1993376,-0.92233022,0.69910809,0.45146888,0.42997342
3572,-5.1993376,1.792374,-0.1422445,-1.3684503,0.087932998,-0.1422445,-0.67055744,5.1993376,5.1993376,-5.1993376,-5.1993376,0.14858402,-5.1993376
3573,1.0230033,1.2502419,-1.1644437,-0.18547963,0.30448193,2.1696941,-1.5215251,5.1993376,5.1993376,-5.1993376,-0.21363612,0.29922973,-5.1993376
3574,-5.1993376,-1.003908,0.55253687,0.75299744,0.30448193,0.29660674,-1.1768904,-5.1993376,5.1993376,0.8570968,-0.60746322,0.98561042,0.73973722
3575,-5.1993376,-0.92233022,-0.1422445,-0.98357337,0.63946185,-0.1422445,-0.67055744,5.1993376,-5.1993376,-0.22648938,1.3781138,-0.57311539,1.3109853
3576,0.51349142,-1.5770612,-5.1993376,-0.50492201,-0.26398459,0.29660674,0.25360621,5.1993376,-5.1993376,0.56132709,-0.60746322,-0.001254569,-5.1993376
3577,-5.1993376,0.32161055,-0.7315153,-0.90518882,0.63946185,-5.1993376,0.25360621,5.1993376,-5.1993376,0.98969684,0.69910809,-0.57311539,-5.1993376
3578,-5.1993376,0.1257878,0.55253687,1.2366522,0.97546566,-0.1422445,-0.67055744,5.1993376,-5.1993376,-0.17018472,-0.21363612,0.14858402,-5.1993376
3579,-5.1993376,2.6617295,0.55253687,1.123415,0.63946185,-5.1993376,0.25360621,5.1993376,-5.1993376,-1.0552931,0.18547963,-0.57311539,-5.1993376
3580,-5.1993376,-0.18165198,0.91087287,1.1794018,0.63946185,0.87535389,-1.7986626,-5.1993376,-5.1993376,-0.65804298,-0.60746322,0.85167519,-5.1993376
3581,-5.1993376,-0.64408623,-0.1422445,-1.3684503,0.30448193,-0.1422445,-0.67055744,-5.1993376,5.1993376,-5.1993376,-1.1694007,-0.79704409,-5.1993376
3582,1.4181186,0.58498388,0.2239158,0.092971849,0.087932998,0.87535389,1.2447784,5.1993376,-5.1993376,1.0841952,1.3781138,-0.17527843,-5.1993376
3583,-5.1993376,-1.6996075,1.2640664,-0.34149266,0.17400458,-0.1422445,-0.67055744,-5.1993376,-5.1993376,0.88830934,-1.1694007,0.29922973,-5.1993376
3584,0.51349142,1.0400895,0.55253687,0.78845531,-1.3219458,1.5843543,-1.5215251,-5.1993376,-5.1993376,-0.22648938,0.18547963,0.71036555,0.72543947
3585,-5.1993376,-0.24454752,-1.3041214,-0.98357337,-1.3219458,-5.1993376,0.25360621,5.1993376,-5.1993376,-5.1993376,0.69910809,-1.6691125,-5.1993376
3586,2.1079532,-1.9148113,0.55253687,-0.90518882,1.2023467,1.4354772,1.2447784,5.1993376,-5.1993376,1.5138486,-1.1694007,0.98561042,-5.1993376
3587,-5.1993376,0.10557959,-0.1422445,-0.72008693,-0.83733836,0.29660674,-1.1768904,5.1993376,-5.1993376,-0.78332986,-0.21363612,-1.0230033,-5.1993376
3588,-5.1993376,-1.8252481,1.0841952,-0.50492201,1.2023467,-5.1993376,0.25360621,5.1993376,-5.1993376,0.40471681,-1.1694007,0.29922973,0.49213682
3589,1.4181186,-0.74635093,0.2239158,0.50492201,-0.83733836,0.62109893,2.1696941,5.1993376,-5.1993376,-0.65804298,0.69910809,0.14858402,-5.1993376
3590,-5.1993376,-1.6640817,-5.1993376,-0.6150245,2.1440107,0.62109893,-1.5215251,5.1993376,5.1993376,-1.0552931,-1.1694007,0.85167519,-5.1993376
3591,0.51349142,0.23938016,0.2239158,-0.23808933,-0.26398459,-0.1422445,1.2447784,5.1993376,-5.1993376,2.2358944,0.69910809,1.3494976,1.3795893
3592,-5.1993376,-0.89953386,-0.43348197,-0.6150245,-0.26398459,-5.1993376,0.25360621,5.1993376,-5.1993376,0.64100179,0.69910809,-1.2502419,-5.1993376
3593,0.51349142,0.36955819,-0.7315153,-0.44869228,0.63946185,0.87535389,-0.67055744,5.1993376,5.1993376,-5.1993376,-0.21363612,-0.17527843,-5.1993376
3594,-5.1993376,0.61805886,-1.1644437,-0.98357337,-0.83733836,1.4354772,-2.3863399,-5.1993376,5.1993376,-1.0552931,-0.21363612,-0.36553148,-5.1993376
3595,1.0230033,0.095492152,0.55253687,0.54088248,-0.26398459,1.0774455,-0.300542,5.1993376,-5.1993376,-0.92233022,1.3781138,-1.0230033,0.49213682
3596,-5.1993376,-1.0082941,-0.7315153,0.0062728847,1.6022103,0.62109893,-1.5215251,5.1993376,-5.1993376,0.14858402,-0.60746322,-0.79704409,-5.1993376
3597,0.51349142,-0.018819641,0.2239158,0.54088248,-0.26398459,0.87535389,-0.67055744,5.1993376,5.1993376,-0.36017172,-0.21363612,-0.57311539,-5.1993376
3598,-5.1993376,-0.20081806,0.11820414,0.40607882,0.30448193,0.29660674,-1.1768904,-5.1993376,-5.1993376,0.26658359,-0.60746322,-0.57311539,-5.1993376
3599,-5.1993376,-0.53653104,-0.7315153,0.17400458,-0.26398459,1.2612822,-2.2111272,5.1993376,-5.1993376,0.93779777,-0.60746322,2.1968939,-5.1993376
3600,0.51349142,-1.2529876,-5.1993376,-1.2529876,-0.69112102,0.29660674,0.25360621,5.1993376,5.1993376,-1.0552931,-0.60746322,-0.79704409,-5.1993376
3601,1.0230033,-0.24454752,-1.1644437,-0.98357337,0.97546566,0.29660674,1.761948,5.1993376,5.1993376,-5.1993376,-0.21363612,-0.79704409,-5.1993376
3602,-5.1993376,0.19570018,-0.1422445,-0.77822491,-1.7219141,-5.1993376,0.25360621,5.1993376,-5.1993376,-0.22648938,1.3781138,0.29922973,0.26055479
3603,0.51349142,1.8245559,-0.7315153,-0.34149266,-0.69112102,0.29660674,0.25360621,5.1993376,5.1993376,-0.17018472,0.69910809,-2.4320167,-5.1993376
3604,1.4181186,-0.66898742,-1.1644437,-2.2730524,-1.3219458,0.87535389,1.2447784,5.1993376,-5.1993376,0.29791798,0.69910809,-0.79704409,-5.1993376
3605,-5.1993376,-2.1991706,-0.1422445,-1.144896,1.6022103,1.0774455,-1.994971,-5.1993376,-5.1993376,0.29791798,-1.1694007,0.14858402,-5.1993376
3606,1.7679033,1.3159579,1.401177,0.64872442,-1.3219458,1.4354772,0.87904038,-5.1993376,-5.1993376,-0.45564031,2.1196682,-0.17527843,1.4187474
3607,-5.1993376,0.59693534,0.55253687,1.7055704,0.63946185,-0.1422445,-0.67055744,5.1993376,5.1993376,1.4568958,-0.21363612,0.85167519,0.61957818
3608,-5.1993376,-0.24454752,-0.1422445,0.092971849,0.63946185,-5.1993376,0.25360621,5.1993376,-5.1993376,1.358913,-0.21363612,0.45146888,0.84852491
3609,1.4181186,0.016310116,-5.1993376,-1.059682,2.1440107,1.2612822,0.25360621,-5.1993376,-5.1993376,-0.28744217,-1.1694007,-0.79704409,-5.1993376
3610,0.51349142,0.17655256,-0.1422445,0.25360621,-0.26398459,1.4354772,-1.3846283,-5.1993376,-5.1993376,-0.45564031,-0.21363612,-0.36553148,0.68476299
3611,-5.1993376,1.0729729,-0.1422445,0.092971849,-0.26398459,-5.1993376,0.25360621,-5.1993376,5.1993376,-0.92233022,0.18547963,-0.79704409,0.25898188
3612,-5.1993376,-5.1993376,0.2239158,-1.2529876,2.1440107,0.62109893,-1.5215251,5.1993376,5.1993376,-0.45564031,-1.1694007,-0.79704409,-5.1993376
3613,-5.1993376,-1.2339616,-0.1422445,0.092971849,0.97546566,-0.1422445,-0.67055744,5.1993376,-5.1993376,0.68159434,-1.1694007,0.58052362,-5.1993376
3614,0.51349142,-0.82317161,-0.7315153,-0.34149266,0.63946185,-0.1422445,1.2447784,5.1993376,-5.1993376,0.0062728847,0.69910809,-0.17527843,-5.1993376
3615,1.4181186,0.20209835,-0.7315153,-0.44869228,1.6022103,1.0774455,0.89765526,-5.1993376,5.1993376,-0.45564031,-0.60746322,0.98561042,-5.1993376
3616,-5.1993376,0.33485067,-1.1644437,0.092971849,-1.3219458,-0.1422445,-0.67055744,5.1993376,5.1993376,-5.1993376,-0.21363612,-0.001254569,-5.1993376
3617,-5.1993376,0.61805886,1.0841952,0.47100434,-0.26398459,1.0774455,-1.994971,5.1993376,5.1993376,-0.78332986,-0.21363612,-0.001254569,-5.1993376
3618,-5.1993376,-1.1140325,-0.7315153,-0.77822491,0.63946185,-5.1993376,0.25360621,5.1993376,-5.1993376,-0.45564031,0.69910809,-1.6691125,-5.1993376
3619,-5.1993376,1.2075323,0.2239158,0.25360621,0.63946185,-0.1422445,-0.67055744,-5.1993376,-5.1993376,0.75800423,-0.60746322,0.14858402,0.59897998
3620,1.4181186,0.1257878,0.55253687,0.91467864,-0.26398459,1.2612822,0.25360621,5.1993376,5.1993376,0.90897492,-0.21363612,-0.17527843,0.4403831
3621,-5.1993376,-0.71359852,-0.1422445,0.05146002,-0.69112102,-5.1993376,0.25360621,5.1993376,-5.1993376,0.7413876,1.3781138,1.2339616,2.2636398
3622,-5.1993376,-0.058998939,1.649237,1.7055704,0.63946185,-5.1993376,0.25360621,5.1993376,-5.1993376,-0.36017172,0.69910809,-0.57311539,-5.1993376
3623,0.51349142,-0.17018472,0.91087287,1.533612,-1.0819398,-0.1422445,1.2447784,5.1993376,5.1993376,0.06025574,1.3781138,0.71036555,0.70073587
3624,-5.1993376,1.199766,0.55253687,0.36821529,0.17400458,-5.1993376,0.25360621,-5.1993376,5.1993376,-0.11441489,-0.60746322,0.45146888,-5.1993376
3625,-5.1993376,0.035135151,-0.1422445,-0.089192496,-2.0431151,-5.1993376,0.25360621,-5.1993376,-5.1993376,-0.65804298,5.1993376,-2.4320167,-5.1993376
3626,0.51349142,-0.26268576,-0.1422445,-0.18547963,-0.26398459,0.87535389,-0.67055744,-5.1993376,-5.1993376,1.4941549,-0.60746322,0.71036555,-5.1993376
3627,-5.1993376,0.84987354,-0.7315153,-0.18547963,-0.26398459,-5.1993376,0.25360621,5.1993376,5.1993376,-5.1993376,0.18547963,-0.57311539,-5.1993376
3628,-5.1993376,-2.1378892,-0.1422445,-1.2529876,1.6022103,0.29660674,-1.1768904,-5.1993376,5.1993376,-5.1993376,-1.1694007,-0.57311539,-5.1993376
3629,-5.1993376,0.25101592,-0.7315153,-0.56279634,-0.26398459,-5.1993376,0.25360621,5.1993376,5.1993376,0.56132709,-0.60746322,-0.57311539,-5.1993376
3630,2.1079532,-1.2420606,-0.7315153,-0.90518882,1.6022103,1.7444475,0.86984634,5.1993376,-5.1993376,-0.053972647,-1.1694007,0.45146888,-5.1993376
3631,-5.1993376,0.17655256,-0.7315153,-0.29005812,0.97546566,-5.1993376,0.25360621,5.1993376,5.1993376,-0.28744217,-0.21363612,1.9858764,0.34619824
3632,0.51349142,1.634747,-0.7315153,-0.34149266,0.63946185,-0.1422445,1.2447784,5.1993376,-5.1993376,1.3781138,0.18547963,0.29922973,0.95151828
3633,1.4181186,-1.4827602,-0.7315153,-0.66428721,-0.69112102,0.62109893,2.1696941,5.1993376,5.1993376,-0.45564031,0.69910809,-0.17527843,-5.1993376
3634,1.4181186,-0.53653104,-5.1993376,-0.77822491,0.17400458,1.0774455,0.89765526,5.1993376,-5.1993376,0.22262957,-1.1694007,-0.001254569,-5.1993376
3635,-5.1993376,-1.1873621,-1.0382405,-1.6590928,2.1440107,-0.1422445,-0.67055744,-5.1993376,5.1993376,-5.1993376,-5.1993376,-0.57311539,-5.1993376
3636,0.51349142,-0.95547144,0.55253687,-0.98357337,1.3684503,1.2612822,-1.1768904,-5.1993376,5.1993376,0.26658359,-1.1694007,-0.001254569,-5.1993376
3637,-5.1993376,-1.9819247,0.55253687,-0.50492201,1.2023467,0.29660674,-1.1768904,5.1993376,5.1993376,-0.55985906,-1.1694007,1.5669896,-5.1993376
3638,-5.1993376,-0.20081806,-0.1422445,-0.041412601,-0.26398459,-5.1993376,0.25360621,5.1993376,-5.1993376,3.0314296,1.3781138,2.3076067,-5.1993376
3639,0.51349142,0.34948301,-0.7315153,-0.98357337,0.17400458,-0.1422445,1.2447784,5.1993376,-5.1993376,1.0552931,0.18547963,0.45146888,0.92521107
3640,0.51349142,-0.42660141,-0.7315153,-0.34149266,0.63946185,-0.1422445,1.2447784,5.1993376,-5.1993376,-0.36017172,1.3781138,-0.001254569,1.1644437
3641,0.51349142,-0.74635093,-0.7315153,-0.18547963,-2.0431151,1.7444475,-1.6896701,5.1993376,-5.1993376,-0.28744217,1.3781138,-0.57311539,-5.1993376
3642,-5.1993376,-1.3716572,-5.1993376,-0.72008693,-0.26398459,-5.1993376,0.25360621,5.1993376,5.1993376,-0.92233022,0.18547963,-1.6691125,-5.1993376
3643,-5.1993376,0.99174625,-0.1422445,0.13337869,0.40471681,-5.1993376,0.25360621,5.1993376,5.1993376,0.37628274,0.69910809,1.8952593,-5.1993376
3644,-5.1993376,1.3340661,-0.7315153,-0.44869228,-2.6965111,-5.1993376,0.25360621,5.1993376,-5.1993376,-1.0552931,1.3781138,-2.4320167,-5.1993376
3645,-5.1993376,-1.1140325,-0.7315153,-1.3684503,-0.26398459,-0.1422445,-0.67055744,5.1993376,-5.1993376,-0.65804298,1.3781138,0.71036555,1.0795356
3646,-5.1993376,0.11820414,1.649237,1.2075323,-0.69112102,-5.1993376,0.25360621,-5.1993376,-5.1993376,0.34948301,-1.1694007,0.14858402,0.35189401
3647,-5.1993376,-0.33617787,-0.1422445,-1.505747,-0.26398459,-5.1993376,0.25360621,-5.1993376,5.1993376,-5.1993376,1.3781138,-0.17527843,0.9127741
3648,-5.1993376,-1.6252744,-0.1422445,-1.505747,1.2023467,-5.1993376,0.25360621,5.1993376,-5.1993376,-0.65804298,-1.1694007,-0.001254569,-5.1993376
3649,-5.1993376,5.1993376,1.0841952,-0.041412601,-0.26398459,-5.1993376,0.25360621,-5.1993376,5.1993376,-0.17018472,-0.60746322,0.98561042,1.9570324
3650,-5.1993376,1.873053,0.55253687,0.50492201,-0.26398459,-5.1993376,0.25360621,5.1993376,5.1993376,-0.22648938,0.69910809,-1.873053,-5.1993376
3651,0.51349142,-0.92810452,-0.7315153,-0.98357337,0.40471681,0.29660674,0.25360621,-5.1993376,5.1993376,-0.92233022,-1.1694007,-0.36553148,0.73370296
3652,-5.1993376,0.056485615,0.55253687,0.61199579,-0.26398459,-5.1993376,0.25360621,5.1993376,5.1993376,-0.45564031,0.18547963,-0.79704409,0.82317161
3653,1.0230033,0.36017172,-0.43348197,-1.144896,1.2023467,1.2612822,-0.42385485,5.1993376,5.1993376,1.2924649,-1.1694007,1.2339616,-5.1993376
3654,1.0230033,-0.50777433,-1.1644437,-1.144896,0.17400458,0.29660674,1.761948,-5.1993376,5.1993376,-5.1993376,0.18547963,-0.36553148,1.1001397
3655,0.51349142,1.2982711,-5.1993376,-0.23808933,-0.26398459,-0.1422445,1.2447784,5.1993376,5.1993376,-5.1993376,-0.60746322,-1.2502419,-5.1993376
3656,-5.1993376,-1.9819247,0.2239158,-0.6150245,-0.26398459,1.2612822,-2.2111272,-5.1993376,-5.1993376,0.26658359,-1.1694007,0.58052362,-5.1993376
3657,0.51349142,1.199766,0.11820414,0.40607882,-0.97143575,0.87535389,-0.67055744,5.1993376,5.1993376,0.56132709,0.69910809,-0.17527843,0.59201408
3658,0.51349142,-0.42660141,-0.43348197,-0.089192496,-0.83733836,0.29660674,0.25360621,5.1993376,5.1993376,-0.11441489,1.3781138,-1.4678604,-5.1993376
3659,-5.1993376,0.18803291,0.55253687,1.123415,-0.26398459,-5.1993376,0.25360621,5.1993376,-5.1993376,0.82846465,-0.21363612,-0.36553148,0.60586796
3660,1.0230033,0.9165865,-0.1422445,0.88088812,-0.83733836,0.29660674,1.761948,5.1993376,5.1993376,0.18165198,0.18547963,0.29922973,0.30711117
3661,-5.1993376,-0.42660141,-0.7315153,-0.44869228,0.087932998,-5.1993376,0.25360621,5.1993376,5.1993376,-5.1993376,1.3781138,-1.6691125,-5.1993376
3662,0.51349142,-0.24454752,-5.1993376,-0.72008693,0.63946185,-0.1422445,1.2447784,5.1993376,-5.1993376,-1.0552931,1.3781138,0.29922973,0.58251447
3663,-5.1993376,-0.018819641,0.82669773,0.95151828,0.17400458,0.87535389,-1.7986626,-5.1993376,5.1993376,-5.1993376,-0.21363612,-0.79704409,-5.1993376
3664,0.51349142,1.3249577,1.649237,0.84987354,-0.69112102,-0.1422445,1.2447784,5.1993376,-5.1993376,3.1008272,-0.60746322,2.8778461,1.3847599
3665,-5.1993376,1.2206403,-0.1422445,-0.089192496,-1.3219458,-5.1993376,0.25360621,5.1993376,-5.1993376,0.10810309,0.69910809,-0.57311539,0.70673303
3666,1.0230033,1.8379752,-5.1993376,-1.6590928,-1.7219141,0.62109893,0.96142934,-5.1993376,-5.1993376,0.324254,-0.21363612,0.85167519,-5.1993376
3667,0.51349142,0.76639141,0.55253687,0.75299744,-1.0819398,-0.1422445,1.2447784,5.1993376,-5.1993376,1.4568958,2.1196682,0.71036555,0.92568821
3668,0.51349142,0.80395767,1.3498586,0.40607882,-0.97143575,0.87535389,-0.67055744,-5.1993376,-5.1993376,-0.28744217,-0.21363612,-0.79704409,-5.1993376
3669,0.51349142,-0.23292993,0.13811333,-0.72008693,0.63946185,0.29660674,0.25360621,-5.1993376,-5.1993376,-0.22648938,-1.1694007,-0.57311539,-5.1993376
3670,0.51349142,-0.2239158,0.91087287,1.2640664,0.30448193,1.0774455,-0.98765156,5.1993376,-5.1993376,-0.22648938,-0.60746322,-0.17527843,-5.1993376
3671,0.51349142,0.74635093,0.55253687,0.29267606,0.30448193,0.29660674,0.25360621,5.1993376,5.1993376,0.40471681,0.69910809,0.14858402,-5.1993376
3672,1.4181186,0.23938016,-0.1422445,-0.041412601,0.087932998,1.4354772,-0.28091085,5.1993376,5.1993376,-0.92233022,0.69910809,2.5117912,-5.1993376
3673,-5.1993376,0.55107599,0.2239158,0.36821529,-0.69112102,-5.1993376,0.25360621,5.1993376,5.1993376,-1.0552931,0.69910809,-1.0230033,-5.1993376
3674,0.51349142,0.76639141,0.55253687,0.98561042,1.2023467,1.5843543,-1.5215251,-5.1993376,5.1993376,-0.36017172,-0.60746322,-0.36553148,-5.1993376
3675,0.51349142,1.1047469,-0.7315153,-0.39384742,0.17400458,0.29660674,0.25360621,5.1993376,-5.1993376,0.45842568,0.18547963,-0.17527843,1.2532863
3676,-5.1993376,0.10557959,-0.1422445,1.1546147,0.40471681,0.62109893,-1.5215251,-5.1993376,5.1993376,-0.78332986,-0.60746322,0.29922973,-5.1993376
3677,-5.1993376,1.9876517,-0.7315153,-2.5423492,0.17400458,0.29660674,-1.1768904,5.1993376,5.1993376,-5.1993376,-5.1993376,0.85167519,0.32028968
3678,-5.1993376,-0.85167519,-0.7315153,-0.90518882,-1.6299924,-5.1993376,0.25360621,5.1993376,-5.1993376,-0.78332986,1.3781138,1.6590928,-5.1993376
3679,-5.1993376,-0.18165198,0.2239158,0.64872442,-0.97143575,-0.1422445,-0.67055744,-5.1993376,5.1993376,0.22262957,1.3781138,-0.17527843,0.57903944
3680,0.51349142,-0.0050182959,1.3512394,1.358913,-0.97143575,0.62109893,-0.36687305,-5.1993376,-5.1993376,0.26658359,1.3781138,0.98561042,0.55985906
3681,-5.1993376,0.52209871,-0.7315153,-1.3684503,2.1440107,-5.1993376,0.25360621,5.1993376,5.1993376,-5.1993376,-5.1993376,0.29922973,-5.1993376
3682,0.51349142,1.0729729,0.55253687,0.29267606,-0.26398459,0.29660674,0.25360621,5.1993376,-5.1993376,0.0062728847,0.18547963,-0.79704409,-5.1993376
3683,-5.1993376,0.20209835,0.55253687,0.8196557,-1.3219458,-5.1993376,0.25360621,5.1993376,5.1993376,-0.28744217,0.69910809,-1.873053,0.49213682
3684,-5.1993376,0.63485111,0.55253687,0.61199579,-0.26398459,-5.1993376,0.25360621,5.1993376,5.1993376,0.53653104,0.69910809,1.3494976,0.25231085
3685,-5.1993376,0.33485067,1.0841952,0.21235277,0.63946185,-5.1993376,0.25360621,5.1993376,-5.1993376,0.72334253,0.18547963,1.464186,0.90064307
3686,-5.1993376,0.58498388,-0.1422445,-0.83912102,-0.26398459,-5.1993376,0.25360621,5.1993376,-5.1993376,0.0062728847,-0.21363612,-1.2502419,-5.1993376
3687,1.4181186,0.93003618,0.55253687,0.54088248,-1.3219458,1.2612822,0.25360621,5.1993376,-5.1993376,2.9338771,2.1196682,1.6590928,2.6037148
3688,-5.1993376,-1.6844637,-5.1993376,-0.39384742,0.40471681,-0.1422445,-0.67055744,5.1993376,5.1993376,-5.1993376,-0.21363612,0.98561042,-5.1993376
3689,-5.1993376,1.1644437,1.649237,1.358913,-0.26398459,-5.1993376,0.25360621,5.1993376,-5.1993376,0.68159434,0.69910809,-0.57311539,0.16489239
3690,1.4181186,0.33485067,0.2239158,1.7330708,0.17400458,1.0774455,0.89765526,-5.1993376,-5.1993376,1.5756126,-0.21363612,0.85167519,0.83912102
3691,-5.1993376,0.0075274833,0.55253687,0.32954771,-1.3219458,-5.1993376,0.25360621,5.1993376,-5.1993376,-0.65804298,0.69910809,0.14858402,-5.1993376
3692,-5.1993376,1.5255293,-0.7315153,-0.50492201,-0.26398459,-5.1993376,0.25360621,5.1993376,5.1993376,-0.55985906,0.69910809,-2.4320167,-5.1993376
3693,-5.1993376,0.57607489,0.55253687,0.91467864,0.63946185,-0.1422445,-0.67055744,5.1993376,-5.1993376,1.6733892,0.69910809,-0.001254569,-5.1993376
3694,0.51349142,0.27699782,-0.7315153,-0.77822491,0.40471681,1.4354772,-1.3846283,-5.1993376,5.1993376,0.06025574,-1.1694007,-0.36553148,-5.1993376
3695,-5.1993376,0.80395767,-5.1993376,-1.144896,-0.26398459,-5.1993376,0.25360621,5.1993376,5.1993376,-0.45564031,-1.1694007,0.85167519,-5.1993376
3696,-5.1993376,-1.5176114,0.55253687,-1.144896,1.6022103,0.87535389,-1.7986626,-5.1993376,5.1993376,-5.1993376,-5.1993376,-0.36553148,-5.1993376
3697,1.4181186,-5.1993376,0.11820414,-1.059682,0.17400458,1.2612822,0.25360621,-5.1993376,5.1993376,-0.22648938,-1.1694007,0.98561042,-5.1993376
3698,0.51349142,1.8517338,0.099525905,0.17400458,-1.3219458,-0.1422445,1.2447784,-5.1993376,-5.1993376,-1.0552931,0.69910809,0.85167519,1.2692169
3699,1.0230033,-0.058998939,0.99791966,0.68001258,-1.3219458,0.29660674,1.761948,-5.1993376,-5.1993376,-0.053972647,0.69910809,0.85167519,1.0077131
3700,0.51349142,0.90330062,1.0841952,2.8817356,-0.83733836,0.29660674,0.25360621,5.1993376,5.1993376,0.40471681,-0.21363612,1.7560546,-5.1993376
3701,-5.1993376,-0.18931001,0.55253687,0.43900121,0.30448193,-5.1993376,0.25360621,5.1993376,-5.1993376,-0.22648938,-0.21363612,-1.0230033,0.18059531
3702,-5.1993376,1.0336468,0.91087287,-0.29005812,0.087932998,0.62109893,-1.5215251,5.1993376,5.1993376,1.2475055,-0.60746322,0.85167519,0.46680326
3703,0.51349142,1.1768904,-1.1644437,-0.66428721,-0.26398459,-0.1422445,1.2447784,5.1993376,-5.1993376,-0.11441489,0.69910809,-2.1079532,-5.1993376
3704,0.51349142,0.66741904,-1.1644437,-1.6590928,0.63946185,1.4354772,-1.3846283,5.1993376,5.1993376,-5.1993376,-1.1694007,-0.001254569,-5.1993376
3705,0.51349142,2.8778461,-0.7315153,-0.23808933,-0.97143575,-0.1422445,1.2447784,-5.1993376,5.1993376,-0.36017172,0.18547963,-1.0230033,-5.1993376
3706,-5.1993376,0.23938016,-0.1422445,0.40607882,-1.3219458,-5.1993376,0.25360621,5.1993376,5.1993376,0.60897269,1.3781138,0.45146888,-5.1993376
3707,-5.1993376,-5.1993376,-5.1993376,-1.8179677,0.63946185,-0.1422445,-0.67055744,5.1993376,5.1993376,-5.1993376,-5.1993376,-0.57311539,-5.1993376
3708,1.4181186,-1.6453107,-1.1644437,-0.72008693,0.30448193,0.62109893,2.1696941,5.1993376,-5.1993376,-0.65804298,0.69910809,-0.17527843,-5.1993376
3709,-5.1993376,0.65648594,0.2239158,0.54088248,-0.97143575,-5.1993376,0.25360621,5.1993376,-5.1993376,1.0685216,0.69910809,0.85167519,0.79884471
3710,-5.1993376,-0.82317161,1.649237,-0.77822491,-0.69112102,-0.1422445,-0.67055744,-5.1993376,-5.1993376,0.324254,-1.1694007,-0.17527843,-5.1993376
3711,1.4181186,-0.13591068,0.2239158,0.64872442,1.6022103,1.5843543,-0.36687305,5.1993376,5.1993376,0.93779777,-0.60746322,0.71036555,1.5843543
3712,1.7679033,0.29005812,0.55253687,1.2366522,0.30448193,1.5843543,0.25360621,-5.1993376,-5.1993376,-0.36017172,-0.60746322,-0.57311539,2.0267204
3713,2.1079532,0.056485615,0.2239158,-0.18547963,0.17400458,1.4354772,1.2447784,5.1993376,-5.1993376,1.1400769,-0.60746322,0.29922973,0.3561587
3714,-5.1993376,-1.5976984,0.55253687,0.43900121,-0.26398459,-5.1993376,0.25360621,5.1993376,5.1993376,0.79360155,0.69910809,0.29922973,-5.1993376
3715,-5.1993376,0.68793853,0.91087287,1.2075323,-0.69112102,-5.1993376,0.25360621,5.1993376,5.1993376,-0.78332986,1.3781138,0.14858402,-5.1993376
3716,-5.1993376,0.59693534,-0.7315153,-0.83912102,0.63946185,-0.1422445,-0.67055744,5.1993376,5.1993376,-5.1993376,1.3781138,0.29922973,0.1474702
3717,1.4181186,-0.23292993,0.55253687,0.43900121,1.0955557,0.87535389,1.2447784,5.1993376,-5.1993376,1.0187781,-0.60746322,0.29922973,1.3912441
3718,-5.1993376,1.7986626,-0.1422445,-0.56279634,0.17400458,-5.1993376,0.25360621,5.1993376,-5.1993376,-5.1993376,-0.21363612,-1.4678604,-5.1993376
3719,-5.1993376,0.29005812,-0.48648036,-1.8179677,-2.0431151,-5.1993376,0.25360621,5.1993376,-5.1993376,0.0062728847,-0.60746322,-0.36553148,0.49213682
3720,0.51349142,1.2286069,-1.1644437,-0.66428721,-2.0431151,-0.1422445,1.2447784,5.1993376,5.1993376,-5.1993376,5.1993376,-1.6691125,0.54386371
3721,-5.1993376,1.5799684,0.55253687,0.13337869,-1.8114574,-5.1993376,0.25360621,5.1993376,-5.1993376,0.81440074,2.1196682,1.464186,0.44965906
3722,-5.1993376,0.47661874,-5.1993376,-1.9858764,1.6022103,-5.1993376,0.25360621,5.1993376,5.1993376,-5.1993376,-5.1993376,-0.57311539,-5.1993376
3723,2.1079532,-1.2924649,-0.1422445,-0.041412601,0.17400458,1.4354772,1.2447784,5.1993376,-5.1993376,0.96742157,-1.1694007,0.29922973,1.7092341
3724,-5.1993376,0.22648938,-0.7315153,-0.50492201,0.63946185,-5.1993376,0.25360621,5.1993376,-5.1993376,0.51635627,0.18547963,-0.57311539,-5.1993376
3725,1.0230033,-0.20081806,-5.1993376,-0.56279634,1.3684503,0.29660674,1.761948,5.1993376,-5.1993376,0.29791798,-0.60746322,-0.17527843,0.29323242
3726,1.4181186,0.70714,1.649237,0.75299744,-0.26398459,0.62109893,2.1696941,5.1993376,-5.1993376,1.2809814,-0.21363612,0.45146888,1.5076125
3727,-5.1993376,-1.3813637,-0.7315153,0.21235277,-0.26398459,-5.1993376,0.25360621,5.1993376,-5.1993376,-1.0552931,-0.21363612,-1.2502419,-5.1993376
3728,-5.1993376,1.0124743,0.31764959,0.092971849,-0.26398459,-0.1422445,-0.67055744,-5.1993376,-5.1993376,-0.22648938,-0.60746322,-0.57311539,-5.1993376
3729,-5.1993376,-0.94757994,-0.7315153,-0.50492201,1.6022103,1.0774455,-1.994971,-5.1993376,5.1993376,0.45842568,-1.1694007,-0.57311539,-5.1993376
3730,-5.1993376,0.11820414,-0.7315153,-0.50492201,-0.26398459,-0.1422445,-0.67055744,5.1993376,-5.1993376,-0.28744217,-0.21363612,0.85167519,-5.1993376
3731,-5.1993376,-1.0336468,-5.1993376,-1.505747,0.97546566,0.29660674,-1.1768904,5.1993376,-5.1993376,0.70552998,-0.21363612,-0.79704409,0.73973722
3732,-5.1993376,-0.6150245,-0.7315153,-0.44869228,0.63946185,-5.1993376,0.25360621,-5.1993376,-5.1993376,0.45842568,0.69910809,-1.0230033,-5.1993376
3733,-5.1993376,-0.42660141,-0.1422445,0.29267606,0.63946185,-5.1993376,0.25360621,5.1993376,-5.1993376,0.10810309,1.3781138,-1.2502419,-5.1993376
3734,0.51349142,0.22648938,0.55253687,0.8196557,0.30448193,-0.1422445,1.2447784,5.1993376,5.1993376,-5.1993376,-0.60746322,0.71036555,-5.1993376
3735,0.51349142,2.1199899,-5.1993376,-0.90518882,-0.26398459,-0.1422445,1.2447784,5.1993376,-5.1993376,-0.053972647,-0.60746322,0.58052362,-5.1993376
3736,-5.1993376,-1.3781138,-1.1644437,-0.18547963,2.1440107,-0.1422445,-0.67055744,5.1993376,-5.1993376,-0.053972647,-0.60746322,1.9858764,-5.1993376
3737,1.4181186,-0.718462,0.2239158,0.29267606,1.2023467,1.2612822,0.25360621,5.1993376,5.1993376,0.75800423,-1.1694007,-0.001254569,0.68476299
3738,-5.1993376,0.93390994,0.91087287,1.2895781,-0.26398459,0.29660674,-1.1768904,5.1993376,-5.1993376,-0.65804298,0.69910809,-0.001254569,0.17336776
3739,-5.1993376,-0.42660141,-0.1422445,0.40607882,-0.26398459,-5.1993376,0.25360621,5.1993376,-5.1993376,-0.92233022,1.3781138,0.29922973,-5.1993376
3740,-5.1993376,-1.2026127,-0.7315153,0.50492201,1.3684503,-5.1993376,0.25360621,5.1993376,-5.1993376,0.65804298,-0.60746322,-1.4678604,-5.1993376
3741,0.51349142,0.60595514,1.0841952,0.71359852,-0.83733836,-0.1422445,1.2447784,5.1993376,5.1993376,0.0062728847,0.69910809,0.14858402,-5.1993376
3742,-5.1993376,1.3716572,-0.7315153,-0.72008693,0.63946185,-5.1993376,0.25360621,5.1993376,5.1993376,-0.65804298,0.69910809,-1.2502419,1.3335175
3743,-5.1993376,1.0124743,-0.48083942,0.13337869,0.087932998,-5.1993376,0.25360621,5.1993376,-5.1993376,-1.0552931,-0.21363612,-2.1079532,-5.1993376
3744,-5.1993376,0.087932998,1.649237,0.75299744,-0.26398459,-5.1993376,0.25360621,5.1993376,5.1993376,0.93779777,-0.21363612,-0.17527843,0.23164106
3745,-5.1993376,0.48789301,-0.1422445,-0.041412601,-0.26398459,-5.1993376,0.25360621,5.1993376,-5.1993376,1.3189459,0.69910809,1.3494976,1.6639744
3746,-5.1993376,1.0487476,2.4320167,1.2895781,-1.0819398,-5.1993376,0.25360621,-5.1993376,-5.1993376,1.0685216,-0.21363612,0.29922973,1.56596
3747,0.51349142,0.23938016,-0.1422445,0.092971849,0.17400458,-0.1422445,1.2447784,5.1993376,5.1993376,0.06025574,0.69910809,0.71036555,-5.1993376
3748,-5.1993376,0.080378865,0.55253687,0.71359852,0.63946185,-5.1993376,0.25360621,5.1993376,-5.1993376,2.0364487,0.18547963,1.5669896,0.74982631
3749,1.7679033,-5.1993376,-0.7315153,-1.144896,3.5119156,2.1696941,-0.67055744,5.1993376,5.1993376,-5.1993376,-5.1993376,-0.36553148,-5.1993376
3750,-5.1993376,-0.99585764,1.0841952,1.3249577,-0.26398459,-5.1993376,0.25360621,5.1993376,-5.1993376,-0.28744217,0.69910809,-1.0230033,-5.1993376
3751,2.8778461,-1.3402005,-0.1422445,-0.39384742,-0.26398459,1.9858764,1.0166724,5.1993376,5.1993376,1.0978448,-0.21363612,0.85167519,-5.1993376
3752,0.51349142,1.588771,1.649237,1.8245559,-1.0819398,0.62109893,-0.36687305,5.1993376,-5.1993376,-0.78332986,0.69910809,0.45146888,0.43061959
3753,1.0230033,0.75466427,0.55253687,-0.23808933,-0.26398459,0.29660674,1.761948,-5.1993376,5.1993376,0.0062728847,-0.60746322,-0.36553148,-5.1993376
3754,1.0230033,-0.13591068,-0.1422445,-0.39384742,-0.26398459,0.29660674,1.761948,5.1993376,-5.1993376,-0.65804298,-1.1694007,-1.2502419,-5.1993376
3755,0.51349142,-0.74635093,-5.1993376,-1.2529876,0.63946185,-0.1422445,1.2447784,5.1993376,-5.1993376,-0.22648938,0.69910809,0.71036555,-5.1993376
3756,2.483413,0.20722283,0.55253687,0.64872442,0.17400458,1.7444475,1.0315088,5.1993376,5.1993376,0.29791798,-0.21363612,0.14858402,0.34120061
3757,-5.1993376,1.7679033,1.0841952,2.3259725,-0.26398459,-5.1993376,0.25360621,-5.1993376,5.1993376,-5.1993376,0.18547963,0.85167519,-5.1993376
3758,-5.1993376,-1.1140325,-0.7315153,-1.8179677,-1.3219458,-5.1993376,0.25360621,5.1993376,5.1993376,-0.45564031,1.3781138,-1.4678604,-5.1993376
3759,0.51349142,0.78162595,-0.1422445,-0.089192496,-0.26398459,0.62109893,-0.36687305,5.1993376,-5.1993376,-0.55985906,0.69910809,0.14858402,-5.1993376
3760,0.51349142,0.39520352,-0.43348197,-0.29005812,-0.83733836,-0.1422445,1.2447784,5.1993376,-5.1993376,-0.22648938,-0.21363612,-1.0230033,0.16759841
3761,1.0230033,0.32161055,-0.1422445,-0.18547963,1.3684503,0.87535389,0.25360621,5.1993376,5.1993376,0.18165198,-1.1694007,-1.2502419,-5.1993376
3762,1.0230033,1.1946284,0.11820414,-0.089192496,-0.26398459,0.62109893,0.96142934,5.1993376,-5.1993376,0.58796385,0.18547963,-0.79704409,0.44682355
3763,-5.1993376,-1.5605743,0.2239158,0.21235277,-0.69112102,-5.1993376,0.25360621,-5.1993376,-5.1993376,0.324254,0.18547963,-1.0230033,0.88557683
3764,1.7679033,-0.49922964,-5.1993376,-1.6590928,0.97546566,2.456904,-1.0187781,5.1993376,-5.1993376,-5.1993376,-1.1694007,0.29922973,0.25231085
3765,-5.1993376,-0.058998939,-0.1422445,0.32954771,0.63946185,-5.1993376,0.25360621,5.1993376,5.1993376,1.4568958,0.69910809,0.85167519,-5.1993376
3766,-5.1993376,-0.66898742,-5.1993376,-0.77822491,2.1440107,-5.1993376,0.25360621,5.1993376,-5.1993376,0.64100179,-1.1694007,-0.17527843,-5.1993376
3767,1.4181186,0.52930109,1.0841952,1.0909946,0.087932998,0.87535389,1.2447784,5.1993376,-5.1993376,0.06025574,0.18547963,0.45146888,0.3561587
3768,-5.1993376,-0.56132709,-0.7315153,-0.44869228,-0.26398459,-5.1993376,0.25360621,5.1993376,5.1993376,-5.1993376,0.18547963,-0.79704409,-5.1993376
3769,0.51349142,1.0124743,-0.1422445,-0.089192496,-0.26398459,-0.1422445,1.2447784,5.1993376,5.1993376,-0.22648938,0.18547963,-0.001254569,-5.1993376
3770,-5.1993376,0.26138737,-5.1993376,-1.9858764,-0.26398459,-5.1993376,0.25360621,5.1993376,5.1993376,-5.1993376,-5.1993376,1.8952593,-5.1993376
3771,-5.1993376,0.60595514,-5.1993376,-1.144896,1.3684503,-0.1422445,-0.67055744,5.1993376,-5.1993376,-0.65804298,-0.21363612,-0.79704409,-5.1993376
3772,0.51349142,-0.13591068,-0.1422445,0.05146002,-1.0819398,-0.1422445,1.2447784,-5.1993376,-5.1993376,-0.053972647,0.69910809,-1.4678604,0.74905365
3773,1.4181186,0.36955819,0.81614989,0.91467864,-0.26398459,1.0774455,0.89765526,-5.1993376,-5.1993376,1.4568958,-1.1694007,0.85167519,0.19709024
3774,0.51349142,-0.49922964,1.649237,0.40607882,-0.26398459,0.62109893,-0.36687305,-5.1993376,5.1993376,0.92233022,-1.1694007,1.3494976,-5.1993376
3775,-5.1993376,-0.8901723,0.55253687,-1.8179677,0.087932998,-0.1422445,-0.67055744,5.1993376,-5.1993376,0.324254,0.18547963,0.58052362,0.41296601
3776,1.0230033,-0.18931001,0.55253687,0.84987354,0.63946185,1.0774455,-0.300542,5.1993376,-5.1993376,0.22262957,-0.60746322,0.85167519,0.61957818
3777,1.0230033,0.53943086,-5.1993376,-1.8179677,-1.3219458,1.5843543,-0.95943959,5.1993376,-5.1993376,0.14858402,-0.60746322,-0.36553148,1.0174351
3778,-5.1993376,0.27699782,1.0841952,0.32954771,-0.26398459,-0.1422445,-0.67055744,-5.1993376,5.1993376,-0.11441489,-0.21363612,-1.0230033,0.53136395
3779,-5.1993376,-1.0336468,-1.0375046,-0.50492201,-0.26398459,-5.1993376,0.25360621,5.1993376,-5.1993376,0.60897269,0.69910809,-0.36553148,0.85772848
3780,-5.1993376,0.57607489,1.649237,0.64872442,0.63946185,-5.1993376,0.25360621,-5.1993376,-5.1993376,0.68159434,-1.1694007,0.29922973,-5.1993376
3781,0.51349142,0.66741904,-0.7315153,-0.72008693,0.30448193,-0.1422445,1.2447784,5.1993376,5.1993376,1.2393519,0.69910809,0.14858402,0.76362787
3782,1.4181186,-2.3647495,-0.7315153,-0.089192496,1.0955557,0.87535389,1.2447784,5.1993376,5.1993376,0.40471681,-0.60746322,0.58052362,-5.1993376
3783,0.51349142,0.016310116,-5.1993376,-0.50492201,1.6022103,0.29660674,0.25360621,5.1993376,-5.1993376,-0.55985906,-0.60746322,1.7560546,0.22713301
3784,1.7679033,0.44314942,0.55253687,-0.23808933,0.63946185,1.0774455,1.5542696,-5.1993376,5.1993376,0.0062728847,-0.21363612,-0.57311539,-5.1993376
3785,1.7679033,0.11820414,2.4320167,2.3042291,-1.3219458,1.5843543,0.25360621,5.1993376,-5.1993376,2.6430577,2.1196682,1.5669896,1.4441789
3786,-5.1993376,1.8086652,-0.7315153,-0.089192496,0.63946185,-0.1422445,-0.67055744,5.1993376,-5.1993376,-0.78332986,0.69910809,0.14858402,1.2769309
3787,-5.1993376,-0.63025382,0.55253687,0.68001258,-0.69112102,-5.1993376,0.25360621,-5.1993376,-5.1993376,-0.65804298,0.69910809,0.29922973,0.26642708
3788,0.51349142,-1.5799684,0.11820414,-1.144896,1.2023467,1.2612822,-1.1768904,-5.1993376,5.1993376,-5.1993376,-1.1694007,-0.17527843,-5.1993376
3789,-5.1993376,-0.27439149,-1.0320954,-0.18547963,1.2023467,0.29660674,-1.1768904,5.1993376,5.1993376,-0.36017172,-0.60746322,1.2339616,-5.1993376
3790,1.0230033,1.4532796,-0.7315153,-0.6150245,-1.3219458,1.0774455,-0.300542,5.1993376,-5.1993376,-0.11441489,0.18547963,-1.4678604,-5.1993376
3791,0.51349142,-0.046435725,0.55253687,0.50492201,0.40471681,-0.1422445,1.2447784,5.1993376,5.1993376,0.68159434,-1.1694007,1.2339616,-5.1993376
3792,-5.1993376,0.5642668,-0.1422445,-0.50492201,-0.26398459,-5.1993376,0.25360621,5.1993376,-5.1993376,0.324254,-0.21363612,1.5669896,0.43348197
3793,1.0230033,-0.42660141,-5.1993376,-0.98357337,-2.0431151,1.0774455,-0.300542,5.1993376,-5.1993376,-0.36017172,0.69910809,-1.2502419,0.36256154
3794,-5.1993376,-2.2078013,-1.1644437,-2.5423492,1.6022103,-0.1422445,-0.67055744,5.1993376,-5.1993376,-5.1993376,-1.1694007,0.29922973,-5.1993376
3795,-5.1993376,-0.07534535,-0.7315153,-0.77822491,-0.69112102,-5.1993376,0.25360621,5.1993376,5.1993376,-0.36017172,1.3781138,-1.0230033,-5.1993376
3796,-5.1993376,-0.89953386,-0.1422445,-0.23808933,0.63946185,0.62109893,-1.5215251,-5.1993376,-5.1993376,-0.45564031,-1.1694007,-0.36553148,-5.1993376
3797,-5.1993376,0.36017172,0.55253687,0.88088812,-0.26398459,0.29660674,-1.1768904,5.1993376,5.1993376,-5.1993376,-0.21363612,1.3494976,0.71180589
3798,-5.1993376,-0.11062728,0.55253687,0.78845531,1.2023467,-0.1422445,-0.67055744,5.1993376,-5.1993376,0.06025574,-0.21363612,-0.001254569,-5.1993376
3799,-5.1993376,-0.75967739,-0.7315153,-0.98357337,0.30448193,0.62109893,-1.5215251,-5.1993376,5.1993376,-0.28744217,1.3781138,-0.001254569,-5.1993376
3800,0.51349142,0.19570018,-0.1422445,0.91467864,-0.26398459,-0.1422445,1.2447784,5.1993376,5.1993376,0.18165198,-0.21363612,1.6590928,-5.1993376
3801,1.7679033,-0.718462,1.649237,0.54088248,-0.97143575,1.4354772,0.87904038,5.1993376,-5.1993376,0.88830934,0.69910809,-0.17527843,1.6739573
3802,-5.1993376,0.23938016,-0.1422445,-0.041412601,-0.26398459,-0.1422445,-0.67055744,5.1993376,5.1993376,-0.36017172,-0.21363612,-0.17527843,-5.1993376
3803,1.0230033,0.57607489,0.2239158,0.61199579,-1.7219141,1.0774455,-0.300542,5.1993376,-5.1993376,-0.78332986,-0.21363612,0.58052362,1.6635241
3804,-5.1993376,-0.58498388,0.55253687,0.17400458,-0.26398459,-5.1993376,0.25360621,5.1993376,-5.1993376,0.64100179,-0.21363612,1.3494976,-5.1993376
3805,-5.1993376,1.2724784,-1.0357896,-0.39384742,-2.6965111,-5.1993376,0.25360621,5.1993376,5.1993376,-5.1993376,2.1196682,-1.4678604,1.3660627
3806,-5.1993376,0.11820414,1.649237,2.1316816,0.30448193,-0.1422445,-0.67055744,-5.1993376,5.1993376,-0.45564031,-0.60746322,0.14858402,-5.1993376
3807,-5.1993376,0.51349142,0.55253687,0.95151828,-0.69112102,-5.1993376,0.25360621,5.1993376,5.1993376,0.06025574,0.69910809,-0.36553148,-5.1993376
3808,0.51349142,2.6617295,-0.7315153,1.0230033,-1.7219141,-0.1422445,1.2447784,5.1993376,5.1993376,-0.92233022,0.18547963,-1.4678604,-5.1993376
3809,-5.1993376,0.31105902,-5.1993376,-1.2529876,-1.3219458,-5.1993376,0.25360621,5.1993376,-5.1993376,0.79360155,0.69910809,-0.17527843,0.76460145
3810,2.8778461,-1.738731,-0.7315153,-1.3684503,2.1440107,1.9858764,1.0166724,-5.1993376,-5.1993376,1.1163689,-5.1993376,0.85167519,-5.1993376
3811,-5.1993376,-0.91087287,-0.7315153,-0.6150245,0.63946185,-5.1993376,0.25360621,5.1993376,5.1993376,0.62566982,0.69910809,0.45146888,0.16934979
3812,-5.1993376,0.69590794,1.0086674,0.95151828,-0.26398459,-0.1422445,-0.67055744,-5.1993376,-5.1993376,1.5932188,0.18547963,0.29922973,2.664362
3813,-5.1993376,-0.77483284,-0.1422445,-1.2529876,2.9674304,-5.1993376,0.25360621,5.1993376,5.1993376,-5.1993376,-5.1993376,-1.2502419,-5.1993376
3814,1.0230033,1.4532796,-1.1644437,-0.44869228,-0.26398459,0.29660674,1.761948,5.1993376,-5.1993376,0.37628274,0.18547963,2.9674304,-5.1993376
3815,-5.1993376,-0.92810452,0.2239158,-1.3684503,1.6022103,1.2612822,-2.2111272,5.1993376,5.1993376,-5.1993376,-5.1993376,-1.0230033,0.55985906
3816,0.51349142,-0.17018472,-0.7315153,-0.18547963,-0.26398459,-0.1422445,1.2447784,5.1993376,-5.1993376,-0.92233022,1.3781138,-2.1079532,-5.1993376
3817,-5.1993376,0.025094008,1.1794018,1.3879077,0.087932998,0.29660674,-1.1768904,-5.1993376,-5.1993376,-0.22648938,-1.1694007,0.14858402,1.8381666
3818,-5.1993376,1.4112933,3.1436875,1.3249577,-0.26398459,-5.1993376,0.25360621,-5.1993376,-5.1993376,0.4307273,0.18547963,1.8952593,2.4005778
3819,1.4181186,0.87719565,0.55253687,0.64872442,-0.26398459,1.2612822,0.25360621,-5.1993376,5.1993376,0.68159434,-0.60746322,-0.17527843,-5.1993376
3820,2.1079532,0.087932998,0.99791966,0.95151828,-0.26398459,1.4354772,1.2447784,-5.1993376,-5.1993376,1.1743865,-0.60746322,0.29922973,0.25231085
3821,-5.1993376,0.65027359,-0.7315153,-0.83912102,0.97546566,-5.1993376,0.25360621,5.1993376,5.1993376,-5.1993376,-0.21363612,0.29922973,-5.1993376
3822,1.0230033,2.1318255,-0.1422445,0.21235277,0.97546566,0.29660674,1.761948,5.1993376,5.1993376,-0.053972647,-0.21363612,-1.2502419,-5.1993376
3823,1.0230033,0.73315571,1.649237,1.5096564,-0.26398459,0.87535389,0.25360621,5.1993376,5.1993376,-0.11441489,0.18547963,-0.57311539,-5.1993376
3824,1.0230033,-1.4496823,-0.1422445,-1.2529876,1.6022103,1.2612822,-0.42385485,-5.1993376,-5.1993376,0.18165198,-5.1993376,-0.17527843,-5.1993376
3825,-5.1993376,-0.2239158,-1.0357896,0.13337869,1.2023467,-0.1422445,-0.67055744,5.1993376,5.1993376,0.18165198,-0.60746322,1.3494976,-5.1993376
3826,-5.1993376,-0.50777433,-0.7315153,0.13337869,1.0955557,-0.1422445,-0.67055744,5.1993376,-5.1993376,0.29791798,-0.60746322,-0.79704409,0.18931001
3827,0.51349142,-0.42660141,-0.7315153,-0.39384742,0.63946185,-0.1422445,1.2447784,5.1993376,-5.1993376,0.40471681,1.3781138,-1.2502419,1.4045331
3828,-5.1993376,0.70714,0.55253687,0.47100434,-0.26398459,-5.1993376,0.25360621,5.1993376,-5.1993376,0.8570968,0.18547963,0.98561042,1.2812027
3829,-5.1993376,0.43210422,-0.7315153,0.0062728847,-0.69112102,-5.1993376,0.25360621,-5.1993376,5.1993376,-0.053972647,0.18547963,0.29922973,-5.1993376
3830,-5.1993376,-5.1993376,-1.1644437,-1.8179677,1.2023467,-0.1422445,-0.67055744,-5.1993376,5.1993376,-5.1993376,-5.1993376,-1.0230033,-5.1993376
3831,-5.1993376,0.66741904,-0.7315153,-2.2730524,0.63946185,-0.1422445,-0.67055744,5.1993376,5.1993376,-0.55985906,0.18547963,-2.4320167,0.8716227
3832,0.51349142,0.41563423,-5.1993376,-0.98357337,1.0955557,1.9858764,-1.9077503,5.1993376,5.1993376,-0.36017172,-1.1694007,-0.36553148,-5.1993376
3833,-5.1993376,-0.60595514,-0.7315153,-0.50492201,0.97546566,-0.1422445,-0.67055744,5.1993376,-5.1993376,0.4307273,-1.1694007,0.29922973,-5.1993376
3834,0.51349142,0.65027359,-0.7315153,-0.50492201,0.97546566,0.29660674,0.25360621,5.1993376,5.1993376,-5.1993376,-0.21363612,0.45146888,-5.1993376
3835,-5.1993376,-1.1140325,-0.1422445,0.05146002,-0.69112102,-5.1993376,0.25360621,-5.1993376,-5.1993376,0.84090635,1.3781138,-1.0230033,-5.1993376
3836,-5.1993376,0.50349739,-0.7315153,-0.29005812,-0.69112102,-5.1993376,0.25360621,5.1993376,-5.1993376,0.26658359,0.69910809,0.29922973,0.61957818
3837,0.51349142,-0.20081806,0.55253687,0.75299744,-0.69112102,0.62109893,-0.36687305,5.1993376,-5.1993376,-0.92233022,0.69910809,0.29922973,-5.1993376
3838,-5.1993376,-0.27439149,1.0841952,1.3879077,-0.26398459,-5.1993376,0.25360621,5.1993376,-5.1993376,-0.65804298,1.3781138,1.8312243,-5.1993376
3839,-5.1993376,-1.9576502,-0.1422445,-1.505747,1.6022103,0.29660674,-1.1768904,5.1993376,-5.1993376,0.75800423,-1.1694007,-0.57311539,-5.1993376
3840,-5.1993376,1.2075323,-0.7315153,-0.089192496,-0.26398459,-5.1993376,0.25360621,5.1993376,5.1993376,-0.36017172,1.3781138,0.29922973,0.18931001
3841,-5.1993376,0.55107599,0.2239158,1.358913,0.63946185,0.29660674,-1.1768904,5.1993376,5.1993376,0.10810309,-0.60746322,0.58052362,0.32028968
3842,-5.1993376,0.94169982,-0.7315153,-0.39384742,-0.83733836,-5.1993376,0.25360621,5.1993376,-5.1993376,-0.17018472,0.69910809,-2.1079532,-5.1993376
3843,0.51349142,-0.42660141,-5.1993376,-0.18547963,0.30448193,-0.1422445,1.2447784,5.1993376,-5.1993376,-5.1993376,-0.21363612,1.1140325,0.25231085
3844,-5.1993376,-2.2392241,-1.3432866,-1.8179677,2.1440107,0.87535389,-1.7986626,5.1993376,5.1993376,-5.1993376,-1.1694007,0.71036555,0.23550885
3845,-5.1993376,0.66741904,-5.1993376,-0.90518882,-0.26398459,-5.1993376,0.25360621,5.1993376,-5.1993376,-0.55985906,0.18547963,-2.4320167,0.40199502
3846,-5.1993376,1.0444088,-0.7315153,-1.2529876,-0.26398459,-0.1422445,-0.67055744,5.1993376,5.1993376,-5.1993376,-5.1993376,1.5669896,1.608697
3847,-5.1993376,-0.2239158,1.2640664,1.0909946,-0.69112102,-5.1993376,0.25360621,-5.1993376,-5.1993376,-0.55985906,1.3781138,-2.1079532,-5.1993376
3848,-5.1993376,0.34948301,0.55253687,1.792374,-0.26398459,-5.1993376,0.25360621,-5.1993376,5.1993376,0.0062728847,0.18547963,-0.57311539,-5.1993376
3849,-5.1993376,0.45424896,1.4354772,1.358913,-0.83733836,-0.1422445,-0.67055744,-5.1993376,5.1993376,0.40471681,-0.21363612,-1.2502419,0.4312279
3850,-5.1993376,0.34948301,-1.1644437,-0.77822491,2.1440107,-5.1993376,0.25360621,-5.1993376,5.1993376,-0.45564031,-1.1694007,-1.2502419,-5.1993376
3851,0.51349142,1.6159455,-1.1644437,-1.505747,0.30448193,1.0774455,-0.98765156,5.1993376,-5.1993376,1.3978365,0.69910809,1.2339616,0.94379737
3852,0.51349142,0.94169982,1.401177,-0.77822491,-1.3219458,0.29660674,0.25360621,5.1993376,-5.1993376,-0.78332986,0.18547963,-0.17527843,-5.1993376
3853,-5.1993376,-1.4827602,-1.3432866,-0.23808933,-0.26398459,-5.1993376,0.25360621,5.1993376,5.1993376,-0.92233022,-0.21363612,0.58052362,-5.1993376
3854,1.4181186,0.080378865,-0.7315153,-1.144896,-0.83733836,1.4354772,-0.28091085,5.1993376,-5.1993376,0.0062728847,0.18547963,0.45146888,0.45285848
3855,-5.1993376,-0.28482819,-0.7315153,-0.13591068,-1.3219458,1.0774455,-1.994971,5.1993376,-5.1993376,-0.45564031,1.3781138,-0.001254569,0.86738056
3856,-5.1993376,0.34948301,0.55253687,1.6067551,0.17400458,-5.1993376,0.25360621,5.1993376,5.1993376,0.0062728847,0.18547963,2.0965206,-5.1993376
3857,0.51349142,-0.64408623,0.91087287,0.84987354,0.087932998,0.29660674,0.25360621,-5.1993376,5.1993376,-0.65804298,-0.21363612,0.58052362,0.54208905
3858,-5.1993376,1.3402005,-5.1993376,-0.6150245,0.97546566,-5.1993376,0.25360621,5.1993376,-5.1993376,-1.0552931,-0.21363612,-1.6691125,0.52258959
3859,-5.1993376,0.36955819,2.9674304,2.2410162,0.63946185,-5.1993376,0.25360621,5.1993376,5.1993376,0.58796385,0.18547963,0.29922973,-5.1993376
3860,0.51349142,-0.018819641,0.55253687,1.4181186,0.087932998,-0.1422445,1.2447784,-5.1993376,-5.1993376,-0.053972647,-0.21363612,-1.6691125,-5.1993376
3861,-5.1993376,-1.5542696,-5.1993376,-0.50492201,1.2023467,0.62109893,-1.5215251,5.1993376,-5.1993376,-0.053972647,-1.1694007,-0.17527843,0.20824383
3862,1.0230033,0.59693534,-5.1993376,-0.77822491,0.40471681,0.29660674,1.761948,5.1993376,5.1993376,-5.1993376,2.1196682,-0.001254569,-5.1993376
3863,0.51349142,0.32161055,0.55253687,0.21235277,-0.97143575,-0.1422445,1.2447784,5.1993376,5.1993376,1.7208181,0.18547963,0.98561042,0.73260869
3864,-5.1993376,-0.15365993,0.55253687,1.2075323,0.087932998,-5.1993376,0.25360621,5.1993376,5.1993376,0.18165198,-0.21363612,0.98561042,-5.1993376
3865,2.1079532,-0.69112102,-0.7315153,-0.29005812,0.30448193,1.4354772,1.2447784,5.1993376,-5.1993376,1.4568958,-0.60746322,0.98561042,0.57607489
3866,-5.1993376,0.68001258,-5.1993376,0.0062728847,-0.26398459,-5.1993376,0.25360621,5.1993376,5.1993376,-0.36017172,-0.21363612,-2.1079532,-5.1993376
3867,0.51349142,0.8552868,0.55253687,0.64872442,-1.3219458,-0.1422445,1.2447784,-5.1993376,5.1993376,-0.92233022,-0.21363612,0.45146888,-5.1993376
3868,0.51349142,-0.42660141,-1.1644437,-0.50492201,-1.0819398,0.87535389,-0.67055744,5.1993376,5.1993376,-0.053972647,1.3781138,-0.79704409,0.4403831
3869,-5.1993376,-2.1199904,-5.1993376,-1.6590928,2.1440107,0.87535389,-1.7986626,5.1993376,-5.1993376,-0.45564031,-1.1694007,0.29922973,-5.1993376
3870,-5.1993376,0.57607489,-0.7315153,-0.77822491,0.087932998,-5.1993376,0.25360621,5.1993376,5.1993376,0.29791798,-0.21363612,-0.36553148,-5.1993376
3871,-5.1993376,0.83912102,1.2640664,1.7330708,-1.6299924,-5.1993376,0.25360621,-5.1993376,-5.1993376,2.3652476,2.1196682,0.98561042,0.26827913
3872,0.51349142,0.27699782,0.2239158,-1.2529876,0.63946185,1.0774455,-0.98765156,5.1993376,5.1993376,0.88830934,-0.60746322,0.58052362,-5.1993376
3873,-5.1993376,-0.18165198,-0.43348197,-0.77822491,0.63946185,-5.1993376,0.25360621,5.1993376,-5.1993376,-0.45564031,-0.21363612,-0.17527843,0.19911152
3874,1.4181186,-0.69750712,0.2239158,-1.144896,1.2023467,1.5843543,-0.36687305,-5.1993376,5.1993376,1.9626066,-1.1694007,0.58052362,0.29835517
3875,-5.1993376,-1.7986626,-0.7315153,-0.13591068,0.087932998,-0.1422445,-0.67055744,5.1993376,5.1993376,0.26658359,-0.60746322,-1.2502419,0.25231085
3876,1.0230033,-0.095492152,0.55253687,-0.29005812,0.087932998,0.62109893,0.96142934,5.1993376,5.1993376,-0.92233022,-0.21363612,-2.1079532,-5.1993376
3877,1.4181186,0.30185479,1.1710594,0.75299744,0.17400458,1.5843543,-0.36687305,-5.1993376,-5.1993376,0.29791798,-0.21363612,-0.17527843,1.354022
3878,-5.1993376,-0.98969684,-5.1993376,-1.2529876,-0.69112102,-5.1993376,0.25360621,5.1993376,-5.1993376,-0.28744217,1.3781138,1.5669896,0.17005189
3879,1.7679033,-0.17018472,-0.1422445,1.1546147,1.2023467,1.7444475,-0.27439149,5.1993376,5.1993376,1.358913,-0.60746322,1.464186,-5.1993376
3880,-5.1993376,0.73315571,-0.1422445,-0.23808933,-0.69112102,-5.1993376,0.25360621,-5.1993376,5.1993376,0.84090635,0.69910809,1.3494976,-5.1993376
3881,-5.1993376,-0.87904038,-0.1422445,0.05146002,1.0955557,-5.1993376,0.25360621,5.1993376,-5.1993376,-5.1993376,-1.1694007,-0.36553148,-5.1993376
3882,-5.1993376,0.61805886,1.649237,2.706673,0.40471681,-5.1993376,0.25360621,5.1993376,5.1993376,-0.17018472,-0.21363612,0.98561042,-5.1993376
3883,1.4181186,0.22648938,1.649237,1.533612,-1.0819398,1.0774455,0.89765526,5.1993376,5.1993376,-0.11441489,0.18547963,0.29922973,-5.1993376
3884,-5.1993376,1.4903351,-0.1422445,-0.089192496,-1.3219458,-5.1993376,0.25360621,-5.1993376,-5.1993376,0.10810309,0.69910809,1.7560546,-5.1993376
3885,0.51349142,-0.095492152,0.55253687,0.36821529,0.30448193,0.29660674,0.25360621,5.1993376,-5.1993376,0.29791798,-0.21363612,-0.17527843,0.66323992
3886,-5.1993376,-0.18165198,-0.7315153,-1.2529876,-2.0431151,0.29660674,-1.1768904,5.1993376,5.1993376,-0.65804298,1.3781138,-2.1079532,-5.1993376
3887,1.7679033,-1.1140325,-0.7315153,-1.505747,-0.26398459,1.5843543,0.25360621,5.1993376,-5.1993376,-1.0552931,1.3781138,-0.57311539,1.7085062
3888,0.51349142,-0.25490199,-5.1993376,-1.059682,-0.26398459,0.87535389,-0.67055744,-5.1993376,-5.1993376,0.40471681,-1.1694007,0.45146888,1.3200028
3889,-5.1993376,-1.3945116,-0.7315153,0.29267606,-0.26398459,-5.1993376,0.25360621,5.1993376,-5.1993376,-0.78332986,0.18547963,0.58052362,-5.1993376
3890,-5.1993376,-1.1140325,-0.7315153,-0.18547963,-0.83733836,-5.1993376,0.25360621,-5.1993376,-5.1993376,0.7413876,1.3781138,-1.0230033,-5.1993376
3891,0.51349142,0.68001258,-0.7315153,-0.089192496,-0.26398459,-0.1422445,1.2447784,5.1993376,5.1993376,-0.78332986,0.18547963,-1.4678604,-5.1993376
3892,-5.1993376,-0.29529601,0.99791966,1.8448108,-1.3219458,-5.1993376,0.25360621,-5.1993376,-5.1993376,0.14858402,2.1196682,0.58052362,-5.1993376
3893,-5.1993376,2.6617295,0.55253687,0.36821529,-0.26398459,-0.1422445,-0.67055744,5.1993376,5.1993376,-1.0552931,0.18547963,-0.79704409,-5.1993376
3894,1.4181186,0.016310116,-0.1422445,-0.18547963,0.30448193,1.2612822,0.25360621,-5.1993376,-5.1993376,-0.28744217,-1.1694007,-0.79704409,-5.1993376
3895,-5.1993376,1.0336468,0.55253687,0.68001258,0.30448193,-5.1993376,0.25360621,-5.1993376,-5.1993376,-0.92233022,0.69910809,-0.36553148,-5.1993376
3896,-5.1993376,-0.54524419,1.649237,1.057485,0.30448193,-5.1993376,0.25360621,-5.1993376,-5.1993376,0.72334253,-0.60746322,0.85167519,-5.1993376
3897,-5.1993376,-0.036390523,2.0042336,1.6640817,-0.26398459,-5.1993376,0.25360621,-5.1993376,5.1993376,-0.11441489,-0.21363612,-0.17527843,-5.1993376
3898,-5.1993376,-0.067798615,-5.1993376,-0.66428721,-1.3219458,0.29660674,-1.1768904,5.1993376,-5.1993376,0.58796385,5.1993376,-1.2502419,-5.1993376
3899,1.0230033,0.19570018,-1.1644437,-1.144896,0.97546566,0.29660674,1.761948,5.1993376,5.1993376,-0.55985906,0.18547963,-0.79704409,-5.1993376
3900,1.7679033,0.7152178,-1.1644437,-0.6150245,-0.26398459,1.5843543,0.25360621,5.1993376,-5.1993376,0.06025574,-0.21363612,-0.57311539,2.071319
3901,-5.1993376,0.14731565,0.55253687,0.84987354,0.63946185,-5.1993376,0.25360621,-5.1993376,-5.1993376,0.18165198,-0.21363612,0.29922973,0.43348197
3902,0.51349142,-0.17018472,-0.1422445,0.21235277,-0.69112102,0.62109893,-0.36687305,5.1993376,-5.1993376,-0.78332986,0.69910809,-0.36553148,-5.1993376
3903,-5.1993376,0.072829316,-0.43348197,0.64872442,0.63946185,-0.1422445,-0.67055744,5.1993376,-5.1993376,-1.0552931,-0.21363612,0.29922973,-5.1993376
3904,-5.1993376,0.99174625,0.91087287,1.1546147,-1.3219458,-5.1993376,0.25360621,5.1993376,5.1993376,1.0841952,-0.60746322,-0.001254569,-5.1993376
3905,-5.1993376,-0.80569207,-0.7315153,-0.98357337,1.6022103,1.0774455,-1.994971,5.1993376,5.1993376,-0.36017172,-1.1694007,-0.36553148,1.0315088
3906,-5.1993376,1.2286069,0.31764959,0.32954771,-0.26398459,-5.1993376,0.25360621,5.1993376,5.1993376,-0.053972647,0.18547963,-0.79704409,-5.1993376
3907,-5.1993376,0.45424896,-5.1993376,-0.77822491,-1.3219458,-5.1993376,0.25360621,5.1993376,5.1993376,0.10810309,1.3781138,-0.79704409,-5.1993376
3908,0.51349142,-0.17018472,1.649237,-0.23808933,0.17400458,-0.1422445,1.2447784,-5.1993376,-5.1993376,0.98969684,-0.21363612,1.6590928,1.30395
3909,0.51349142,0.64254324,-0.1422445,-0.29005812,-0.97143575,-0.1422445,1.2447784,5.1993376,-5.1993376,0.14858402,0.69910809,0.58052362,1.4793589
3910,0.51349142,0.74635093,1.649237,0.50492201,-0.26398459,-0.1422445,1.2447784,5.1993376,5.1993376,1.5215251,-0.21363612,0.98561042,-5.1993376
3911,-5.1993376,-0.18165198,1.3620783,-0.98357337,0.97546566,-0.1422445,-0.67055744,-5.1993376,-5.1993376,2.4736541,-0.21363612,1.3494976,1.1508653
3912,-5.1993376,0.92617632,0.55253687,0.61199579,-0.26398459,-5.1993376,0.25360621,5.1993376,-5.1993376,-0.78332986,0.18547963,1.3494976,-5.1993376
3913,0.51349142,1.0124743,-5.1993376,-1.144896,1.6022103,0.29660674,0.25360621,5.1993376,5.1993376,-0.92233022,-1.1694007,-1.873053,-5.1993376
3914,-5.1993376,0.75466427,-0.7315153,0.25360621,-0.26398459,-5.1993376,0.25360621,5.1993376,5.1993376,-0.92233022,-0.21363612,-1.6691125,-5.1993376
3915,-5.1993376,0.65027359,-0.7315153,-1.3684503,-0.26398459,0.29660674,-1.1768904,5.1993376,-5.1993376,0.45842568,-0.21363612,-0.001254569,-5.1993376
3916,-5.1993376,-1.4496823,0.2239158,0.61199579,-0.26398459,-5.1993376,0.25360621,-5.1993376,-5.1993376,0.48930663,-1.1694007,0.85167519,-5.1993376
3917,-5.1993376,1.0124743,1.649237,0.91467864,0.30448193,-0.1422445,-0.67055744,5.1993376,5.1993376,-5.1993376,0.18547963,-0.17527843,0.85947599
3918,0.51349142,-0.69112102,-0.7315153,-0.66428721,-0.69112102,-0.1422445,1.2447784,5.1993376,-5.1993376,0.324254,0.69910809,-0.17527843,0.75800423
3919,1.0230033,-2.0744446,0.55253687,-1.144896,1.8379752,0.62109893,0.96142934,-5.1993376,5.1993376,-5.1993376,-1.1694007,-0.001254569,0.23550885
3920,1.0230033,1.8019768,0.55253687,0.78845531,-0.69112102,0.62109893,0.96142934,5.1993376,5.1993376,-0.45564031,0.18547963,-1.0230033,0.51063079
3921,-5.1993376,-1.533612,-0.7315153,-0.39384742,0.63946185,-5.1993376,0.25360621,5.1993376,-5.1993376,-0.65804298,0.69910809,-1.4678604,-5.1993376
3922,1.7679033,-0.80569207,-0.1422445,-0.72008693,0.30448193,0.87535389,2.5423492,5.1993376,-5.1993376,1.6639775,0.18547963,0.14858402,1.4247589
3923,-5.1993376,-0.84448508,-0.7315153,-0.089192496,0.63946185,-5.1993376,0.25360621,5.1993376,-5.1993376,0.06025574,1.3781138,-1.4678604,-5.1993376
3924,-5.1993376,-0.72171378,0.82669773,1.3249577,0.30448193,-5.1993376,0.25360621,5.1993376,-5.1993376,-0.22648938,-0.21363612,0.45146888,0.14788865
3925,-5.1993376,-1.1140325,-0.1422445,0.17400458,-1.3219458,-0.1422445,-0.67055744,5.1993376,5.1993376,1.6896701,1.3781138,0.85167519,1.3387786
3926,0.51349142,0.50349739,1.0841952,1.6067551,-0.26398459,0.62109893,-0.36687305,-5.1993376,-5.1993376,0.64100179,-0.21363612,-0.57311539,0.21762478
3927,-5.1993376,0.046435725,-0.1422445,0.29267606,0.63946185,-5.1993376,0.25360621,5.1993376,5.1993376,-0.92233022,0.69910809,-0.36553148,-5.1993376
3928,-5.1993376,-0.42660141,-0.1422445,0.05146002,0.63946185,-5.1993376,0.25360621,5.1993376,-5.1993376,1.0978448,0.69910809,-0.001254569,0.4403831
3929,-5.1993376,0.025094008,-0.7315153,-0.6150245,0.63946185,-5.1993376,0.25360621,5.1993376,-5.1993376,0.10810309,-1.1694007,-1.2502419,-5.1993376
3930,0.51349142,1.1869807,-1.3432866,-2.1316816,-0.26398459,0.62109893,-0.36687305,5.1993376,-5.1993376,-0.11441489,-0.60746322,-0.17527843,0.32028968
3931,0.51349142,0.52930109,0.55253687,1.3879077,-0.26398459,-0.1422445,1.2447784,-5.1993376,-5.1993376,0.75800423,0.18547963,-0.79704409,0.80570477
3932,0.51349142,0.34948301,-5.1993376,-1.505747,2.1440107,0.62109893,-0.36687305,5.1993376,-5.1993376,0.51635627,-1.1694007,-1.6691125,-5.1993376
3933,-5.1993376,-5.1993376,-0.1422445,0.50492201,0.40471681,-5.1993376,0.25360621,5.1993376,5.1993376,0.06025574,1.3781138,-0.79704409,-5.1993376
3934,1.0230033,1.0124743,-0.1422445,0.05146002,-0.83733836,0.62109893,0.96142934,5.1993376,5.1993376,-5.1993376,0.69910809,-1.0230033,-5.1993376
3935,0.51349142,1.4112933,1.649237,0.75299744,-1.3219458,0.29660674,0.25360621,5.1993376,5.1993376,-0.45564031,0.18547963,0.45146888,-5.1993376
3936,0.51349142,-0.42660141,-5.1993376,-1.2529876,0.63946185,-0.1422445,1.2447784,5.1993376,-5.1993376,1.0841952,1.3781138,-0.17527843,0.33244757
3937,-5.1993376,0.38572587,-0.1422445,-0.23808933,-0.26398459,-5.1993376,0.25360621,5.1993376,-5.1993376,0.0062728847,0.69910809,0.58052362,-5.1993376
3938,-5.1993376,-0.085414417,0.55253687,0.68001258,0.30448193,-0.1422445,-0.67055744,5.1993376,-5.1993376,-0.11441489,0.69910809,-0.79704409,-5.1993376
3939,1.0230033,0.37762969,-1.1644437,-0.50492201,0.97546566,0.62109893,0.96142934,5.1993376,5.1993376,0.14858402,-1.1694007,-1.0230033,0.76807531
3940,-5.1993376,0.18803291,-0.1422445,0.13337869,0.63946185,-0.1422445,-0.67055744,-5.1993376,-5.1993376,-0.92233022,-0.60746322,0.85167519,0.40199502
3941,-5.1993376,1.7679033,0.2239158,-0.23808933,-0.26398459,-5.1993376,0.25360621,-5.1993376,5.1993376,-0.92233022,-1.1694007,1.7560546,-5.1993376
3942,-5.1993376,1.5376912,-0.7315153,-2.1316816,-0.26398459,-5.1993376,0.25360621,5.1993376,-5.1993376,0.84090635,0.18547963,-0.17527843,1.4695356
3943,-5.1993376,-0.095492152,-0.7315153,-0.13591068,-0.26398459,-5.1993376,0.25360621,5.1993376,-5.1993376,-0.78332986,0.69910809,-2.1079532,0.7669093
3944,-5.1993376,-0.62414474,1.2640664,0.95151828,0.63946185,0.29660674,-1.1768904,5.1993376,-5.1993376,1.5459273,-1.1694007,1.8952593,0.68476299
3945,-5.1993376,-0.89953386,-0.1422445,-0.39384742,-0.83733836,-0.1422445,-0.67055744,5.1993376,-5.1993376,-0.65804298,0.69910809,0.45146888,-5.1993376
3946,-5.1993376,0.064026723,-0.1422445,0.092971849,0.97546566,-5.1993376,0.25360621,5.1993376,5.1993376,-0.78332986,-0.21363612,0.71036555,-5.1993376
3947,-5.1993376,-1.1140325,-5.1993376,-1.2529876,-0.97143575,-5.1993376,0.25360621,5.1993376,5.1993376,-0.053972647,0.69910809,-1.873053,-5.1993376
3948,-5.1993376,1.2874256,2.0965206,0.17400458,-0.26398459,0.29660674,-1.1768904,5.1993376,-5.1993376,-5.1993376,-1.1694007,0.71036555,-5.1993376
3949,-5.1993376,-1.2867019,0.55253687,0.84987354,0.63946185,1.2612822,-2.2111272,5.1993376,-5.1993376,-0.55985906,-0.60746322,-0.79704409,0.35405154
3950,0.51349142,-0.64408623,0.55253687,-2.1316816,1.2023467,1.7444475,-1.6896701,-5.1993376,-5.1993376,1.2924649,-5.1993376,-0.36553148,-5.1993376
3951,0.51349142,-0.62414474,-0.1422445,-0.56279634,1.3684503,-0.1422445,1.2447784,5.1993376,-5.1993376,0.92233022,-0.60746322,1.464186,-5.1993376
3952,0.51349142,-0.31237604,-5.1993376,-0.90518882,-0.26398459,0.29660674,0.25360621,5.1993376,-5.1993376,-1.0552931,0.18547963,-0.57311539,0.6609065
3953,1.0230033,-1.7986626,1.0841952,-0.13591068,0.40471681,1.4354772,-0.67055744,5.1993376,-5.1993376,1.2809814,-1.1694007,1.3494976,1.5712865
3954,0.51349142,0.072829316,1.0841952,0.0062728847,0.087932998,-0.1422445,1.2447784,5.1993376,-5.1993376,1.7444475,-0.21363612,0.29922973,0.70415741
3955,-5.1993376,-0.10305677,0.55253687,0.98561042,0.17400458,-5.1993376,0.25360621,5.1993376,5.1993376,-0.17018472,-0.21363612,1.464186,0.25231085
3956,-5.1993376,0.0075274833,0.2239158,1.0909946,0.087932998,-5.1993376,0.25360621,5.1993376,-5.1993376,0.40471681,-0.21363612,0.45146888,0.24456167
3957,-5.1993376,-0.7697614,-5.1993376,-0.50492201,0.63946185,1.5843543,-2.5423492,5.1993376,5.1993376,-5.1993376,-0.60746322,-1.4678604,-5.1993376
3958,1.4181186,-1.1140325,0.55253687,0.43900121,-0.26398459,0.62109893,2.1696941,-5.1993376,5.1993376,0.72334253,-0.60746322,0.29922973,1.7168175
3959,-5.1993376,0.52209871,1.2640664,1.4568958,-0.69112102,-0.1422445,-0.67055744,5.1993376,-5.1993376,-0.053972647,0.69910809,0.58052362,1.5190812
3960,1.4181186,0.27699782,0.55253687,0.57607489,0.63946185,1.7444475,-0.43762015,5.1993376,5.1993376,-0.78332986,-0.60746322,0.29922973,-5.1993376
3961,-5.1993376,-0.66898742,-5.1993376,-2.1316816,1.6022103,0.62109893,-1.5215251,-5.1993376,-5.1993376,-0.55985906,-1.1694007,-0.57311539,-5.1993376
3962,-5.1993376,-0.90518882,-0.7315153,-1.2529876,1.6022103,-5.1993376,0.25360621,5.1993376,5.1993376,-5.1993376,-5.1993376,0.29922973,-5.1993376
3963,-5.1993376,0.20722283,0.55253687,1.1546147,-0.26398459,-0.1422445,-0.67055744,-5.1993376,5.1993376,0.06025574,-0.21363612,0.58052362,-5.1993376
3964,-5.1993376,0.26138737,-0.1422445,-0.50492201,0.17400458,-5.1993376,0.25360621,5.1993376,5.1993376,-0.45564031,1.3781138,-2.1079532,0.42412936
3965,-5.1993376,-0.97143575,-1.1644437,-1.505747,2.1440107,-0.1422445,-0.67055744,5.1993376,5.1993376,2.1562462,-5.1993376,0.14858402,-5.1993376
3966,1.0230033,0.75466427,1.0841952,0.57607489,-0.26398459,0.62109893,0.96142934,-5.1993376,-5.1993376,0.79360155,-0.60746322,0.71036555,0.92616557
3967,-5.1993376,-0.63025382,-0.7315153,-1.8179677,1.2023467,2.0853556,-3.0899352,-5.1993376,-5.1993376,-0.55985906,-5.1993376,1.464186,0.49213682
3968,0.51349142,0.65027359,-0.48083942,-0.13591068,0.97546566,0.29660674,0.25360621,5.1993376,5.1993376,-1.0552931,-0.21363612,-0.57311539,-5.1993376
3969,1.0230033,-0.72660581,-0.1422445,-0.18547963,-0.26398459,0.29660674,1.761948,5.1993376,5.1993376,-0.65804298,0.69910809,-1.0230033,-5.1993376
3970,-5.1993376,1.4532796,0.55253687,0.75299744,-1.0819398,-0.1422445,-0.67055744,-5.1993376,-5.1993376,-0.78332986,0.18547963,-1.4678604,-5.1993376
3971,2.483413,-0.11820414,-0.43348197,-1.8179677,0.63946185,1.2612822,2.8778461,5.1993376,-5.1993376,1.4079051,0.18547963,0.85167519,0.14561579
3972,-5.1993376,1.1946284,0.55253687,0.75299744,0.63946185,-5.1993376,0.25360621,-5.1993376,-5.1993376,0.324254,-0.21363612,-0.36553148,1.6444968
3973,-5.1993376,0.23938016,-0.7315153,-0.50492201,0.63946185,-5.1993376,0.25360621,5.1993376,5.1993376,-5.1993376,0.69910809,-0.36553148,-5.1993376
3974,1.0230033,0.016310116,-5.1993376,-1.059682,-0.97143575,0.29660674,1.761948,5.1993376,5.1993376,-0.22648938,1.3781138,0.45146888,0.49213682
3975,-5.1993376,-0.11820414,-5.1993376,-0.90518882,-0.26398459,-5.1993376,0.25360621,5.1993376,-5.1993376,0.51635627,1.3781138,-1.4678604,1.1001397
3976,-5.1993376,-0.89953386,-0.1422445,0.21235277,0.63946185,-0.1422445,-0.67055744,5.1993376,5.1993376,-5.1993376,0.69910809,-0.001254569,0.82317161
3977,-5.1993376,-0.68317781,1.0841952,0.95151828,-0.26398459,0.29660674,-1.1768904,-5.1993376,-5.1993376,-0.65804298,-0.21363612,-0.001254569,0.65617188
3978,-5.1993376,0.095492152,-0.43348197,-0.13591068,0.40471681,-5.1993376,0.25360621,5.1993376,-5.1993376,-0.28744217,0.18547963,1.3494976,-5.1993376
3979,-5.1993376,2.2743805,2.9674304,1.7330708,-1.3219458,-5.1993376,0.25360621,5.1993376,5.1993376,-5.1993376,0.18547963,0.98561042,1.2753025
3980,-5.1993376,-0.36017172,-0.1422445,0.47100434,1.6022103,-0.1422445,-0.67055744,5.1993376,5.1993376,0.40471681,-0.60746322,0.45146888,1.3921886
3981,1.7679033,-0.86436505,-0.1422445,0.21235277,0.63946185,2.1696941,-0.67055744,-5.1993376,-5.1993376,1.2259427,-1.1694007,1.8312243,0.78162595
3982,-5.1993376,-2.3901697,-1.1644437,-0.98357337,-2.6965111,-5.1993376,0.25360621,5.1993376,-5.1993376,-0.28744217,0.69910809,-0.57311539,-5.1993376
3983,1.7679033,0.42385485,0.55253687,0.25360621,-0.26398459,0.87535389,2.5423492,5.1993376,-5.1993376,0.18165198,-1.1694007,-0.79704409,-5.1993376
3984,-5.1993376,2.1566294,-5.1993376,-0.90518882,0.63946185,-5.1993376,0.25360621,5.1993376,-5.1993376,-0.65804298,1.3781138,-2.1079532,-5.1993376
3985,-5.1993376,-1.5605743,0.55253687,-0.98357337,0.63946185,-5.1993376,0.25360621,-5.1993376,-5.1993376,0.10810309,-1.1694007,0.98561042,-5.1993376
3986,-5.1993376,-0.32557657,-0.1422445,-1.3684503,1.3684503,-0.1422445,-0.67055744,-5.1993376,-5.1993376,0.14858402,-1.1694007,-0.57311539,-5.1993376
3987,0.51349142,-1.7739219,0.55253687,-1.3684503,1.2023467,0.62109893,-0.36687305,-5.1993376,5.1993376,-5.1993376,-5.1993376,0.29922973,1.7214505
3988,-5.1993376,-1.4045331,-0.1422445,-0.83912102,-0.26398459,-5.1993376,0.25360621,5.1993376,-5.1993376,-0.053972647,-0.21363612,0.29922973,-5.1993376
3989,-5.1993376,0.34948301,-5.1993376,-1.3684503,1.0955557,1.0774455,-1.994971,5.1993376,5.1993376,-5.1993376,-1.1694007,-1.6691125,-5.1993376
3990,-5.1993376,0.27699782,-0.43348197,-0.23808933,0.17400458,-5.1993376,0.25360621,5.1993376,5.1993376,-0.36017172,-0.21363612,2.0965206,0.68476299
3991,-5.1993376,-0.13591068,-5.1993376,-0.089192496,1.6022103,0.62109893,-1.5215251,5.1993376,-5.1993376,-0.92233022,-0.60746322,-1.2502419,-5.1993376
3992,0.51349142,0.49638952,0.2239158,0.092971849,-0.26398459,0.29660674,0.25360621,5.1993376,-5.1993376,-0.92233022,0.69910809,-0.79704409,0.33834917
3993,-5.1993376,0.19570018,0.55253687,0.21235277,0.97546566,-5.1993376,0.25360621,-5.1993376,-5.1993376,0.34948301,0.18547963,-1.4678604,0.52024757
3994,0.51349142,-1.4629655,-0.1422445,-0.041412601,0.17400458,2.1696941,-2.1196682,-5.1993376,5.1993376,0.58796385,-0.60746322,1.464186,1.2532863
3995,2.1079532,1.0962016,-0.1422445,-1.9858764,-0.26398459,1.7444475,0.86984634,5.1993376,5.1993376,-5.1993376,0.18547963,-1.4678604,1.3204619
3996,-5.1993376,-1.7088047,-0.7315153,-0.44869228,0.97546566,-5.1993376,0.25360621,5.1993376,-5.1993376,0.26658359,-0.21363612,0.14858402,-5.1993376
3997,-5.1993376,-0.56868553,0.91087287,1.6640817,-0.26398459,-5.1993376,0.25360621,-5.1993376,-5.1993376,0.60897269,-0.60746322,0.71036555,0.37690852
3998,1.7679033,1.0400895,2.0965206,1.6640817,0.17400458,0.87535389,2.5423492,5.1993376,5.1993376,1.1497418,-1.1694007,0.45146888,-5.1993376
3999,-5.1993376,-0.97143575,-0.1422445,0.21235277,-2.0431151,-5.1993376,0.25360621,5.1993376,-5.1993376,-0.65804298,0.69910809,-0.17527843,-5.1993376
4000,1.0230033,2.9375782,0.2239158,0.36821529,-0.69112102,0.29660674,1.761948,-5.1993376,5.1993376,-5.1993376,0.18547963,-1.4678604,-5.1993376
4001,-5.1993376,-0.036390523,-0.1422445,-1.059682,1.6022103,-0.1422445,-0.67055744,5.1993376,5.1993376,-5.1993376,-5.1993376,1.1140325,-5.1993376
4002,1.7679033,-1.3945116,-1.1644437,-1.505747,0.63946185,1.2612822,1.0251227,5.1993376,-5.1993376,0.14858402,-1.1694007,0.45146888,0.16333229
4003,0.51349142,-0.046435725,-0.43348197,0.05146002,-1.3219458,0.87535389,-0.67055744,-5.1993376,-5.1993376,2.456904,-0.21363612,1.9858764,1.6391982
4004,-5.1993376,1.873053,0.91087287,0.47100434,0.17400458,-5.1993376,0.25360621,5.1993376,5.1993376,-5.1993376,0.18547963,-1.6691125,-5.1993376
4005,-5.1993376,-0.046435725,3.0999905,1.057485,-0.26398459,-0.1422445,-0.67055744,5.1993376,-5.1993376,1.0685216,-0.21363612,0.14858402,0.46680326
4006,-5.1993376,-1.4390013,1.0841952,-0.6150245,1.2023467,-5.1993376,0.25360621,-5.1993376,5.1993376,-5.1993376,-1.1694007,0.14858402,1.8356931
4007,-5.1993376,-0.31237604,0.55253687,0.32954771,-0.26398459,1.2612822,-2.2111272,-5.1993376,-5.1993376,1.1163689,-1.1694007,-0.001254569,-5.1993376
4008,-5.1993376,0.44314942,0.55253687,0.54088248,0.40471681,0.62109893,-1.5215251,5.1993376,-5.1993376,0.4307273,-1.1694007,0.85167519,0.32028968
4009,0.51349142,-0.6150245,0.55253687,1.057485,-0.26398459,0.29660674,0.25360621,5.1993376,-5.1993376,0.22262957,-0.21363612,-0.001254569,-5.1993376
4010,-5.1993376,0.87719565,1.2640664,1.123415,1.3684503,0.29660674,-1.1768904,5.1993376,5.1993376,-0.36017172,-0.60746322,-0.36553148,-5.1993376
4011,0.51349142,-0.25490199,-0.39249204,0.43900121,1.2023467,0.29660674,0.25360621,5.1993376,-5.1993376,1.2557429,-0.60746322,0.98561042,1.754871
4012,1.0230033,0.39520352,0.55253687,-0.13591068,-2.0431151,0.62109893,0.96142934,5.1993376,-5.1993376,0.53653104,1.3781138,0.85167519,-5.1993376
4013,0.51349142,0.93390994,0.55253687,-0.041412601,-0.83733836,-0.1422445,1.2447784,5.1993376,5.1993376,-0.45564031,2.1196682,0.98561042,-5.1993376
4014,-5.1993376,-0.046435725,-0.1422445,0.29267606,0.63946185,-5.1993376,0.25360621,5.1993376,-5.1993376,1.0187781,1.3781138,0.45146888,1.9860202
4015,0.51349142,-0.83200627,-0.1422445,0.32954771,-1.0819398,-0.1422445,1.2447784,5.1993376,-5.1993376,0.98969684,1.3781138,-1.873053,-5.1993376
4016,0.51349142,1.2724784,1.0841952,1.0909946,-0.26398459,0.29660674,0.25360621,-5.1993376,-5.1993376,0.324254,0.18547963,0.45146888,1.4157321
4017,0.51349142,0.41563423,0.55253687,0.98561042,-0.26398459,1.0774455,-0.98765156,5.1993376,5.1993376,1.1400769,-0.21363612,0.58052362,-5.1993376
4018,-5.1993376,-1.2640664,-5.1993376,-1.8179677,1.6022103,-5.1993376,0.25360621,5.1993376,5.1993376,-5.1993376,-5.1993376,-0.36553148,-5.1993376
4019,-5.1993376,-0.85167519,-0.1422445,0.36821529,0.63946185,-0.1422445,-0.67055744,5.1993376,-5.1993376,0.60897269,-0.60746322,1.5669896,1.0115412
4020,2.1079532,1.7330708,1.2640664,0.98561042,-1.7219141,1.4354772,1.2447784,5.1993376,5.1993376,1.0685216,0.18547963,0.71036555,0.82317161
4021,-5.1993376,0.32161055,0.55253687,0.98561042,-0.26398459,1.8803524,-2.7474533,5.1993376,5.1993376,0.72334253,-0.21363612,2.617134,-5.1993376
4022,0.51349142,0.18803291,0.55253687,0.8196557,0.30448193,-0.1422445,1.2447784,-5.1993376,5.1993376,0.72334253,-0.60746322,-0.36553148,0.33482838
4023,-5.1993376,1.4319709,-0.7315153,-0.39384742,-0.69112102,-5.1993376,0.25360621,5.1993376,5.1993376,0.68159434,0.18547963,-0.36553148,1.1937453
4024,0.51349142,-0.32557657,-1.0444088,-0.6150245,0.30448193,1.0774455,-0.98765156,5.1993376,5.1993376,0.48930663,-0.60746322,1.1140325,0.2640325
4025,-5.1993376,-0.42660141,-0.1422445,-0.18547963,-1.0819398,-0.1422445,-0.67055744,5.1993376,-5.1993376,-0.55985906,0.69910809,0.29922973,-5.1993376
4026,1.0230033,0.86618925,-0.43348197,-1.144896,-0.83733836,0.62109893,0.96142934,-5.1993376,-5.1993376,0.88830934,-0.60746322,-0.17527843,-5.1993376
4027,-5.1993376,-0.83200627,-0.7315153,-1.2529876,-0.26398459,-0.1422445,-0.67055744,5.1993376,-5.1993376,-0.11441489,-1.1694007,0.14858402,-5.1993376
4028,-5.1993376,0.47661874,-0.1422445,1.057485,-0.26398459,-5.1993376,0.25360621,5.1993376,5.1993376,-0.053972647,-0.21363612,-2.4320167,-5.1993376
4029,-5.1993376,1.0124743,-0.1422445,0.68001258,1.3684503,0.62109893,-1.5215251,5.1993376,-5.1993376,0.53653104,-0.60746322,-0.57311539,0.39366932
4030,0.51349142,-0.24454752,0.55253687,0.29267606,-0.26398459,0.87535389,-0.67055744,5.1993376,5.1993376,-0.55985906,0.69910809,-0.36553148,-5.1993376
4031,0.51349142,0.11820414,1.1794018,1.533612,0.087932998,0.29660674,0.25360621,-5.1993376,-5.1993376,-5.1993376,-1.1694007,1.1140325,-5.1993376
4032,-5.1993376,0.72171378,-0.7315153,-0.72008693,0.30448193,-0.1422445,-0.67055744,5.1993376,5.1993376,-5.1993376,-1.1694007,-1.0230033,-5.1993376
4033,-5.1993376,-0.36017172,0.55253687,0.05146002,0.17400458,-5.1993376,0.25360621,5.1993376,-5.1993376,-0.36017172,-0.21363612,-0.17527843,-5.1993376
4034,1.0230033,-0.52066149,-0.43348197,0.32954771,0.97546566,1.0774455,-0.300542,5.1993376,-5.1993376,0.51635627,-0.60746322,1.6590928,0.84366912
4035,-5.1993376,-0.42660141,0.55253687,0.75299744,-1.8114574,-5.1993376,0.25360621,5.1993376,-5.1993376,0.7413876,0.69910809,-0.57311539,-5.1993376
4036,1.4181186,0.58498388,0.2239158,0.75299744,-0.26398459,0.87535389,1.2447784,5.1993376,-5.1993376,0.96742157,0.69910809,-0.17527843,-5.1993376
4037,-5.1993376,-1.0336468,-0.1422445,0.25360621,0.63946185,-5.1993376,0.25360621,5.1993376,-5.1993376,0.88830934,1.3781138,-0.36553148,-5.1993376
