row_id,success_count,credit_score,loan_amount,num_investors,interest_rate,total_count,success_rate,loan_purpose,social_insurance,months_of_service,loan_year,age,bank_loan
0,-5.1993376,1.4532796,-0.7315153,-0.23808933,0.63946185,-5.1993376,0.25360621,5.1993376,5.1993376,-0.36017172,0.69910809,-2.4320167,-5.1993376
1,0.51349142,-0.24454752,0.2239158,0.29267606,1.2023467,-0.1422445,1.2447784,5.1993376,-5.1993376,0.06025574,-0.60746322,-1.0230033,0.1874957
2,-5.1993376,-1.8252481,-5.1993376,-1.8179677,2.1440107,-0.1422445,-0.67055744,5.1993376,5.1993376,-5.1993376,-5.1993376,-1.2502419,-5.1993376
3,-5.1993376,2.0250318,-0.1422445,0.092971849,-0.26398459,-0.1422445,-0.67055744,5.1993376,5.1993376,-0.78332986,0.18547963,-0.79704409,-5.1993376
4,-5.1993376,-0.63025382,-1.1644437,-1.059682,0.63946185,1.2612822,-2.2111272,-5.1993376,5.1993376,-0.053972647,-0.60746322,-0.36553148,-5.1993376
5,0.51349142,1.2724784,0.2239158,-0.90518882,0.63946185,-0.1422445,1.2447784,5.1993376,5.1993376,0.37628274,0.18547963,0.45146888,-5.1993376
6,-5.1993376,-0.63792343,0.2239158,0.84987354,1.6022103,-5.1993376,0.25360621,-5.1993376,-5.1993376,0.10810309,-0.60746322,-0.17527843,-5.1993376
7,-5.1993376,-0.68317781,0.55253687,1.4181186,0.63946185,-0.1422445,-0.67055744,-5.1993376,-5.1993376,1.2753025,-0.21363612,0.45146888,1.4237534
8,-5.1993376,0.73315571,0.91087287,0.57607489,-0.26398459,-0.1422445,-0.67055744,5.1993376,-5.1993376,1.1669186,0.18547963,-0.17527843,-5.1993376
9,-5.1993376,-0.13591068,1.4437281,0.092971849,-0.26398459,-5.1993376,0.25360621,-5.1993376,-5.1993376,-0.053972647,-1.1694007,0.58052362,-5.1993376
10,-5.1993376,-0.64408623,-0.1422445,-0.50492201,-0.26398459,-5.1993376,0.25360621,5.1993376,-5.1993376,0.90897492,0.69910809,0.71036555,-5.1993376
11,-5.1993376,0.36955819,0.91087287,0.8196557,-0.26398459,-5.1993376,0.25360621,5.1993376,-5.1993376,1.5459273,0.18547963,1.1140325,1.3624373
12,1.4181186,0.55107599,0.55253687,0.29267606,-0.83733836,0.62109893,2.1696941,5.1993376,5.1993376,1.9264032,0.18547963,0.85167519,1.1602688
13,0.51349142,0.31105902,1.0841952,0.75299744,0.087932998,-0.1422445,1.2447784,-5.1993376,-5.1993376,1.358913,0.69910809,0.14858402,-5.1993376
14,0.51349142,-0.036390523,0.99791966,0.43900121,0.30448193,1.0774455,-0.98765156,-5.1993376,5.1993376,-0.28744217,-1.1694007,0.29922973,-5.1993376
15,-5.1993376,-1.1140325,-0.1422445,0.21235277,0.63946185,-5.1993376,0.25360621,5.1993376,5.1993376,-0.65804298,0.69910809,-1.2502419,-5.1993376
16,0.51349142,1.4532796,1.3620783,2.9147775,-0.26398459,0.87535389,-0.67055744,5.1993376,5.1993376,-0.36017172,0.18547963,-0.57311539,-5.1993376
17,-5.1993376,0.61805886,1.649237,2.5280807,0.63946185,0.29660674,-1.1768904,5.1993376,-5.1993376,-0.36017172,0.18547963,0.14858402,-5.1993376
18,1.0230033,0.8109099,2.4320167,1.2640664,-1.3219458,0.62109893,0.96142934,5.1993376,-5.1993376,1.3041214,-0.21363612,1.6590928,1.6896701
19,-5.1993376,0.74635093,-0.1422445,0.13337869,0.30448193,0.29660674,-1.1768904,5.1993376,5.1993376,0.22262957,0.69910809,0.29922973,0.34948301
20,-5.1993376,-0.42660141,-0.7315153,-0.13591068,-0.69112102,-5.1993376,0.25360621,5.1993376,-5.1993376,1.4319709,2.1196682,-0.36553148,2.0883886
21,0.51349142,0.16636735,0.91087287,-0.089192496,-0.26398459,-0.1422445,1.2447784,-5.1993376,-5.1993376,-0.78332986,-0.21363612,-0.17527843,-5.1993376
22,1.0230033,0.51349142,-1.1644437,-1.9858764,-0.97143575,0.87535389,0.25360621,-5.1993376,-5.1993376,0.22262957,-0.21363612,-0.79704409,0.49213682
23,-5.1993376,0.52209871,-0.38978343,0.95151828,-0.26398459,-5.1993376,0.25360621,5.1993376,-5.1993376,-0.55985906,-0.21363612,-0.17527843,-5.1993376
24,-5.1993376,0.76639141,-0.43348197,-0.50492201,0.63946185,0.29660674,-1.1768904,5.1993376,5.1993376,1.358913,0.18547963,2.3076067,-5.1993376
25,-5.1993376,-0.42660141,-0.43348197,-0.29005812,0.30448193,-0.1422445,-0.67055744,5.1993376,5.1993376,-5.1993376,0.69910809,1.3494976,0.36888665
26,-5.1993376,0.10557959,-0.1422445,0.092971849,0.63946185,1.8803524,-2.7474533,5.1993376,-5.1993376,2.2786252,-1.1694007,0.45146888,-5.1993376
27,-5.1993376,-0.42660141,-0.7315153,-0.089192496,-0.69112102,-5.1993376,0.25360621,5.1993376,-5.1993376,0.56132709,1.3781138,-2.1079532,-5.1993376
28,1.0230033,0.49638952,1.649237,2.4979834,-1.3219458,0.29660674,1.761948,5.1993376,5.1993376,0.06025574,2.1196682,-0.57311539,1.3582358
29,1.0230033,-1.2809814,-0.1422445,-0.089192496,-0.26398459,0.87535389,0.25360621,5.1993376,-5.1993376,0.18165198,1.3781138,0.29922973,-5.1993376
30,1.0230033,0.61805886,0.91087287,0.50492201,-1.0819398,0.87535389,0.25360621,5.1993376,-5.1993376,-0.92233022,-0.21363612,-0.79704409,0.91864982
31,-5.1993376,1.6844637,-0.7315153,-1.8179677,-0.26398459,-0.1422445,-0.67055744,5.1993376,5.1993376,-5.1993376,-5.1993376,0.14858402,0.26671293
32,-5.1993376,-1.1905774,0.55253687,0.95151828,-0.26398459,-5.1993376,0.25360621,5.1993376,-5.1993376,-0.28744217,0.18547963,-1.4678604,-5.1993376
33,-5.1993376,-0.0050182959,0.55253687,0.092971849,0.97546566,-0.1422445,-0.67055744,5.1993376,5.1993376,0.77314015,0.18547963,-0.57311539,1.2354564
34,-5.1993376,1.3340661,0.91087287,1.2895781,-1.3219458,-5.1993376,0.25360621,5.1993376,-5.1993376,0.60897269,1.3781138,0.14858402,2.2005788
35,-5.1993376,-0.42660141,-1.1644437,-0.29005812,-2.0431151,-0.1422445,-0.67055744,5.1993376,-5.1993376,-0.78332986,2.1196682,-2.4320167,0.3429328
36,-5.1993376,-0.12705243,0.2239158,0.0062728847,0.63946185,-5.1993376,0.25360621,-5.1993376,-5.1993376,0.72334253,-0.60746322,0.29922973,1.1844468
37,1.0230033,-0.17018472,0.91087287,0.57607489,-0.97143575,1.2612822,-0.42385485,5.1993376,-5.1993376,0.68159434,-1.1694007,0.98561042,1.1844468
38,1.7679033,-0.86436505,0.2239158,-1.2529876,-0.26398459,2.1696941,-0.67055744,-5.1993376,-5.1993376,1.3189459,-1.1694007,1.8312243,0.9127741
39,1.7679033,1.199766,-0.43348197,-0.44869228,-1.8114574,1.0774455,1.5542696,5.1993376,-5.1993376,0.45842568,1.3781138,0.85167519,1.277257
40,1.0230033,0.52930109,0.55253687,-0.34149266,-0.26398459,0.87535389,0.25360621,-5.1993376,5.1993376,-0.28744217,-0.60746322,0.29922973,-5.1993376
41,-5.1993376,-0.13591068,-1.1644437,-0.6150245,2.1440107,-5.1993376,0.25360621,5.1993376,5.1993376,-1.0552931,-1.1694007,-1.2502419,-5.1993376
42,1.0230033,2.0853556,0.55253687,0.50492201,-0.97143575,0.62109893,0.96142934,5.1993376,5.1993376,0.26658359,0.69910809,1.6590928,-5.1993376
43,1.0230033,0.75466427,1.649237,0.71359852,-1.0819398,0.87535389,0.25360621,-5.1993376,-5.1993376,-0.65804298,-1.1694007,-0.17527843,-5.1993376
44,-5.1993376,-0.80569207,-0.7315153,-0.50492201,-0.69112102,-5.1993376,0.25360621,5.1993376,-5.1993376,-0.55985906,1.3781138,-0.57311539,0.18176131
45,1.0230033,-1.7986626,1.0841952,-0.56279634,1.2023467,1.4354772,-0.67055744,-5.1993376,-5.1993376,1.2809814,-1.1694007,1.3494976,1.5712865
46,-5.1993376,-0.56868553,0.55253687,0.50492201,0.30448193,-5.1993376,0.25360621,-5.1993376,-5.1993376,-0.55985906,-0.60746322,-0.17527843,-5.1993376
47,1.0230033,0.59693534,0.55253687,1.7055704,-0.26398459,1.2612822,-0.42385485,-5.1993376,-5.1993376,0.22262957,0.18547963,0.58052362,-5.1993376
48,-5.1993376,-1.1140325,0.55253687,1.0909946,-0.26398459,0.29660674,-1.1768904,5.1993376,5.1993376,-0.55985906,0.69910809,0.14858402,0.21143044
49,-5.1993376,0.30185479,2.0965206,2.6620346,0.17400458,-5.1993376,0.25360621,-5.1993376,5.1993376,-0.11441489,-0.21363612,0.14858402,-5.1993376
50,1.0230033,0.96742157,-5.1993376,-1.144896,-2.0431151,0.29660674,1.761948,5.1993376,-5.1993376,-0.17018472,-0.21363612,-1.873053,-5.1993376
51,0.51349142,0.47661874,0.91087287,0.61199579,-0.26398459,0.62109893,-0.36687305,5.1993376,5.1993376,-0.78332986,0.18547963,0.58052362,-5.1993376
52,-5.1993376,1.2179357,-5.1993376,-0.98357337,0.30448193,-5.1993376,0.25360621,5.1993376,5.1993376,-5.1993376,0.18547963,0.45146888,-5.1993376
53,-5.1993376,-1.4827602,-0.7315153,-0.66428721,-0.26398459,-0.1422445,-0.67055744,-5.1993376,-5.1993376,-0.17018472,0.69910809,0.71036555,-5.1993376
54,0.51349142,-0.94088545,1.0841952,0.88088812,0.63946185,1.2612822,-1.1768904,-5.1993376,-5.1993376,0.60897269,-1.1694007,0.29922973,-5.1993376
55,-5.1993376,-0.20081806,-0.1422445,0.61199579,-1.3219458,-0.1422445,-0.67055744,5.1993376,5.1993376,-5.1993376,2.1196682,-0.57311539,-5.1993376
56,1.7679033,-0.42660141,0.55253687,0.17400458,-0.69112102,0.87535389,2.5423492,5.1993376,5.1993376,2.3237466,0.69910809,1.464186,1.1644437
57,-5.1993376,-1.2640664,0.55253687,-0.90518882,1.2023467,-5.1993376,0.25360621,-5.1993376,5.1993376,-5.1993376,-5.1993376,0.29922973,-5.1993376
58,1.7679033,-1.1140325,0.99791966,0.57607489,-0.97143575,1.0774455,1.5542696,5.1993376,5.1993376,0.81440074,0.69910809,-0.57311539,-5.1993376
59,-5.1993376,0.75466427,-0.1422445,0.0062728847,-1.6299924,-0.1422445,-0.67055744,5.1993376,-5.1993376,-0.78332986,1.3781138,-0.17527843,-5.1993376
60,0.51349142,0.5642668,-0.1422445,0.32954771,-0.26398459,-0.1422445,1.2447784,5.1993376,5.1993376,-0.78332986,-0.21363612,0.58052362,-5.1993376
61,1.0230033,-0.32557657,2.4320167,0.17400458,0.40471681,0.29660674,1.761948,5.1993376,5.1993376,0.324254,-0.60746322,1.3494976,0.41561866
62,0.51349142,0.58498388,1.0841952,1.3249577,-0.97143575,0.29660674,0.25360621,-5.1993376,5.1993376,-0.28744217,1.3781138,-0.57311539,0.9377014
63,-5.1993376,-0.33617787,-0.43348197,0.32954771,0.40471681,0.62109893,-1.5215251,5.1993376,-5.1993376,-0.78332986,-0.21363612,0.58052362,0.60897269
64,-5.1993376,1.3978365,0.11820414,0.21235277,-0.26398459,-0.1422445,-0.67055744,5.1993376,5.1993376,-0.78332986,0.18547963,-0.79704409,-5.1993376
65,0.51349142,-0.66116187,0.55253687,1.0230033,0.30448193,1.7444475,-1.6896701,-5.1993376,-5.1993376,-0.65804298,-0.21363612,0.58052362,0.21846392
66,-5.1993376,0.26138737,-0.1422445,-0.72008693,2.1440107,-5.1993376,0.25360621,5.1993376,5.1993376,-0.78332986,-0.60746322,-0.36553148,-5.1993376
67,0.51349142,-0.59993651,0.91087287,1.123415,-1.3219458,0.29660674,0.25360621,5.1993376,-5.1993376,0.48930663,0.69910809,-0.36553148,-5.1993376
68,0.51349142,-0.66116187,-0.1422445,0.25360621,-0.26398459,-0.1422445,1.2447784,5.1993376,-5.1993376,0.0062728847,0.18547963,-1.2502419,0.57261762
69,1.0230033,0.47661874,-5.1993376,-1.059682,0.63946185,0.29660674,1.761948,5.1993376,-5.1993376,1.2023467,1.3781138,-1.873053,-5.1993376
70,-5.1993376,1.6691125,0.11820414,-1.8179677,-0.26398459,-5.1993376,0.25360621,5.1993376,5.1993376,-5.1993376,-5.1993376,0.85167519,0.9127741
71,-5.1993376,0.63485111,-1.1644437,-0.56279634,-0.69112102,-0.1422445,-0.67055744,5.1993376,5.1993376,-0.17018472,2.1196682,-1.6691125,0.43791478
72,-5.1993376,-1.3310177,0.2239158,0.36821529,-0.26398459,-0.1422445,-0.67055744,5.1993376,-5.1993376,1.4568958,0.18547963,-0.36553148,-5.1993376
73,-5.1993376,-0.046435725,-1.1644437,-0.6150245,-2.6965111,-5.1993376,0.25360621,-5.1993376,-5.1993376,0.22262957,0.69910809,-0.57311539,-5.1993376
74,-5.1993376,0.31105902,0.2239158,0.71359852,1.0955557,0.62109893,-1.5215251,5.1993376,5.1993376,-0.17018472,-1.1694007,-0.57311539,-5.1993376
75,-5.1993376,-0.42660141,0.55253687,0.57607489,-0.69112102,-5.1993376,0.25360621,5.1993376,-5.1993376,1.0841952,0.69910809,0.98561042,0.34003274
76,1.0230033,-0.66898742,-0.7315153,-0.44869228,0.30448193,0.29660674,1.761948,-5.1993376,5.1993376,0.22262957,-1.1694007,-0.17527843,0.27569442
77,-5.1993376,0.13464458,-0.7315153,-0.39384742,-0.83733836,0.29660674,-1.1768904,5.1993376,5.1993376,-5.1993376,0.69910809,0.58052362,0.80077557
78,0.51349142,0.33485067,-1.1644437,-0.44869228,-0.26398459,0.62109893,-0.36687305,5.1993376,5.1993376,0.10810309,0.18547963,-0.57311539,0.22906446
79,2.8778461,0.9165865,1.649237,0.13337869,-1.8114574,1.4354772,5.1993376,-5.1993376,-5.1993376,0.79360155,2.1196682,1.1140325,3.2300457
80,-5.1993376,1.3402005,1.0841952,-1.059682,0.30448193,0.87535389,-1.7986626,5.1993376,5.1993376,0.48930663,-1.1694007,-0.36553148,0.49213682
81,-5.1993376,-0.21491982,1.2640664,1.6640817,-1.3219458,-0.1422445,-0.67055744,5.1993376,-5.1993376,1.3781138,0.69910809,-0.001254569,0.64254324
82,-5.1993376,1.6159455,1.649237,1.6299924,-1.3219458,-5.1993376,0.25360621,5.1993376,5.1993376,-0.053972647,0.69910809,2.8778461,-5.1993376
83,-5.1993376,0.63485111,-5.1993376,-1.3684503,-2.0431151,-0.1422445,-0.67055744,5.1993376,5.1993376,-5.1993376,1.3781138,-1.0230033,1.9031265
84,-5.1993376,1.3249577,1.649237,1.2075323,-0.26398459,-0.1422445,-0.67055744,5.1993376,5.1993376,-0.28744217,-0.21363612,-0.79704409,1.0315088
85,-5.1993376,-1.1140325,-0.1422445,-0.089192496,-0.26398459,-5.1993376,0.25360621,5.1993376,5.1993376,0.34948301,0.69910809,0.14858402,0.18642145
86,-5.1993376,0.38572587,0.2239158,0.25360621,0.087932998,0.29660674,-1.1768904,5.1993376,-5.1993376,0.06025574,0.18547963,0.45146888,0.38437477
87,0.51349142,0.21620388,0.11820414,1.123415,-0.26398459,0.29660674,0.25360621,5.1993376,-5.1993376,-0.053972647,-0.21363612,-1.0230033,-5.1993376
88,-5.1993376,0.25101592,-0.1422445,0.50492201,0.97546566,-5.1993376,0.25360621,5.1993376,-5.1993376,-0.92233022,-0.21363612,2.3076067,-5.1993376
89,-5.1993376,0.63485111,-0.1422445,0.0062728847,-1.3219458,-5.1993376,0.25360621,5.1993376,-5.1993376,-0.78332986,0.69910809,0.29922973,-5.1993376
90,2.1079532,-0.65337661,-1.0307974,-0.98357337,0.30448193,1.4354772,1.2447784,5.1993376,-5.1993376,0.45842568,-0.60746322,-0.001254569,1.4250105
91,-5.1993376,0.50349739,1.649237,1.7055704,-2.3259725,-0.1422445,-0.67055744,-5.1993376,-5.1993376,-0.28744217,2.1196682,1.9858764,1.7360149
92,-5.1993376,0.79360155,-0.1422445,0.092971849,-0.69112102,-5.1993376,0.25360621,5.1993376,5.1993376,1.4319709,0.69910809,-0.001254569,-5.1993376
93,-5.1993376,2.2542411,-0.1422445,0.29267606,-2.9707282,-5.1993376,0.25360621,-5.1993376,-5.1993376,0.22262957,2.1196682,0.58052362,-5.1993376
94,-5.1993376,0.36017172,0.55253687,1.6640817,0.63946185,1.8803524,-2.7474533,-5.1993376,-5.1993376,-0.78332986,-0.60746322,0.45146888,-5.1993376
95,1.0230033,-0.028859086,1.401177,1.2895781,-0.69112102,2.2899878,-1.6741858,-5.1993376,5.1993376,1.7861556,0.69910809,1.3494976,0.49213682
96,-5.1993376,-0.97143575,-0.7315153,-0.23808933,-1.3219458,-5.1993376,0.25360621,5.1993376,5.1993376,-0.45564031,1.3781138,-0.79704409,-5.1993376
97,-5.1993376,0.33485067,-0.1422445,0.98561042,0.17400458,-5.1993376,0.25360621,5.1993376,-5.1993376,0.0062728847,-0.21363612,-1.6691125,0.65789301
98,-5.1993376,-1.1140325,0.2239158,0.36821529,-0.26398459,-5.1993376,0.25360621,5.1993376,5.1993376,-0.053972647,0.69910809,-0.36553148,-5.1993376
99,-5.1993376,-0.94757994,-0.1422445,-0.089192496,0.97546566,-5.1993376,0.25360621,5.1993376,5.1993376,1.1844468,-0.60746322,0.45146888,-5.1993376
100,0.51349142,-0.54524419,-5.1993376,-1.144896,-0.83733836,0.29660674,0.25360621,5.1993376,-5.1993376,1.7861556,0.69910809,0.29922973,-5.1993376
101,0.51349142,-0.68317781,0.2239158,-0.90518882,0.087932998,0.62109893,-0.36687305,-5.1993376,5.1993376,-0.45564031,-1.1694007,-0.79704409,-5.1993376
102,0.51349142,2.7205493,1.0841952,-0.6150245,-2.6965111,-0.1422445,1.2447784,5.1993376,-5.1993376,1.0444088,2.1196682,-0.17527843,2.2923988
103,-5.1993376,-0.42660141,0.2239158,0.54088248,-0.83733836,-5.1993376,0.25360621,-5.1993376,-5.1993376,0.45842568,0.69910809,0.29922973,0.19281061
104,-5.1993376,0.0075274833,-5.1993376,-1.144896,1.6022103,-5.1993376,0.25360621,5.1993376,-5.1993376,0.06025574,-0.60746322,-0.57311539,-5.1993376
105,-5.1993376,-1.228354,-0.7315153,-0.44869228,0.63946185,-5.1993376,0.25360621,5.1993376,5.1993376,-5.1993376,0.18547963,-1.0230033,-5.1993376
106,-5.1993376,0.83912102,0.55253687,0.21235277,-0.26398459,-0.1422445,-0.67055744,-5.1993376,5.1993376,0.58796385,-0.60746322,-0.17527843,-5.1993376
107,1.0230033,-1.6135227,-0.7315153,-0.50492201,-0.26398459,0.29660674,1.761948,5.1993376,5.1993376,-5.1993376,-1.1694007,-0.36553148,-5.1993376
108,1.4181186,-1.0487476,0.91087287,0.78845531,-2.0431151,1.0774455,0.89765526,5.1993376,-5.1993376,0.92233022,0.69910809,1.1140325,0.27308902
109,1.0230033,-0.73808885,1.649237,0.84987354,-0.97143575,0.29660674,1.761948,5.1993376,5.1993376,-5.1993376,0.18547963,1.464186,-5.1993376
110,2.483413,-1.0487476,-1.1644437,-1.2529876,0.63946185,1.2612822,2.8778461,5.1993376,-5.1993376,1.0444088,-1.1694007,0.85167519,0.57985868
111,-5.1993376,0.98154039,-5.1993376,-0.13591068,-0.26398459,-5.1993376,0.25360621,5.1993376,5.1993376,-1.0552931,-0.21363612,0.14858402,-5.1993376
112,-5.1993376,0.69910809,1.0841952,0.71359852,-0.26398459,0.87535389,-1.7986626,-5.1993376,5.1993376,0.34948301,-1.1694007,-0.57311539,-5.1993376
113,0.51349142,0.10557959,-0.1422445,-0.23808933,-0.26398459,0.29660674,0.25360621,5.1993376,-5.1993376,0.0062728847,-0.60746322,-0.001254569,-5.1993376
114,1.0230033,0.61805886,0.55253687,0.71359852,0.63946185,1.0774455,-0.300542,-5.1993376,-5.1993376,0.53653104,-0.60746322,0.85167519,1.8774123
115,-5.1993376,-0.13591068,0.91087287,-0.44869228,-0.69112102,-0.1422445,-0.67055744,-5.1993376,-5.1993376,1.0552931,-0.21363612,0.14858402,-5.1993376
116,0.51349142,0.22648938,1.649237,0.75299744,-0.26398459,0.29660674,0.25360621,5.1993376,-5.1993376,-0.28744217,0.18547963,0.45146888,0.78162595
117,-5.1993376,0.056485615,-0.1422445,-0.29005812,-0.26398459,0.62109893,-1.5215251,5.1993376,-5.1993376,-0.28744217,0.18547963,-0.36553148,0.49213682
118,-5.1993376,-1.2053021,0.55253687,-0.72008693,-0.26398459,-5.1993376,0.25360621,5.1993376,-5.1993376,1.9558279,-1.1694007,1.464186,1.5044214
119,0.51349142,-0.10305677,0.2239158,-1.505747,1.2023467,0.29660674,0.25360621,-5.1993376,5.1993376,0.45842568,-5.1993376,-0.36553148,-5.1993376
120,-5.1993376,0.39520352,-0.1422445,-0.13591068,0.63946185,-5.1993376,0.25360621,5.1993376,5.1993376,0.22262957,0.18547963,-0.36553148,0.22415289
121,-5.1993376,0.41563423,1.2640664,1.9681651,-0.26398459,-5.1993376,0.25360621,-5.1993376,-5.1993376,0.26658359,0.18547963,-0.001254569,0.17906581
122,-5.1993376,-1.873053,0.55253687,-1.6590928,0.63946185,-0.1422445,-0.67055744,5.1993376,-5.1993376,-0.78332986,-1.1694007,-0.36553148,-5.1993376
123,1.4181186,-0.42660141,-0.1422445,-0.29005812,0.63946185,0.62109893,2.1696941,5.1993376,5.1993376,0.56132709,0.18547963,1.2339616,-5.1993376
124,1.0230033,0.11820414,-0.43348197,0.43900121,0.63946185,0.62109893,0.96142934,5.1993376,-5.1993376,0.18165198,-0.60746322,0.45146888,-5.1993376
125,-5.1993376,1.1352842,0.55253687,0.88088812,-0.26398459,0.87535389,-1.7986626,5.1993376,-5.1993376,0.324254,0.18547963,-0.001254569,1.5411019
126,-5.1993376,-1.2640664,-5.1993376,-1.505747,2.1440107,-5.1993376,0.25360621,5.1993376,5.1993376,-5.1993376,-1.1694007,0.14858402,-5.1993376
127,-5.1993376,-0.085414417,-5.1993376,-1.059682,-1.3219458,-5.1993376,0.25360621,5.1993376,5.1993376,-5.1993376,0.69910809,-1.6691125,-5.1993376
128,1.0230033,-1.7274656,-0.1422445,-0.72008693,0.30448193,0.87535389,0.25360621,-5.1993376,-5.1993376,0.0062728847,-1.1694007,-0.36553148,-5.1993376
129,-5.1993376,0.61805886,0.55253687,0.36821529,-1.3219458,0.29660674,-1.1768904,-5.1993376,5.1993376,2.3652476,1.3781138,2.0965206,-5.1993376
130,0.51349142,1.0124743,0.55253687,0.75299744,-0.26398459,0.62109893,-0.36687305,-5.1993376,-5.1993376,0.0062728847,0.18547963,-0.79704409,0.42248277
131,-5.1993376,0.79360155,0.2239158,-0.23808933,0.63946185,0.62109893,-1.5215251,-5.1993376,-5.1993376,-5.1993376,-0.60746322,-1.2502419,-5.1993376
132,-5.1993376,-1.505747,0.55253687,-0.50492201,0.17400458,-0.1422445,-0.67055744,-5.1993376,-5.1993376,0.06025574,-1.1694007,-0.79704409,-5.1993376
133,-5.1993376,0.22648938,1.2640664,1.3249577,-0.69112102,-5.1993376,0.25360621,-5.1993376,5.1993376,1.1328976,0.18547963,-0.57311539,-5.1993376
134,-5.1993376,1.4979966,-1.3657531,-0.98357337,-2.0431151,-5.1993376,0.25360621,5.1993376,-5.1993376,0.98969684,0.69910809,-0.79704409,-5.1993376
135,-5.1993376,-1.1140325,-0.43348197,0.29267606,-0.26398459,-5.1993376,0.25360621,5.1993376,-5.1993376,0.68159434,1.3781138,-1.4678604,-5.1993376
136,2.1079532,1.8587466,1.0841952,0.47100434,-1.3219458,1.4354772,1.2447784,5.1993376,-5.1993376,0.8570968,-0.21363612,0.71036555,-5.1993376
137,-5.1993376,-0.75967739,0.11820414,0.05146002,-0.26398459,-5.1993376,0.25360621,5.1993376,5.1993376,0.7413876,0.18547963,-1.2502419,-5.1993376
138,-5.1993376,-0.085414417,-0.7315153,-0.72008693,-0.26398459,-0.1422445,-0.67055744,5.1993376,-5.1993376,0.68159434,0.69910809,0.29922973,0.71734357
139,-5.1993376,-0.85167519,-0.7315153,-0.041412601,1.2023467,0.29660674,-1.1768904,-5.1993376,-5.1993376,0.58796385,-0.60746322,-1.2502419,-5.1993376
140,-5.1993376,-0.98969684,2.2838445,0.54088248,0.30448193,-0.1422445,-0.67055744,-5.1993376,-5.1993376,-0.92233022,-1.1694007,0.85167519,1.6437904
141,-5.1993376,-0.59993651,-0.1422445,0.13337869,-1.3219458,-5.1993376,0.25360621,5.1993376,5.1993376,-0.45564031,0.69910809,0.14858402,-5.1993376
142,-5.1993376,-0.75466427,-0.7315153,-0.44869228,1.3684503,0.62109893,-1.5215251,5.1993376,5.1993376,-5.1993376,-0.60746322,0.98561042,-5.1993376
143,-5.1993376,-1.0166724,-0.1422445,0.54088248,-0.26398459,-0.1422445,-0.67055744,5.1993376,-5.1993376,0.37628274,1.3781138,0.98561042,-5.1993376
144,-5.1993376,0.52209871,0.91087287,1.123415,-1.3219458,-0.1422445,-0.67055744,-5.1993376,5.1993376,0.37628274,2.1196682,-1.0230033,-5.1993376
145,-5.1993376,2.1696941,0.55253687,1.0909946,-0.97143575,-5.1993376,0.25360621,5.1993376,-5.1993376,0.10810309,1.3781138,1.8952593,-5.1993376
146,0.51349142,0.65648594,-1.3159579,-2.1316816,0.30448193,0.29660674,0.25360621,5.1993376,5.1993376,-5.1993376,-0.60746322,0.58052362,-5.1993376
147,0.51349142,-0.56868553,-0.7315153,-0.6150245,0.63946185,1.4354772,-1.3846283,5.1993376,5.1993376,1.6896701,-1.1694007,0.98561042,1.2127505
148,0.51349142,-0.23292993,1.2640664,0.05146002,0.30448193,1.0774455,-0.98765156,-5.1993376,-5.1993376,0.37628274,-0.60746322,0.29922973,-5.1993376
149,1.0230033,2.311635,1.649237,0.54088248,-1.8114574,0.29660674,1.761948,5.1993376,-5.1993376,0.45842568,-0.21363612,-0.001254569,1.7572996
150,0.51349142,0.8109099,-0.7315153,-1.8179677,1.2023467,0.29660674,0.25360621,-5.1993376,5.1993376,-5.1993376,-5.1993376,0.29922973,-5.1993376
151,1.4181186,0.11820414,1.2640664,1.533612,-0.26398459,0.62109893,2.1696941,5.1993376,-5.1993376,1.4181186,0.18547963,1.1140325,1.0967904
152,-5.1993376,0.90330062,-0.43348197,-0.041412601,-0.97143575,-5.1993376,0.25360621,5.1993376,5.1993376,-0.78332986,0.18547963,-0.57311539,-5.1993376
153,-5.1993376,1.7055704,0.55253687,1.5843543,-0.26398459,-0.1422445,-0.67055744,5.1993376,5.1993376,-0.92233022,-0.21363612,0.58052362,0.72171378
154,0.51349142,0.41563423,0.55253687,0.78845531,-1.3219458,-0.1422445,1.2447784,5.1993376,-5.1993376,1.1400769,-0.21363612,0.58052362,1.8158937
155,-5.1993376,-0.32557657,0.55253687,0.40607882,-0.97143575,-5.1993376,0.25360621,5.1993376,-5.1993376,-0.65804298,0.69910809,0.14858402,0.96479478
156,0.51349142,2.181154,1.0841952,0.64872442,-1.3219458,0.29660674,0.25360621,5.1993376,5.1993376,-0.11441489,0.18547963,-0.79704409,0.24196303
157,1.0230033,0.62872436,-0.1422445,-0.18547963,0.63946185,2.5117912,-1.994971,5.1993376,-5.1993376,0.77314015,-1.1694007,0.85167519,-5.1993376
158,-5.1993376,0.98154039,0.2239158,0.78845531,-0.26398459,0.62109893,-1.5215251,5.1993376,-5.1993376,-0.92233022,0.18547963,-1.0230033,-5.1993376
159,0.51349142,0.11820414,-0.1422445,0.05146002,0.63946185,0.29660674,0.25360621,5.1993376,-5.1993376,0.62566982,-0.60746322,-0.36553148,0.3561587
160,0.51349142,0.87719565,0.55253687,0.47100434,-2.0431151,-0.1422445,1.2447784,5.1993376,5.1993376,-0.28744217,2.1196682,0.45146888,-5.1993376
161,-5.1993376,1.2502419,-0.1422445,-0.56279634,-0.26398459,-5.1993376,0.25360621,5.1993376,5.1993376,1.7055704,0.18547963,-0.79704409,-5.1993376
162,0.51349142,-0.31237604,-1.3432866,-0.77822491,-1.7219141,-0.1422445,1.2447784,5.1993376,5.1993376,-5.1993376,2.1196682,-1.4678604,-5.1993376
163,-5.1993376,0.29005812,-0.1422445,0.84987354,-0.26398459,-5.1993376,0.25360621,5.1993376,5.1993376,-0.92233022,-0.21363612,-1.6691125,-5.1993376
164,-5.1993376,-0.2239158,-0.1422445,-0.041412601,-1.3219458,-0.1422445,-0.67055744,5.1993376,-5.1993376,0.34948301,0.69910809,-0.17527843,1.550666
165,-5.1993376,-1.3310177,0.55253687,-0.98357337,0.63946185,-5.1993376,0.25360621,-5.1993376,5.1993376,-5.1993376,-1.1694007,2.1968939,1.6896701
166,1.0230033,0.953493,1.959536,1.8245559,-1.3219458,0.87535389,0.25360621,-5.1993376,-5.1993376,0.34948301,-0.21363612,-0.17527843,-5.1993376
167,-5.1993376,-0.89450084,0.2239158,-0.34149266,1.6022103,-5.1993376,0.25360621,-5.1993376,-5.1993376,1.4568958,-0.60746322,-0.57311539,1.2753025
168,-5.1993376,0.47661874,-1.1644437,-0.83912102,-0.26398459,-0.1422445,-0.67055744,5.1993376,-5.1993376,0.06025574,-0.21363612,-0.001254569,-5.1993376
169,1.4181186,-1.621182,-0.1422445,-1.8179677,1.2023467,1.7444475,-0.43762015,-5.1993376,-5.1993376,2.840132,-1.1694007,1.7560546,1.8803524
170,-5.1993376,-1.1873621,0.2239158,0.21235277,1.2023467,-5.1993376,0.25360621,-5.1993376,-5.1993376,-0.11441489,-1.1694007,-0.57311539,-5.1993376
171,0.51349142,1.5018605,-0.1422445,-0.6150245,-0.26398459,-0.1422445,1.2447784,5.1993376,5.1993376,-5.1993376,0.69910809,-0.17527843,-5.1993376
172,1.4181186,-0.17018472,0.91087287,0.57607489,-0.26398459,0.62109893,2.1696941,5.1993376,-5.1993376,1.2809814,-0.21363612,1.1140325,0.60687722
173,-5.1993376,0.68793853,1.649237,1.8448108,-0.26398459,-5.1993376,0.25360621,-5.1993376,-5.1993376,-0.053972647,-0.60746322,0.71036555,-5.1993376
174,1.0230033,1.6844637,0.55253687,0.29267606,-0.26398459,0.62109893,0.96142934,5.1993376,5.1993376,-5.1993376,0.69910809,-1.4678604,1.1740336
175,-5.1993376,-0.8901723,-0.43348197,-0.18547963,0.63946185,0.29660674,-1.1768904,5.1993376,5.1993376,-0.22648938,0.18547963,-1.873053,0.78860113
176,-5.1993376,0.47661874,-1.3432866,-1.2529876,0.97546566,-5.1993376,0.25360621,5.1993376,5.1993376,-5.1993376,-0.21363612,-1.6691125,-5.1993376
177,1.4181186,-0.7697614,0.55253687,0.0062728847,0.97546566,3.2156926,-2.3863399,-5.1993376,-5.1993376,1.7444475,-1.1694007,1.464186,-5.1993376
178,2.1079532,1.7330708,1.0841952,0.43900121,-1.6299924,1.4354772,1.2447784,5.1993376,-5.1993376,0.98969684,0.18547963,0.71036555,0.8534796
179,-5.1993376,0.26138737,-1.1644437,0.13337869,1.3684503,-5.1993376,0.25360621,5.1993376,5.1993376,-0.78332986,-0.60746322,-0.36553148,-5.1993376
180,-5.1993376,0.66741904,0.11820414,0.17400458,-0.26398459,-5.1993376,0.25360621,5.1993376,5.1993376,0.0062728847,0.18547963,-0.36553148,-5.1993376
181,1.0230033,1.1047469,0.31764959,-0.39384742,-1.3219458,0.87535389,0.25360621,5.1993376,5.1993376,1.358913,0.18547963,1.6590928,-5.1993376
182,0.51349142,1.8245559,-0.1422445,0.092971849,-0.26398459,-0.1422445,1.2447784,5.1993376,5.1993376,-0.92233022,0.69910809,0.98561042,-5.1993376
183,-5.1993376,-0.99585764,-0.7315153,-0.56279634,0.63946185,-5.1993376,0.25360621,-5.1993376,-5.1993376,0.51635627,0.69910809,-1.873053,-5.1993376
184,-5.1993376,-1.1140325,-0.1422445,0.0062728847,-1.3219458,0.29660674,-1.1768904,5.1993376,-5.1993376,0.53653104,0.69910809,0.14858402,0.51843386
185,0.51349142,0.34948301,1.649237,1.4568958,-0.83733836,-0.1422445,1.2447784,5.1993376,5.1993376,0.324254,0.18547963,0.85167519,1.269844
186,-5.1993376,-1.0166724,-0.43348197,0.05146002,0.17400458,0.29660674,-1.1768904,5.1993376,-5.1993376,0.10810309,1.3781138,-0.001254569,0.27830169
187,-5.1993376,0.93003618,-5.1993376,-1.2529876,1.0955557,-0.1422445,-0.67055744,5.1993376,5.1993376,-0.45564031,-0.60746322,-1.2502419,-5.1993376
188,-5.1993376,-0.21491982,-0.1422445,-0.18547963,1.6022103,0.29660674,-1.1768904,5.1993376,5.1993376,-0.45564031,-0.60746322,-0.001254569,-5.1993376
189,-5.1993376,-1.1140325,1.0841952,1.5843543,-0.97143575,-5.1993376,0.25360621,-5.1993376,-5.1993376,2.1196682,0.69910809,1.3494976,1.0707446
190,-5.1993376,-1.2867019,-0.1422445,-0.83912102,0.30448193,-5.1993376,0.25360621,-5.1993376,5.1993376,-0.78332986,-1.1694007,0.29922973,-5.1993376
191,-5.1993376,-0.018819641,1.2640664,0.47100434,0.17400458,-5.1993376,0.25360621,-5.1993376,-5.1993376,0.29791798,-0.21363612,-1.0230033,0.37556408
192,2.1079532,0.47661874,0.99791966,0.43900121,-0.26398459,1.7444475,0.86984634,5.1993376,5.1993376,-5.1993376,-0.21363612,-1.4678604,0.93066622
193,-5.1993376,0.20722283,-0.1422445,0.61199579,-0.69112102,-5.1993376,0.25360621,5.1993376,-5.1993376,1.0293754,1.3781138,0.45146888,-5.1993376
194,-5.1993376,0.86618925,0.55253687,1.2895781,-1.3219458,-0.1422445,-0.67055744,5.1993376,5.1993376,0.60897269,2.1196682,0.45146888,0.79613344
195,-5.1993376,-0.83200627,-0.7315153,-0.44869228,0.63946185,-5.1993376,0.25360621,5.1993376,-5.1993376,0.68159434,-1.1694007,-0.17527843,0.61957818
196,1.0230033,-0.71359852,1.2640664,1.9681651,-0.83733836,0.62109893,0.96142934,5.1993376,-5.1993376,0.45842568,1.3781138,-0.57311539,0.73973722
197,-5.1993376,-0.42660141,-5.1993376,-1.144896,0.63946185,-5.1993376,0.25360621,5.1993376,-5.1993376,0.92233022,1.3781138,-1.0230033,1.6237536
198,-5.1993376,0.14731565,0.2239158,0.40607882,-1.3219458,-5.1993376,0.25360621,5.1993376,5.1993376,0.06025574,0.69910809,-0.001254569,-5.1993376
199,0.51349142,-0.53653104,0.55253687,1.0230033,-0.26398459,-0.1422445,1.2447784,5.1993376,5.1993376,-0.17018472,0.69910809,0.14858402,-5.1993376
200,-5.1993376,-0.34415366,-0.7315153,-0.18547963,0.63946185,-5.1993376,0.25360621,5.1993376,-5.1993376,0.10810309,1.3781138,-1.2502419,-5.1993376
201,-5.1993376,-0.1625524,0.55253687,1.5843543,-0.26398459,-5.1993376,0.25360621,5.1993376,-5.1993376,0.51635627,-0.21363612,1.3494976,1.2753025
202,1.0230033,-0.24454752,-5.1993376,-1.3684503,-0.83733836,0.29660674,1.761948,5.1993376,-5.1993376,0.10810309,-0.21363612,0.71036555,1.08703
203,-5.1993376,-0.42660141,-5.1993376,-1.3684503,0.63946185,-5.1993376,0.25360621,5.1993376,-5.1993376,1.5932188,0.69910809,0.98561042,2.1948564
204,1.0230033,2.0853556,1.649237,1.6299924,-0.26398459,0.29660674,1.761948,-5.1993376,5.1993376,-5.1993376,0.18547963,-0.79704409,0.17906581
205,-5.1993376,-0.67527746,0.2239158,1.533612,0.63946185,-0.1422445,-0.67055744,5.1993376,5.1993376,-5.1993376,-0.21363612,-0.57311539,-5.1993376
206,-5.1993376,1.2982711,1.649237,0.91467864,0.40471681,0.29660674,-1.1768904,-5.1993376,5.1993376,0.7413876,-0.60746322,1.2339616,0.49213682
207,-5.1993376,-2.0440004,-0.1422445,-1.6590928,1.2023467,-5.1993376,0.25360621,5.1993376,5.1993376,-5.1993376,-1.1694007,-0.001254569,-5.1993376
208,-5.1993376,-1.8471086,-0.7315153,-1.505747,2.1440107,0.62109893,-1.5215251,-5.1993376,5.1993376,-5.1993376,-1.1694007,-0.57311539,-5.1993376
209,1.0230033,-1.1140325,-5.1993376,-0.83912102,0.63946185,0.87535389,0.25360621,5.1993376,-5.1993376,1.634747,1.3781138,0.71036555,1.4898766
210,0.51349142,-0.52066149,-5.1993376,-0.98357337,0.17400458,0.29660674,0.25360621,5.1993376,5.1993376,0.51635627,0.69910809,0.29922973,-5.1993376
211,1.0230033,-0.42660141,-0.1422445,0.43900121,-0.97143575,0.29660674,1.761948,5.1993376,5.1993376,0.7413876,2.1196682,-1.2502419,-5.1993376
212,-5.1993376,0.0075274833,0.55253687,0.40607882,-2.0431151,-5.1993376,0.25360621,5.1993376,-5.1993376,0.10810309,0.69910809,1.7560546,0.34365314
213,0.51349142,0.68793853,1.2640664,0.95151828,-0.26398459,0.29660674,0.25360621,5.1993376,5.1993376,0.75800423,-0.60746322,0.29922973,0.98765156
214,-5.1993376,0.32161055,-5.1993376,-1.144896,-0.26398459,-5.1993376,0.25360621,5.1993376,-5.1993376,-0.55985906,0.69910809,-1.0230033,-5.1993376
215,-5.1993376,0.69590794,1.0841952,1.123415,-0.26398459,-5.1993376,0.25360621,5.1993376,5.1993376,0.06025574,-0.21363612,0.85167519,0.26728471
216,0.51349142,0.056485615,-0.7315153,-0.6150245,0.63946185,0.29660674,0.25360621,-5.1993376,5.1993376,0.10810309,-1.1694007,-0.36553148,-5.1993376
217,-5.1993376,-1.2753025,-5.1993376,-1.059682,-3.2291427,-5.1993376,0.25360621,5.1993376,-5.1993376,-0.65804298,0.69910809,-1.6691125,-5.1993376
218,1.4181186,0.83912102,0.31764959,0.40607882,-0.26398459,0.62109893,2.1696941,5.1993376,-5.1993376,1.9264032,0.18547963,0.98561042,1.390882
219,-5.1993376,0.025094008,-0.7315153,0.61199579,-0.26398459,-5.1993376,0.25360621,5.1993376,-5.1993376,-0.11441489,-0.21363612,1.7560546,0.82317161
220,1.4181186,0.39520352,-1.0444088,-0.98357337,0.63946185,0.87535389,1.2447784,5.1993376,-5.1993376,1.0082941,0.18547963,0.45146888,1.1702102
221,-5.1993376,-0.53653104,-0.7315153,-1.3684503,-0.26398459,-5.1993376,0.25360621,5.1993376,5.1993376,0.22262957,-0.60746322,-0.36553148,0.55985906
222,0.51349142,0.60595514,-0.1422445,0.17400458,-0.69112102,-0.1422445,1.2447784,5.1993376,5.1993376,1.5932188,-0.60746322,1.1140325,1.4180493
223,-5.1993376,-0.018819641,-0.7315153,-0.23808933,1.0955557,-5.1993376,0.25360621,5.1993376,5.1993376,0.29791798,-1.1694007,-0.57311539,-5.1993376
224,-5.1993376,-0.058998939,0.55253687,0.68001258,-0.26398459,-0.1422445,-0.67055744,5.1993376,-5.1993376,0.79360155,0.69910809,-0.17527843,-5.1993376
225,1.4181186,-0.29529601,-0.1422445,-0.18547963,-0.83733836,0.87535389,1.2447784,5.1993376,-5.1993376,-0.55985906,0.18547963,0.14858402,0.55985906
226,-5.1993376,0.75466427,0.2239158,0.50492201,-0.26398459,-0.1422445,-0.67055744,5.1993376,5.1993376,0.86801634,0.18547963,-0.001254569,-5.1993376
227,0.51349142,-0.34415366,-0.1422445,-0.98357337,2.1440107,-0.1422445,1.2447784,5.1993376,-5.1993376,0.92233022,-0.60746322,1.464186,-5.1993376
228,-5.1993376,-0.87167925,-0.7315153,-0.6150245,0.40471681,-0.1422445,-0.67055744,5.1993376,5.1993376,-0.28744217,-0.60746322,0.58052362,2.41169
229,-5.1993376,-0.42660141,-0.7315153,-0.50492201,0.63946185,-5.1993376,0.25360621,5.1993376,5.1993376,0.14858402,0.69910809,-1.873053,-5.1993376
230,1.0230033,-1.057485,-5.1993376,-1.505747,-1.3219458,0.62109893,0.96142934,5.1993376,-5.1993376,0.48930663,-1.1694007,-0.001254569,-5.1993376
231,0.51349142,-1.712057,0.2239158,-0.72008693,0.40471681,1.2612822,-1.1768904,5.1993376,-5.1993376,0.79360155,-1.1694007,-0.57311539,-5.1993376
232,1.7679033,0.68001258,0.2239158,0.21235277,0.17400458,1.5843543,0.25360621,5.1993376,-5.1993376,0.51635627,0.18547963,-0.57311539,2.1223403
233,-5.1993376,-0.60595514,-5.1993376,-1.9858764,-1.0819398,0.29660674,-1.1768904,5.1993376,5.1993376,-5.1993376,0.69910809,-1.0230033,1.2803071
234,0.51349142,0.86618925,0.55253687,0.71359852,-0.83733836,0.29660674,0.25360621,5.1993376,5.1993376,0.34948301,0.18547963,0.29922973,0.80222568
235,0.51349142,0.83023416,-0.7315153,-1.144896,-0.26398459,0.29660674,0.25360621,5.1993376,5.1993376,0.34948301,1.3781138,0.98561042,2.5141026
236,1.0230033,2.5423492,0.91087287,2.0331038,0.40471681,0.29660674,1.761948,5.1993376,5.1993376,0.22262957,0.18547963,-1.2502419,-5.1993376
237,-5.1993376,-1.6453107,2.0965206,-0.18547963,-0.26398459,-5.1993376,0.25360621,-5.1993376,5.1993376,1.3912021,-1.1694007,0.98561042,-5.1993376
238,1.4181186,-0.24454752,1.649237,1.5843543,0.30448193,1.0774455,0.89765526,-5.1993376,-5.1993376,0.324254,-0.21363612,0.98561042,0.84118234
239,-5.1993376,0.57607489,0.55253687,0.40607882,-0.26398459,-5.1993376,0.25360621,5.1993376,5.1993376,-0.55985906,0.69910809,1.9858764,-5.1993376
240,0.51349142,-0.52066149,-0.1422445,-1.6590928,2.1440107,0.29660674,0.25360621,5.1993376,5.1993376,-5.1993376,-1.1694007,0.29922973,1.7986626
241,-5.1993376,-1.9087981,-1.1644437,-1.2529876,1.3684503,-0.1422445,-0.67055744,5.1993376,5.1993376,-5.1993376,-0.60746322,-0.17527843,-5.1993376
242,-5.1993376,0.43210422,0.2239158,0.17400458,-0.26398459,-5.1993376,0.25360621,5.1993376,5.1993376,-0.053972647,0.18547963,-0.36553148,-5.1993376
243,-5.1993376,0.27699782,-0.1422445,-0.83912102,1.3684503,0.62109893,-1.5215251,-5.1993376,5.1993376,-0.36017172,-1.1694007,-1.4678604,-5.1993376
244,-5.1993376,0.41563423,0.09675253,0.8196557,0.97546566,0.62109893,-1.5215251,-5.1993376,-5.1993376,0.0062728847,-0.60746322,-0.001254569,-5.1993376
245,0.51349142,-0.10305677,1.0841952,0.8196557,0.17400458,-0.1422445,1.2447784,5.1993376,5.1993376,-0.11441489,0.18547963,0.98561042,-5.1993376
246,0.51349142,1.3978365,-0.7315153,-0.089192496,-1.3219458,-0.1422445,1.2447784,5.1993376,-5.1993376,0.58796385,0.18547963,1.5669896,0.32028968
247,-5.1993376,1.9381083,-0.1422445,-0.72008693,0.97546566,0.29660674,-1.1768904,5.1993376,-5.1993376,0.65804298,0.18547963,-0.57311539,-5.1993376
248,-5.1993376,-1.5137209,1.2640664,1.1546147,1.2023467,1.0774455,-1.994971,-5.1993376,-5.1993376,1.0841952,-1.1694007,1.464186,1.7458424
249,1.0230033,0.68793853,0.91087287,1.9681651,-0.97143575,0.87535389,0.25360621,-5.1993376,-5.1993376,-0.11441489,-0.60746322,-0.79704409,-5.1993376
250,1.4181186,-0.53653104,-0.1422445,0.092971849,-0.26398459,0.62109893,2.1696941,5.1993376,-5.1993376,1.8114574,-0.21363612,0.98561042,1.3933709
251,1.0230033,1.8587466,1.401177,0.75299744,-1.8114574,0.29660674,1.761948,-5.1993376,5.1993376,1.0293754,-1.1694007,0.14858402,-5.1993376
252,-5.1993376,-0.65337661,0.55253687,0.8196557,-0.26398459,-0.1422445,-0.67055744,5.1993376,5.1993376,-5.1993376,0.69910809,0.45146888,0.24344201
253,-5.1993376,0.953493,1.401177,1.7055704,-0.26398459,-5.1993376,0.25360621,5.1993376,-5.1993376,0.64100179,0.18547963,-0.57311539,-5.1993376
254,-5.1993376,0.8109099,-5.1993376,-2.1316816,-0.26398459,-5.1993376,0.25360621,-5.1993376,-5.1993376,-5.1993376,-0.60746322,-0.001254569,-5.1993376
255,-5.1993376,1.1644437,0.55253687,0.0062728847,-0.83733836,-5.1993376,0.25360621,5.1993376,-5.1993376,0.06025574,0.69910809,-1.2502419,-5.1993376
256,-5.1993376,-0.66898742,1.2640664,1.0909946,0.97546566,-5.1993376,0.25360621,5.1993376,5.1993376,-0.65804298,-0.60746322,1.1140325,-5.1993376
257,0.51349142,0.48789301,-1.1644437,-0.50492201,-1.3219458,2.8778461,-2.8778461,5.1993376,5.1993376,-5.1993376,0.69910809,0.14858402,-5.1993376
258,0.51349142,-1.7502216,-0.1422445,-0.98357337,1.6022103,-0.1422445,1.2447784,5.1993376,5.1993376,-5.1993376,-1.1694007,0.58052362,-5.1993376
259,1.0230033,-1.1768904,-0.48968776,-0.29005812,1.2023467,2.0853556,-1.3978365,-5.1993376,-5.1993376,0.10810309,-0.60746322,0.85167519,0.84663401
260,0.51349142,0.42385485,0.91087287,0.47100434,-0.26398459,0.29660674,0.25360621,-5.1993376,5.1993376,0.37628274,-0.21363612,-0.17527843,1.4501454
261,-5.1993376,-1.1964194,-0.38978343,0.29267606,-1.3219458,-5.1993376,0.25360621,-5.1993376,5.1993376,-5.1993376,1.3781138,0.14858402,-5.1993376
262,-5.1993376,0.61805886,-1.3432866,-1.059682,-0.26398459,-0.1422445,-0.67055744,5.1993376,5.1993376,0.79360155,-0.21363612,-0.79704409,-5.1993376
263,0.51349142,-1.4678604,-0.1422445,-0.50492201,1.3684503,0.87535389,-0.67055744,5.1993376,5.1993376,-0.65804298,-1.1694007,2.7474533,-5.1993376
264,1.0230033,-0.49922964,2.0042336,1.6640817,-0.26398459,0.62109893,0.96142934,-5.1993376,-5.1993376,1.8952593,-0.21363612,0.29922973,1.3716572
265,0.51349142,1.7679033,0.2239158,0.50492201,0.63946185,-0.1422445,1.2447784,-5.1993376,5.1993376,0.77314015,0.18547963,-1.0230033,-5.1993376
266,-5.1993376,0.36955819,0.55253687,1.123415,0.97546566,0.62109893,-1.5215251,5.1993376,5.1993376,0.10810309,-0.21363612,1.1140325,0.53218973
267,0.51349142,-0.91087287,-0.43348197,-0.50492201,1.3684503,1.2612822,-1.1768904,5.1993376,-5.1993376,0.18165198,-1.1694007,-0.57311539,-5.1993376
268,-5.1993376,0.10557959,-1.0444088,-1.505747,1.6022103,0.29660674,-1.1768904,-5.1993376,5.1993376,0.29791798,-5.1993376,0.14858402,-5.1993376
269,1.7679033,0.27699782,1.3620783,1.7330708,-0.97143575,1.2612822,1.0251227,5.1993376,-5.1993376,0.45842568,0.69910809,-0.17527843,-5.1993376
270,0.51349142,-0.86436505,-0.1422445,-1.2529876,1.2023467,1.8803524,-1.7986626,-5.1993376,5.1993376,0.72334253,-1.1694007,-0.79704409,-5.1993376
271,-5.1993376,0.57607489,0.55253687,0.68001258,-0.26398459,-5.1993376,0.25360621,-5.1993376,5.1993376,-0.22648938,0.18547963,0.98561042,0.98496822
272,-5.1993376,-0.99585764,-0.1422445,-0.98357337,1.2023467,-0.1422445,-0.67055744,-5.1993376,5.1993376,-5.1993376,-5.1993376,-0.001254569,0.3628503
273,1.0230033,0.49638952,0.09675253,0.43900121,1.7986626,1.4354772,-0.67055744,-5.1993376,5.1993376,-0.28744217,-0.60746322,-0.57311539,-5.1993376
274,1.0230033,0.17655256,-0.43348197,0.29267606,1.3684503,0.29660674,1.761948,5.1993376,-5.1993376,0.56132709,-0.60746322,0.29922973,-5.1993376
275,-5.1993376,0.22648938,-0.1422445,-0.83912102,0.63946185,0.29660674,-1.1768904,-5.1993376,5.1993376,-0.22648938,-1.1694007,-0.79704409,-5.1993376
276,1.4181186,-0.14604751,-1.0357896,-1.3684503,1.6022103,0.62109893,2.1696941,5.1993376,5.1993376,-5.1993376,-1.1694007,-0.001254569,-5.1993376
277,-5.1993376,0.025094008,-0.1422445,-0.34149266,0.087932998,-5.1993376,0.25360621,5.1993376,5.1993376,-0.65804298,-1.1694007,-0.57311539,-5.1993376
278,2.1079532,-1.1946284,-0.48648036,-0.66428721,1.3684503,1.7444475,0.86984634,-5.1993376,-5.1993376,0.14858402,-1.1694007,0.45146888,-5.1993376
279,2.1079532,-0.95547144,-5.1993376,-1.505747,-0.26398459,1.4354772,1.2447784,5.1993376,-5.1993376,0.22262957,0.69910809,-0.36553148,-5.1993376
280,0.51349142,-0.52066149,0.91087287,1.1546147,0.30448193,-0.1422445,1.2447784,5.1993376,-5.1993376,0.53653104,0.69910809,0.29922973,-5.1993376
281,-5.1993376,0.064026723,-5.1993376,-0.77822491,-0.69112102,-5.1993376,0.25360621,5.1993376,-5.1993376,-0.17018472,0.69910809,-1.4678604,0.7860624
282,1.4181186,-1.7274656,0.2239158,-0.98357337,0.97546566,1.2612822,0.25360621,5.1993376,5.1993376,-0.17018472,-1.1694007,-0.57311539,0.28163063
283,-5.1993376,0.14731565,-0.7315153,-1.505747,-0.26398459,-5.1993376,0.25360621,5.1993376,-5.1993376,-0.28744217,-0.60746322,-0.36553148,1.0097369
284,-5.1993376,-0.07534535,-0.1422445,0.21235277,0.63946185,-5.1993376,0.25360621,5.1993376,5.1993376,0.56132709,1.3781138,-1.873053,-5.1993376
285,-5.1993376,-0.55253687,0.91087287,0.84987354,-0.26398459,1.0774455,-1.994971,-5.1993376,-5.1993376,0.88830934,-0.21363612,-0.001254569,0.29475546
286,-5.1993376,-2.1378892,-1.0444088,-1.8179677,1.6022103,1.0774455,-1.994971,5.1993376,5.1993376,-5.1993376,-1.1694007,0.98561042,1.8516173
287,-5.1993376,0.34948301,0.55253687,1.1546147,0.97546566,-5.1993376,0.25360621,5.1993376,-5.1993376,-1.0552931,-0.21363612,-1.2502419,0.36025258
288,-5.1993376,-1.4250105,1.0841952,-0.6150245,0.97546566,-5.1993376,0.25360621,5.1993376,-5.1993376,1.8658521,-1.1694007,1.2339616,2.4503734
289,0.51349142,0.55107599,-0.7315153,-0.34149266,-2.3863399,0.29660674,0.25360621,5.1993376,-5.1993376,-0.78332986,1.3781138,-0.36553148,0.87996388
290,-5.1993376,-1.712057,-0.43348197,-1.6590928,0.97546566,-5.1993376,0.25360621,5.1993376,5.1993376,-0.92233022,-1.1694007,-0.36553148,-5.1993376
291,-5.1993376,-0.9165865,0.2239158,0.40607882,0.17400458,-0.1422445,-0.67055744,5.1993376,5.1993376,-0.78332986,1.3781138,1.9858764,0.27634606
292,2.1079532,0.99174625,-5.1993376,-1.9858764,-2.0431151,1.7444475,0.86984634,5.1993376,5.1993376,-0.55985906,1.3781138,-0.001254569,0.41494267
293,-5.1993376,-1.5712865,0.55253687,1.3249577,0.63946185,-5.1993376,0.25360621,-5.1993376,5.1993376,-0.92233022,-0.60746322,-0.79704409,0.45578625
294,-5.1993376,0.40335554,1.0841952,1.533612,-0.26398459,-0.1422445,-0.67055744,5.1993376,5.1993376,-0.17018472,-0.21363612,0.85167519,1.9570324
295,2.1079532,0.63485111,-5.1993376,-1.059682,0.30448193,1.2612822,1.761948,5.1993376,-5.1993376,0.56132709,-0.21363612,-0.79704409,-5.1993376
296,0.51349142,1.0124743,0.55253687,-0.13591068,-0.83733836,0.62109893,-0.36687305,5.1993376,5.1993376,0.0062728847,-0.60746322,0.98561042,0.3561587
297,-5.1993376,0.29005812,0.55253687,0.50492201,0.63946185,-0.1422445,-0.67055744,5.1993376,-5.1993376,-0.36017172,0.18547963,1.1140325,0.49213682
298,0.51349142,1.9028735,1.2640664,1.4568958,-0.97143575,0.29660674,0.25360621,-5.1993376,-5.1993376,0.06025574,1.3781138,0.71036555,1.2326806
299,-5.1993376,-1.7639262,0.55253687,-1.6590928,1.6022103,-0.1422445,-0.67055744,5.1993376,5.1993376,-5.1993376,-1.1694007,0.98561042,-5.1993376
300,-5.1993376,-0.52066149,-0.7315153,-0.83912102,-0.26398459,-5.1993376,0.25360621,5.1993376,-5.1993376,2.1874308,-1.1694007,0.85167519,-5.1993376
301,1.7679033,0.1257878,-0.1422445,-1.144896,0.97546566,1.7444475,-0.27439149,5.1993376,-5.1993376,2.0744446,-0.60746322,1.5669896,1.5295582
302,-5.1993376,0.13464458,-0.1422445,0.13337869,-0.69112102,-5.1993376,0.25360621,5.1993376,-5.1993376,-0.45564031,0.69910809,-0.001254569,-5.1993376
303,-5.1993376,1.4250105,-0.7315153,-0.089192496,-0.83733836,-5.1993376,0.25360621,5.1993376,-5.1993376,-0.053972647,-0.60746322,-0.79704409,-5.1993376
304,-5.1993376,0.45424896,-0.1422445,0.29267606,-0.97143575,-0.1422445,-0.67055744,5.1993376,-5.1993376,0.10810309,1.3781138,1.6590928,-5.1993376
305,-5.1993376,0.63485111,-0.7315153,-0.34149266,0.63946185,-5.1993376,0.25360621,5.1993376,5.1993376,-5.1993376,0.69910809,-1.0230033,-5.1993376
306,2.8778461,0.29005812,1.649237,-0.041412601,-0.26398459,1.4354772,5.1993376,5.1993376,5.1993376,0.8570968,-0.60746322,1.1140325,2.2487337
307,-5.1993376,-0.046435725,-0.7315153,0.05146002,0.63946185,-5.1993376,0.25360621,5.1993376,5.1993376,0.64100179,-0.21363612,0.71036555,-5.1993376
308,0.51349142,0.32161055,-0.1422445,-0.72008693,-0.26398459,0.87535389,-0.67055744,5.1993376,5.1993376,-0.78332986,-1.1694007,-0.17527843,-5.1993376
309,-5.1993376,0.23938016,1.649237,2.2258232,-0.26398459,0.62109893,-1.5215251,5.1993376,-5.1993376,0.22262957,0.69910809,1.8312243,-5.1993376
310,-5.1993376,-1.3526228,-5.1993376,-1.3684503,0.63946185,-5.1993376,0.25360621,-5.1993376,5.1993376,-5.1993376,-1.1694007,-0.57311539,-5.1993376
311,-5.1993376,0.38572587,-0.7315153,-0.50492201,-0.26398459,-5.1993376,0.25360621,5.1993376,5.1993376,-5.1993376,0.69910809,-2.4320167,-5.1993376
312,-5.1993376,1.8245559,-0.7315153,-0.34149266,0.63946185,-5.1993376,0.25360621,5.1993376,5.1993376,-5.1993376,0.69910809,-2.1079532,-5.1993376
313,1.4181186,-0.42660141,-0.1422445,0.8196557,0.087932998,1.0774455,0.89765526,-5.1993376,-5.1993376,0.7413876,-0.60746322,-0.17527843,0.90717923
314,1.0230033,0.76639141,0.55253687,0.54088248,1.0955557,0.29660674,1.761948,-5.1993376,5.1993376,0.8570968,-0.60746322,0.71036555,-5.1993376
315,-5.1993376,0.79360155,-1.1644437,-0.72008693,1.6022103,-5.1993376,0.25360621,5.1993376,5.1993376,-1.0552931,-1.1694007,-0.79704409,-5.1993376
316,0.51349142,0.73315571,-0.7315153,-0.041412601,0.63946185,0.29660674,0.25360621,5.1993376,5.1993376,-5.1993376,0.18547963,-1.0230033,-5.1993376
317,0.51349142,0.87719565,1.0841952,1.9858764,0.63946185,1.2612822,-1.1768904,-5.1993376,-5.1993376,-0.28744217,-0.60746322,-0.57311539,-5.1993376
318,-5.1993376,1.3402005,-1.3159579,-1.8179677,-0.26398459,-5.1993376,0.25360621,5.1993376,5.1993376,-5.1993376,-5.1993376,-0.57311539,-5.1993376
319,1.0230033,-0.59993651,0.2239158,1.7679033,0.63946185,0.62109893,0.96142934,5.1993376,-5.1993376,1.7739219,-0.60746322,0.29922973,0.66781525
320,-5.1993376,-0.21491982,0.2239158,1.123415,0.30448193,-5.1993376,0.25360621,5.1993376,-5.1993376,0.75800423,-0.21363612,-0.001254569,-5.1993376
321,-5.1993376,0.36955819,-0.1422445,-0.44869228,0.63946185,-5.1993376,0.25360621,5.1993376,-5.1993376,0.96742157,-0.60746322,0.14858402,0.29194299
322,-5.1993376,1.3846283,0.83797057,1.6640817,-0.26398459,-0.1422445,-0.67055744,5.1993376,5.1993376,-5.1993376,-0.21363612,-0.001254569,0.27203728
323,-5.1993376,-0.87167925,-0.1422445,0.32954771,0.97546566,-0.1422445,-0.67055744,5.1993376,-5.1993376,0.62566982,-0.21363612,0.58052362,0.27395728
324,-5.1993376,-2.3636232,-0.7315153,-0.18547963,-0.97143575,-5.1993376,0.25360621,5.1993376,-5.1993376,0.72334253,1.3781138,1.8312243,-5.1993376
325,-5.1993376,0.50349739,-0.1422445,0.092971849,-0.69112102,-5.1993376,0.25360621,5.1993376,5.1993376,-5.1993376,0.69910809,1.8312243,0.93003618
326,1.0230033,0.73315571,-5.1993376,-1.3684503,0.30448193,1.4354772,-0.67055744,5.1993376,-5.1993376,-0.78332986,-1.1694007,0.29922973,-5.1993376
327,1.0230033,1.7330708,-0.1422445,-0.089192496,0.30448193,0.29660674,1.761948,5.1993376,5.1993376,0.37628274,0.18547963,-1.2502419,-5.1993376
328,1.7679033,1.6691125,0.91087287,0.13337869,-0.69112102,0.87535389,2.5423492,5.1993376,-5.1993376,2.0896511,0.69910809,1.2339616,2.0111673
329,-5.1993376,-1.3100167,-5.1993376,-0.83912102,2.1440107,0.62109893,-1.5215251,5.1993376,5.1993376,-5.1993376,-1.1694007,-0.36553148,0.59201408
330,-5.1993376,-0.52066149,-0.1422445,0.54088248,-1.3219458,-5.1993376,0.25360621,5.1993376,-5.1993376,-0.92233022,0.69910809,0.45146888,-5.1993376
331,1.0230033,-1.2339616,-0.7315153,-1.3684503,0.63946185,1.2612822,-0.42385485,-5.1993376,5.1993376,0.22262957,-1.1694007,-0.36553148,0.52319219
332,-5.1993376,0.36017172,-0.43348197,1.2075323,-0.26398459,-5.1993376,0.25360621,-5.1993376,-5.1993376,0.06025574,-0.60746322,-0.17527843,-5.1993376
333,-5.1993376,-1.3310177,-5.1993376,-1.6590928,0.97546566,0.87535389,-1.7986626,5.1993376,-5.1993376,1.5627215,-0.21363612,1.1140325,1.7302015
334,1.0230033,0.064026723,0.2239158,0.36821529,-0.26398459,1.4354772,-0.67055744,5.1993376,-5.1993376,0.06025574,0.18547963,-0.57311539,0.32028968
335,-5.1993376,-0.52066149,-0.7315153,-0.18547963,-0.69112102,-5.1993376,0.25360621,5.1993376,-5.1993376,-0.45564031,1.3781138,-1.0230033,0.78162595
336,-5.1993376,0.046435725,1.2640664,1.0909946,0.087932998,-5.1993376,0.25360621,5.1993376,-5.1993376,-0.45564031,-0.21363612,-1.0230033,-5.1993376
337,1.0230033,1.2724784,1.2640664,1.5627215,-0.26398459,0.29660674,1.761948,5.1993376,5.1993376,-5.1993376,0.18547963,-0.17527843,0.41361635
338,-5.1993376,0.79360155,-5.1993376,-0.50492201,-0.26398459,-5.1993376,0.25360621,5.1993376,5.1993376,-0.78332986,-0.60746322,-0.17527843,-5.1993376
339,5.1993376,0.53943086,0.55253687,1.2366522,-0.83733836,1.7444475,2.3652476,5.1993376,-5.1993376,1.1669186,0.18547963,0.29922973,0.76807531
340,-5.1993376,-0.56132709,1.2640664,2.1316816,0.30448193,-5.1993376,0.25360621,5.1993376,-5.1993376,-0.17018472,-0.21363612,0.29922973,-5.1993376
341,-5.1993376,-1.3695177,-0.1422445,0.0062728847,0.63946185,-5.1993376,0.25360621,5.1993376,-5.1993376,1.8179677,0.18547963,-0.57311539,-5.1993376
342,-5.1993376,-2.0292298,-0.47521374,-1.6590928,1.6022103,0.62109893,-1.5215251,-5.1993376,5.1993376,-5.1993376,-1.1694007,-0.36553148,0.82317161
343,-5.1993376,0.23938016,0.55253687,1.1546147,0.63946185,0.62109893,-1.5215251,-5.1993376,-5.1993376,-0.92233022,-0.21363612,-0.57311539,0.2687161
344,-5.1993376,-2.3076067,-5.1993376,-1.9858764,2.1440107,0.62109893,-1.5215251,-5.1993376,5.1993376,-5.1993376,-1.1694007,0.29922973,-5.1993376
345,-5.1993376,-1.215372,1.401177,2.2410162,-0.69112102,-5.1993376,0.25360621,5.1993376,-5.1993376,1.1844468,0.69910809,-1.6691125,-5.1993376
346,0.51349142,1.1352842,-0.1422445,-0.50492201,-0.69112102,-0.1422445,1.2447784,5.1993376,-5.1993376,0.45842568,0.69910809,-1.2502419,-5.1993376
347,1.0230033,-0.78162595,-1.1644437,-1.505747,0.97546566,0.29660674,1.761948,5.1993376,-5.1993376,-0.22648938,-0.60746322,-0.79704409,0.72543947
348,0.51349142,-0.42660141,-0.7315153,-0.089192496,-0.26398459,-0.1422445,1.2447784,5.1993376,-5.1993376,-0.78332986,0.69910809,-1.2502419,-5.1993376
349,-5.1993376,0.60595514,0.55253687,1.0230033,-0.69112102,-5.1993376,0.25360621,5.1993376,5.1993376,0.65804298,0.69910809,-0.79704409,0.58385439
350,-5.1993376,-0.90518882,-0.1422445,-1.059682,0.63946185,-5.1993376,0.25360621,-5.1993376,-5.1993376,0.34948301,-1.1694007,-0.001254569,0.19472527
351,-5.1993376,0.32161055,-0.1422445,-0.041412601,0.17400458,-0.1422445,-0.67055744,5.1993376,-5.1993376,-0.45564031,0.18547963,-0.57311539,0.29475546
352,0.51349142,-0.69750712,1.0841952,1.4568958,-1.3219458,0.29660674,0.25360621,-5.1993376,-5.1993376,0.18165198,0.69910809,0.45146888,-5.1993376
353,-5.1993376,-0.59393954,-0.1422445,0.50492201,-1.3219458,-5.1993376,0.25360621,5.1993376,-5.1993376,1.0082941,0.69910809,0.58052362,-5.1993376
354,1.4181186,-0.15365993,0.55253687,-0.77822491,1.2023467,0.87535389,1.2447784,-5.1993376,5.1993376,-0.45564031,-5.1993376,0.58052362,-5.1993376
355,-5.1993376,-1.1768904,-5.1993376,-1.059682,-1.3219458,-0.1422445,-0.67055744,5.1993376,-5.1993376,-0.11441489,1.3781138,0.85167519,-5.1993376
356,-5.1993376,-0.27439149,0.55253687,0.64872442,0.40471681,-5.1993376,0.25360621,5.1993376,5.1993376,-0.65804298,0.69910809,0.58052362,-5.1993376
357,0.51349142,1.9264032,1.649237,1.3249577,-0.26398459,0.87535389,-0.67055744,5.1993376,-5.1993376,1.634747,0.18547963,0.71036555,1.4980221
358,2.8778461,-0.18165198,1.649237,1.7055704,-0.26398459,1.9858764,1.0166724,-5.1993376,5.1993376,1.4079051,0.69910809,0.85167519,-5.1993376
359,-5.1993376,-2.3076067,-0.7315153,-1.505747,1.6022103,1.9858764,-2.9396967,5.1993376,-5.1993376,-0.45564031,-1.1694007,0.14858402,-5.1993376
360,0.51349142,0.66741904,-1.1644437,-0.66428721,-1.8114574,0.29660674,0.25360621,5.1993376,-5.1993376,-0.78332986,0.69910809,-0.36553148,-5.1993376
361,-5.1993376,-1.1873621,-0.1422445,-1.9858764,1.8658521,0.87535389,-1.7986626,-5.1993376,5.1993376,-5.1993376,-1.1694007,-0.36553148,-5.1993376
362,0.51349142,0.34948301,-1.3041214,-1.505747,2.1440107,0.62109893,-0.36687305,5.1993376,-5.1993376,0.51635627,-1.1694007,-1.6691125,-5.1993376
363,2.483413,-0.71359852,-0.1422445,0.0062728847,1.3684503,2.2899878,-0.28617106,-5.1993376,-5.1993376,-0.053972647,-0.60746322,-0.79704409,1.365002
364,-5.1993376,-1.4496823,-0.1422445,0.05146002,0.63946185,-0.1422445,-0.67055744,5.1993376,5.1993376,0.88830934,0.18547963,0.29922973,-5.1993376
365,-5.1993376,0.37762969,-0.7315153,-0.041412601,-1.7219141,-0.1422445,-0.67055744,5.1993376,5.1993376,-5.1993376,2.1196682,-1.6691125,0.47240654
366,-5.1993376,0.025094008,-0.7315153,0.0062728847,0.63946185,0.29660674,-1.1768904,5.1993376,-5.1993376,-0.22648938,-0.21363612,-0.57311539,-5.1993376
367,-5.1993376,1.0336468,-0.1422445,0.05146002,-0.26398459,-5.1993376,0.25360621,-5.1993376,5.1993376,-0.92233022,-0.21363612,0.98561042,0.3561587
368,-5.1993376,2.8778461,0.2239158,0.50492201,-0.26398459,-5.1993376,0.25360621,5.1993376,-5.1993376,1.1844468,0.18547963,-0.79704409,-5.1993376
369,-5.1993376,-5.1993376,-1.1644437,-1.6590928,0.63946185,-5.1993376,0.25360621,5.1993376,5.1993376,-0.36017172,-1.1694007,-1.2502419,-5.1993376
370,1.4181186,0.92617632,1.649237,1.4181186,-0.26398459,0.62109893,2.1696941,5.1993376,5.1993376,0.8570968,-0.60746322,1.464186,1.2127505
371,1.0230033,-0.99585764,-0.1422445,-0.13591068,-0.83733836,0.29660674,1.761948,5.1993376,-5.1993376,0.22262957,0.69910809,-1.2502419,1.3716572
372,0.51349142,0.11820414,0.2239158,-0.13591068,1.0955557,-0.1422445,1.2447784,5.1993376,5.1993376,0.98969684,-1.1694007,-0.17527843,0.54670039
373,-5.1993376,-0.36017172,-0.1422445,0.17400458,0.63946185,-5.1993376,0.25360621,5.1993376,-5.1993376,0.92233022,1.3781138,-0.57311539,0.20667834
374,-5.1993376,0.44314942,0.55253687,0.21235277,0.63946185,-0.1422445,-0.67055744,5.1993376,-5.1993376,3.187288,-0.60746322,2.1968939,-5.1993376
375,0.51349142,0.25101592,0.2239158,0.25360621,0.97546566,0.87535389,-0.67055744,-5.1993376,-5.1993376,0.48930663,-1.1694007,0.45146888,1.3200028
376,2.483413,-0.53653104,-0.7315153,-1.3684503,1.6022103,2.5754833,-0.94561627,-5.1993376,-5.1993376,1.0293754,-5.1993376,0.29922973,1.1086265
377,1.0230033,-0.27439149,-0.1422445,0.43900121,-0.26398459,1.0774455,-0.300542,-5.1993376,-5.1993376,0.29791798,-0.60746322,0.45146888,0.58637155
378,1.0230033,0.30185479,1.0841952,1.2366522,0.30448193,0.87535389,0.25360621,5.1993376,-5.1993376,-0.17018472,0.18547963,-0.36553148,-5.1993376
379,-5.1993376,-1.6640817,-5.1993376,-1.6590928,-0.26398459,-5.1993376,0.25360621,5.1993376,5.1993376,-0.78332986,-0.21363612,0.71036555,-5.1993376
380,-5.1993376,0.62872436,0.55253687,1.1794018,-0.69112102,-5.1993376,0.25360621,5.1993376,-5.1993376,0.14858402,1.3781138,-0.36553148,0.69667041
381,-5.1993376,-1.7829457,0.2239158,-1.3684503,1.2023467,2.1696941,-3.1189206,-5.1993376,5.1993376,-0.78332986,-1.1694007,-0.79704409,-5.1993376
382,0.51349142,-2.0601053,0.2239158,-1.3684503,1.2023467,0.29660674,0.25360621,-5.1993376,-5.1993376,-0.053972647,-5.1993376,0.58052362,-5.1993376
383,-5.1993376,-1.5712865,-0.7315153,-1.059682,2.9674304,0.62109893,-1.5215251,-5.1993376,-5.1993376,-0.55985906,-5.1993376,-0.001254569,-5.1993376
384,-5.1993376,-1.6453107,-5.1993376,-1.8179677,0.63946185,0.29660674,-1.1768904,5.1993376,-5.1993376,-0.11441489,1.3781138,0.98561042,-5.1993376
385,-5.1993376,0.36017172,-5.1993376,-1.059682,0.63946185,-0.1422445,-0.67055744,5.1993376,5.1993376,-5.1993376,0.69910809,0.29922973,1.2904061
386,-5.1993376,-0.49922964,-0.7315153,-1.2529876,1.3684503,0.29660674,-1.1768904,-5.1993376,5.1993376,0.93779777,-0.21363612,0.98561042,0.36697024
387,-5.1993376,0.016310116,-0.7315153,-1.2529876,0.63946185,-5.1993376,0.25360621,-5.1993376,5.1993376,-0.053972647,-1.1694007,0.14858402,0.3561587
388,-5.1993376,-0.27439149,0.2239158,0.75299744,0.30448193,0.87535389,-1.7986626,5.1993376,-5.1993376,-0.92233022,1.3781138,0.14858402,-5.1993376
389,1.0230033,0.087932998,0.55253687,0.32954771,0.63946185,1.0774455,-0.300542,5.1993376,-5.1993376,0.06025574,0.18547963,-0.36553148,0.75577665
390,0.51349142,0.41563423,0.55253687,0.0062728847,0.30448193,0.29660674,0.25360621,5.1993376,5.1993376,-5.1993376,-0.21363612,0.29922973,-5.1993376
391,-5.1993376,-1.1140325,-0.1422445,0.0062728847,-0.83733836,-5.1993376,0.25360621,5.1993376,5.1993376,-0.45564031,0.69910809,-0.36553148,-5.1993376
392,-5.1993376,0.046435725,1.2640664,1.6640817,0.087932998,-5.1993376,0.25360621,-5.1993376,5.1993376,0.45842568,-0.21363612,0.45146888,0.98765156
393,-5.1993376,1.5255293,0.55253687,0.68001258,-0.26398459,-0.1422445,-0.67055744,5.1993376,5.1993376,-5.1993376,0.18547963,-0.36553148,-5.1993376
394,1.0230033,-0.70392179,-0.7315153,-1.6590928,0.63946185,1.0774455,-0.300542,-5.1993376,-5.1993376,0.22262957,-1.1694007,0.85167519,0.61957818
395,-5.1993376,-1.4678604,2.9674304,-5.1993376,-0.69112102,-5.1993376,0.25360621,5.1993376,-5.1993376,1.9928905,0.69910809,1.2339616,1.1149893
396,-5.1993376,-1.3151085,0.2239158,0.32954771,-1.3219458,-5.1993376,0.25360621,5.1993376,-5.1993376,-0.55985906,0.69910809,-0.17527843,-5.1993376
397,-5.1993376,1.9264032,1.649237,-1.505747,-0.26398459,-5.1993376,0.25360621,5.1993376,-5.1993376,0.22262957,-0.21363612,-0.79704409,1.4045331
398,-5.1993376,1.2502419,-0.7315153,-0.44869228,-0.26398459,-5.1993376,0.25360621,5.1993376,5.1993376,-5.1993376,0.69910809,-0.17527843,-5.1993376
399,-5.1993376,0.68793853,1.649237,1.959536,-0.26398459,0.29660674,-1.1768904,5.1993376,-5.1993376,-0.28744217,-0.21363612,1.2339616,-5.1993376
400,1.7679033,0.88644946,0.2239158,0.0062728847,-1.7219141,1.0774455,1.5542696,-5.1993376,-5.1993376,0.10810309,0.18547963,0.85167519,0.41426686
401,-5.1993376,0.23938016,-0.7315153,-0.39384742,-0.83733836,-5.1993376,0.25360621,5.1993376,5.1993376,-0.28744217,1.3781138,-1.2502419,0.19472527
402,2.483413,-1.215372,-1.1644437,-0.90518882,-0.26398459,1.2612822,2.8778461,-5.1993376,-5.1993376,1.0444088,-1.1694007,0.85167519,0.58593197
403,1.0230033,1.6691125,2.0042336,1.792374,-0.26398459,0.62109893,0.96142934,5.1993376,5.1993376,-5.1993376,0.18547963,1.1140325,-5.1993376
404,0.51349142,1.1869807,1.649237,1.3879077,-1.3219458,-0.1422445,1.2447784,5.1993376,-5.1993376,0.60897269,0.18547963,0.71036555,0.84852491
405,-5.1993376,-0.42660141,-0.1422445,-0.18547963,-2.0431151,-5.1993376,0.25360621,5.1993376,-5.1993376,0.45842568,5.1993376,-0.17527843,-5.1993376
406,1.0230033,-1.761948,-1.1644437,-1.144896,1.2023467,1.2612822,-0.42385485,5.1993376,5.1993376,-0.053972647,-1.1694007,0.58052362,-5.1993376
407,0.51349142,0.33485067,-0.43348197,-0.56279634,0.30448193,0.29660674,0.25360621,5.1993376,-5.1993376,0.26658359,0.18547963,0.71036555,-5.1993376
408,1.0230033,1.873053,0.91087287,1.533612,0.63946185,0.29660674,1.761948,5.1993376,-5.1993376,0.93779777,0.18547963,0.98561042,0.78162595
409,1.7679033,1.3557612,-0.1422445,-0.77822491,0.63946185,1.4354772,0.87904038,5.1993376,-5.1993376,1.4771802,0.18547963,-0.17527843,1.6896701
410,-5.1993376,-0.42660141,0.2239158,0.50492201,-0.26398459,-0.1422445,-0.67055744,-5.1993376,-5.1993376,-0.053972647,-0.21363612,-0.36553148,0.5852728
411,-5.1993376,-0.25490199,1.0841952,1.792374,-1.0819398,-5.1993376,0.25360621,-5.1993376,-5.1993376,1.8482612,1.3781138,0.14858402,0.94325099
412,1.0230033,0.0075274833,0.2239158,-0.18547963,0.30448193,1.0774455,-0.300542,5.1993376,-5.1993376,-0.78332986,0.18547963,0.45146888,-5.1993376
413,-5.1993376,0.79360155,-1.1644437,-0.66428721,0.30448193,-5.1993376,0.25360621,5.1993376,-5.1993376,-5.1993376,-1.1694007,0.29922973,-5.1993376
414,-5.1993376,-0.84448508,1.0841952,2.2567448,0.087932998,-5.1993376,0.25360621,-5.1993376,-5.1993376,-0.65804298,-0.60746322,-0.001254569,0.55985906
415,-5.1993376,1.7164151,1.0841952,1.2366522,0.30448193,-5.1993376,0.25360621,5.1993376,-5.1993376,1.6896701,0.18547963,2.3863399,1.4568958
416,1.4181186,-1.0336468,-0.1422445,-1.059682,1.3684503,1.2612822,0.25360621,-5.1993376,-5.1993376,-0.65804298,-5.1993376,0.71036555,0.515558
417,-5.1993376,-1.0230033,-0.1422445,0.36821529,-1.3219458,-0.1422445,-0.67055744,5.1993376,-5.1993376,0.0062728847,0.18547963,0.29922973,0.32028968
418,-5.1993376,2.0853556,1.9629701,1.5096564,-1.0819398,-5.1993376,0.25360621,5.1993376,-5.1993376,-0.22648938,0.18547963,-1.2502419,1.0921263
419,-5.1993376,0.79360155,1.649237,1.2895781,-0.69112102,-5.1993376,0.25360621,-5.1993376,5.1993376,0.4307273,-0.60746322,-0.79704409,0.29922973
420,-5.1993376,-0.11062728,-0.7315153,-0.77822491,0.97546566,-5.1993376,0.25360621,5.1993376,-5.1993376,-0.28744217,-0.21363612,-0.79704409,0.73973722
421,1.0230033,-0.3521514,0.2239158,0.47100434,-1.3219458,0.87535389,0.25360621,5.1993376,-5.1993376,0.92233022,1.3781138,1.1140325,-5.1993376
422,1.0230033,-0.028859086,-0.7315153,-1.059682,0.63946185,0.87535389,0.25360621,5.1993376,5.1993376,-0.28744217,-0.60746322,-0.79704409,1.5028767
423,-5.1993376,1.2724784,-5.1993376,-1.059682,-0.26398459,-5.1993376,0.25360621,5.1993376,5.1993376,-0.22648938,0.18547963,1.1140325,-5.1993376
424,1.0230033,0.44314942,0.91087287,0.64872442,-0.69112102,1.0774455,-0.300542,-5.1993376,-5.1993376,0.53653104,-0.60746322,0.58052362,-5.1993376
425,-5.1993376,1.6022103,0.91087287,0.8196557,-2.3863399,-5.1993376,0.25360621,5.1993376,-5.1993376,-0.45564031,5.1993376,-1.6691125,1.8111986
426,0.51349142,0.55107599,0.2239158,0.54088248,0.97546566,0.87535389,-0.67055744,5.1993376,5.1993376,0.18165198,0.18547963,1.7560546,0.63284993
427,-5.1993376,-0.80569207,-0.7315153,-0.34149266,0.40471681,-0.1422445,-0.67055744,5.1993376,5.1993376,-0.92233022,1.3781138,-0.36553148,-5.1993376
428,-5.1993376,-0.56132709,-5.1993376,-0.90518882,1.0955557,0.62109893,-1.5215251,5.1993376,-5.1993376,0.72334253,-0.60746322,0.29922973,-5.1993376
429,-5.1993376,-0.78674453,0.91087287,0.68001258,-0.26398459,-5.1993376,0.25360621,5.1993376,-5.1993376,1.7274656,0.18547963,2.1968939,1.2415489
430,-5.1993376,0.10557959,1.649237,1.4568958,-0.26398459,-5.1993376,0.25360621,5.1993376,5.1993376,0.0062728847,1.3781138,0.71036555,-5.1993376
431,-5.1993376,-1.1140325,0.55253687,1.0230033,-0.26398459,-5.1993376,0.25360621,5.1993376,-5.1993376,2.3438356,0.69910809,1.7560546,2.1600221
432,-5.1993376,0.046435725,-0.7315153,-0.56279634,1.6022103,0.29660674,-1.1768904,5.1993376,-5.1993376,0.26658359,-1.1694007,-0.79704409,-5.1993376
433,1.7679033,0.40335554,-5.1993376,-1.8179677,1.2023467,1.0774455,1.5542696,-5.1993376,-5.1993376,0.4307273,-5.1993376,-0.36553148,0.82317161
434,-5.1993376,0.27699782,-0.7315153,0.47100434,-0.26398459,0.87535389,-1.7986626,-5.1993376,5.1993376,-0.053972647,-0.60746322,-1.0230033,0.77572256
435,-5.1993376,0.31105902,0.55253687,0.75299744,-0.26398459,-5.1993376,0.25360621,5.1993376,-5.1993376,0.14858402,-0.21363612,0.85167519,1.0194391
436,-5.1993376,1.0887225,-0.7315153,-1.505747,-0.83733836,-5.1993376,0.25360621,5.1993376,-5.1993376,1.6896701,-0.60746322,0.14858402,-5.1993376
437,-5.1993376,-0.69750712,-0.43348197,-0.13591068,0.97546566,1.4354772,-2.3863399,5.1993376,-5.1993376,0.48930663,-1.1694007,0.98561042,-5.1993376
438,-5.1993376,-0.42660141,-1.1644437,-2.1316816,-2.3259725,-5.1993376,0.25360621,5.1993376,5.1993376,0.0062728847,0.69910809,-1.4678604,1.1714827
439,1.0230033,-0.33617787,-0.1422445,-1.505747,1.2023467,1.0774455,-0.300542,-5.1993376,-5.1993376,-0.36017172,-5.1993376,0.14858402,-5.1993376
440,2.483413,0.64254324,0.55253687,0.21235277,-0.83733836,2.3863399,-0.32028968,-5.1993376,-5.1993376,-0.45564031,-0.60746322,-0.79704409,0.55985906
441,-5.1993376,-1.0487476,-5.1993376,-1.2529876,0.63946185,-5.1993376,0.25360621,5.1993376,-5.1993376,0.4307273,0.69910809,-1.2502419,-5.1993376
442,0.51349142,0.40335554,1.0841952,1.057485,-1.8114574,0.29660674,0.25360621,-5.1993376,-5.1993376,1.0978448,2.1196682,0.45146888,1.1549703
443,-5.1993376,0.59693534,0.82669773,0.8196557,0.30448193,-5.1993376,0.25360621,-5.1993376,5.1993376,-0.92233022,-0.21363612,-1.0230033,-5.1993376
444,-5.1993376,1.3716572,-0.1422445,0.092971849,0.63946185,-5.1993376,0.25360621,5.1993376,-5.1993376,-1.0552931,0.18547963,-0.17527843,0.92144183
445,-5.1993376,-0.28482819,0.55253687,0.95151828,-0.26398459,-5.1993376,0.25360621,5.1993376,5.1993376,0.06025574,0.69910809,-1.0230033,1.2127505
446,0.51349142,0.76639141,0.11820414,-0.56279634,0.63946185,0.29660674,0.25360621,-5.1993376,5.1993376,1.2023467,-0.60746322,-0.17527843,1.3218408
447,1.0230033,0.68793853,-5.1993376,-1.6590928,-0.26398459,0.29660674,1.761948,5.1993376,5.1993376,1.634747,-0.60746322,0.98561042,0.96942671
448,-5.1993376,0.20722283,1.649237,-0.39384742,0.30448193,1.5843543,-2.5423492,-5.1993376,-5.1993376,0.06025574,-1.1694007,-0.17527843,0.55985906
449,-5.1993376,0.50349739,0.55253687,1.123415,-0.26398459,-5.1993376,0.25360621,5.1993376,5.1993376,0.26658359,0.18547963,-0.001254569,-5.1993376
450,1.4181186,1.1047469,1.1794018,1.2075323,-0.83733836,0.87535389,1.2447784,5.1993376,-5.1993376,1.634747,0.69910809,1.6590928,2.0533356
451,-5.1993376,-0.42660141,-5.1993376,-0.90518882,0.63946185,-0.1422445,-0.67055744,5.1993376,-5.1993376,-0.053972647,1.3781138,-1.2502419,-5.1993376
452,1.0230033,-0.55253687,1.0095243,0.43900121,0.30448193,2.0853556,-1.3978365,-5.1993376,5.1993376,0.34948301,-1.1694007,-1.0230033,-5.1993376
453,-5.1993376,-1.4605312,-1.1644437,-0.23808933,1.3684503,-5.1993376,0.25360621,5.1993376,5.1993376,0.68159434,-0.60746322,0.45146888,-5.1993376
454,-5.1993376,0.96742157,-0.1422445,-0.18547963,-0.26398459,-5.1993376,0.25360621,5.1993376,-5.1993376,-0.11441489,0.18547963,0.98561042,0.20556234
455,-5.1993376,-0.63792343,-0.1422445,0.57607489,0.97546566,-5.1993376,0.25360621,5.1993376,-5.1993376,1.358913,-0.21363612,1.7560546,0.60687722
456,1.0230033,-0.29529601,1.2640664,1.3879077,-0.26398459,0.87535389,0.25360621,5.1993376,-5.1993376,2.3121989,-0.21363612,1.3494976,1.0642983
457,0.51349142,0.76639141,-0.1422445,-1.059682,-0.26398459,-0.1422445,1.2447784,5.1993376,-5.1993376,1.4079051,-0.60746322,0.58052362,1.2127505
458,0.51349142,0.056485615,-0.1422445,-1.6590928,1.2023467,0.62109893,-0.36687305,-5.1993376,5.1993376,-0.28744217,-5.1993376,-0.57311539,0.55985906
459,0.51349142,-0.72171378,0.2239158,1.0909946,-0.26398459,0.29660674,0.25360621,-5.1993376,5.1993376,1.215372,-0.60746322,0.58052362,-5.1993376
460,-5.1993376,-0.058998939,0.91087287,0.78845531,0.30448193,-0.1422445,-0.67055744,5.1993376,-5.1993376,1.3189459,0.69910809,1.1140325,2.0714268
461,-5.1993376,-0.13591068,0.99791966,1.2366522,0.087932998,-5.1993376,0.25360621,-5.1993376,-5.1993376,-0.78332986,-0.21363612,0.58052362,0.29475546
462,0.51349142,-0.74635093,-5.1993376,-1.9858764,0.97546566,-0.1422445,1.2447784,5.1993376,5.1993376,-5.1993376,-0.21363612,-0.001254569,0.75800423
463,-5.1993376,0.953493,0.11820414,1.358913,-0.26398459,-5.1993376,0.25360621,-5.1993376,5.1993376,-0.45564031,-0.21363612,-1.2502419,-5.1993376
464,0.51349142,-0.65337661,0.099904152,-2.2730524,-0.26398459,0.29660674,0.25360621,-5.1993376,5.1993376,-0.28744217,-0.21363612,-0.17527843,-5.1993376
465,-5.1993376,-0.54524419,-0.1422445,0.092971849,-0.69112102,-5.1993376,0.25360621,5.1993376,5.1993376,0.10810309,0.69910809,0.14858402,-5.1993376
466,0.51349142,0.15873981,0.55253687,0.05146002,-0.26398459,-0.1422445,1.2447784,5.1993376,-5.1993376,-0.45564031,-1.1694007,1.5669896,-5.1993376
467,-5.1993376,-0.73315571,-0.7315153,-0.6150245,-0.26398459,0.29660674,-1.1768904,5.1993376,-5.1993376,-0.55985906,0.69910809,0.29922973,1.1588132
468,-5.1993376,-0.11062728,-0.1422445,-0.13591068,-0.26398459,-0.1422445,-0.67055744,5.1993376,-5.1993376,0.64100179,1.3781138,-0.36553148,0.43273037
469,-5.1993376,-1.6007027,0.55253687,-0.72008693,1.8379752,0.29660674,-1.1768904,-5.1993376,5.1993376,-0.55985906,-1.1694007,-0.57311539,-5.1993376
470,-5.1993376,-1.3151085,-0.7315153,-2.1316816,0.63946185,-5.1993376,0.25360621,5.1993376,5.1993376,0.0062728847,-1.1694007,-1.2502419,-5.1993376
471,-5.1993376,0.68793853,-0.1422445,-0.18547963,0.63946185,0.29660674,-1.1768904,5.1993376,-5.1993376,0.34948301,0.18547963,-1.0230033,0.89963908
472,-5.1993376,0.36955819,-0.1422445,0.57607489,-0.26398459,-0.1422445,-0.67055744,5.1993376,-5.1993376,-0.45564031,0.18547963,0.85167519,1.522324
473,-5.1993376,-1.1140325,-5.1993376,-1.059682,-0.83733836,-5.1993376,0.25360621,5.1993376,-5.1993376,0.18165198,0.69910809,-1.4678604,-5.1993376
474,-5.1993376,-0.52066149,-0.1422445,0.13337869,-0.26398459,-0.1422445,-0.67055744,-5.1993376,-5.1993376,-0.28744217,1.3781138,0.45146888,-5.1993376
475,-5.1993376,-0.0050182959,2.0042336,1.873053,-0.26398459,0.29660674,-1.1768904,-5.1993376,-5.1993376,-0.55985906,0.18547963,-1.4678604,0.14626192
476,-5.1993376,-0.42660141,1.2640664,1.2895781,0.087932998,-5.1993376,0.25360621,-5.1993376,-5.1993376,2.1562462,-1.1694007,1.2339616,1.3048799
477,-5.1993376,1.5255293,-0.7315153,-0.39384742,-1.6299924,-0.1422445,-0.67055744,5.1993376,5.1993376,-5.1993376,0.69910809,-0.57311539,-5.1993376
478,-5.1993376,-0.095492152,-0.39736503,0.47100434,1.0955557,-0.1422445,-0.67055744,-5.1993376,-5.1993376,0.70552998,-0.60746322,-0.79704409,-5.1993376
479,-5.1993376,-1.9819247,0.55253687,-1.8179677,1.2023467,-0.1422445,-0.67055744,-5.1993376,5.1993376,-5.1993376,-5.1993376,0.14858402,-5.1993376
480,0.51349142,0.31105902,-0.1422445,0.21235277,-0.26398459,0.29660674,0.25360621,5.1993376,5.1993376,-0.78332986,0.69910809,1.3494976,-5.1993376
481,-5.1993376,0.51349142,-0.7315153,-0.23808933,-0.26398459,-5.1993376,0.25360621,5.1993376,-5.1993376,0.06025574,1.3781138,-1.6691125,-5.1993376
482,-5.1993376,0.73315571,1.649237,0.0062728847,-0.26398459,-0.1422445,-0.67055744,5.1993376,-5.1993376,1.6205923,-0.21363612,0.58052362,1.1001397
483,0.51349142,0.40335554,-1.1644437,-0.50492201,-1.0819398,0.29660674,0.25360621,5.1993376,5.1993376,-5.1993376,2.1196682,-1.2502419,0.86345761
484,1.0230033,-1.4496823,0.55253687,-0.98357337,1.2023467,1.2612822,-0.42385485,-5.1993376,-5.1993376,0.18165198,-1.1694007,-0.17527843,-5.1993376
485,-5.1993376,-0.58498388,-0.1422445,0.47100434,0.63946185,0.29660674,-1.1768904,5.1993376,-5.1993376,0.60897269,1.3781138,0.71036555,0.97748656
486,0.51349142,0.82493339,-0.1422445,-1.059682,-0.26398459,0.62109893,-0.36687305,5.1993376,-5.1993376,1.3189459,-5.1993376,2.7474533,0.4403831
487,-5.1993376,-0.067798615,-0.1422445,0.40607882,-1.8114574,-5.1993376,0.25360621,5.1993376,-5.1993376,0.75800423,2.1196682,2.1968939,0.89233603
488,1.7679033,0.57607489,0.11820414,0.50492201,0.63946185,1.0774455,1.5542696,5.1993376,5.1993376,0.14858402,-0.21363612,-0.57311539,-5.1993376
489,-5.1993376,-1.0487476,1.0841952,1.3249577,-0.26398459,-5.1993376,0.25360621,-5.1993376,-5.1993376,2.2082446,0.69910809,1.1140325,1.7627513
490,0.51349142,-1.6942413,-0.1422445,-1.144896,2.1440107,0.62109893,-0.36687305,-5.1993376,5.1993376,0.26658359,-1.1694007,-0.79704409,-5.1993376
491,-5.1993376,0.035135151,-5.1993376,-0.56279634,0.63946185,-5.1993376,0.25360621,5.1993376,5.1993376,-5.1993376,-0.60746322,0.71036555,-5.1993376
492,1.4181186,0.63485111,-0.1422445,0.32954771,0.40471681,0.62109893,2.1696941,5.1993376,-5.1993376,-1.0552931,-0.21363612,-0.79704409,-5.1993376
493,-5.1993376,-0.49922964,0.55253687,0.64872442,0.63946185,-5.1993376,0.25360621,-5.1993376,-5.1993376,1.9821285,-0.60746322,0.29922973,-5.1993376
494,0.51349142,-0.42660141,0.91087287,1.4181186,0.63946185,-0.1422445,1.2447784,5.1993376,5.1993376,-5.1993376,0.69910809,-0.17527843,0.58026844
495,-5.1993376,-1.3912021,-0.7315153,-0.6150245,0.63946185,-5.1993376,0.25360621,5.1993376,-5.1993376,-0.55985906,1.3781138,-1.6691125,-5.1993376
496,0.51349142,0.63485111,-0.1422445,-0.13591068,-2.0431151,0.29660674,0.25360621,5.1993376,-5.1993376,0.93779777,-0.60746322,-0.36553148,-5.1993376
497,-5.1993376,0.65648594,0.55253687,-0.041412601,-1.6299924,-0.1422445,-0.67055744,5.1993376,5.1993376,0.45842568,-1.1694007,0.58052362,-5.1993376
498,-5.1993376,-1.6996075,-0.7315153,-0.18547963,2.1440107,-0.1422445,-0.67055744,5.1993376,5.1993376,-0.92233022,-1.1694007,-0.36553148,0.18931001
499,-5.1993376,-0.2239158,-0.1422445,1.2640664,-1.6299924,-5.1993376,0.25360621,5.1993376,-5.1993376,0.65804298,-0.21363612,0.29922973,0.87012118
500,0.51349142,0.23938016,-0.1422445,1.358913,-0.26398459,1.2612822,-1.1768904,5.1993376,-5.1993376,0.65804298,-0.21363612,1.3494976,-5.1993376
501,-5.1993376,0.36955819,0.2239158,0.54088248,0.17400458,-5.1993376,0.25360621,5.1993376,5.1993376,-5.1993376,0.69910809,0.29922973,0.97205566
502,0.51349142,0.31105902,-1.1644437,-0.98357337,0.63946185,-0.1422445,1.2447784,5.1993376,5.1993376,-5.1993376,1.3781138,-0.001254569,-5.1993376
503,-5.1993376,-0.65337661,1.649237,1.7679033,-0.69112102,-5.1993376,0.25360621,5.1993376,-5.1993376,-0.78332986,1.3781138,0.71036555,-5.1993376
504,-5.1993376,-0.71359852,1.649237,1.4903351,0.63946185,-5.1993376,0.25360621,-5.1993376,-5.1993376,0.65804298,-1.1694007,0.45146888,0.19323701
505,-5.1993376,1.4250105,0.2239158,-0.13591068,0.63946185,-5.1993376,0.25360621,5.1993376,5.1993376,-0.92233022,0.18547963,1.1140325,-5.1993376
506,1.0230033,0.86618925,-0.7315153,-0.39384742,-0.26398459,0.29660674,1.761948,5.1993376,-5.1993376,-1.0552931,0.18547963,-0.36553148,-5.1993376
507,-5.1993376,1.9494745,-0.7315153,-1.2529876,0.63946185,-5.1993376,0.25360621,5.1993376,5.1993376,-5.1993376,-5.1993376,0.14858402,-5.1993376
508,-5.1993376,-2.0177871,-0.1422445,-1.144896,2.1440107,-0.1422445,-0.67055744,5.1993376,5.1993376,-0.45564031,-1.1694007,1.5669896,0.82317161
509,-5.1993376,0.32161055,-0.1422445,0.0062728847,0.97546566,-5.1993376,0.25360621,5.1993376,5.1993376,0.34948301,0.18547963,-0.001254569,0.54467375
510,-5.1993376,-0.32557657,-0.43348197,0.57607489,-0.26398459,0.29660674,-1.1768904,5.1993376,-5.1993376,1.1946284,-0.21363612,0.29922973,0.45285848
511,-5.1993376,0.40335554,1.2640664,0.32954771,-0.26398459,-5.1993376,0.25360621,5.1993376,5.1993376,-0.65804298,0.69910809,0.71036555,-5.1993376
512,1.0230033,-0.095492152,-0.43348197,-0.39384742,0.97546566,0.62109893,0.96142934,-5.1993376,-5.1993376,-0.28744217,-0.60746322,-0.79704409,-5.1993376
513,1.0230033,0.20722283,2.0042336,1.0909946,-1.3219458,1.2612822,-0.42385485,-5.1993376,-5.1993376,0.14858402,-0.21363612,0.71036555,0.79428871
514,-5.1993376,-0.69750712,1.649237,-0.72008693,1.0955557,1.0774455,-1.994971,-5.1993376,5.1993376,-0.11441489,-1.1694007,1.1140325,-5.1993376
515,0.51349142,-0.98154039,0.2239158,0.21235277,-0.69112102,0.87535389,-0.67055744,5.1993376,-5.1993376,-0.55985906,1.3781138,0.71036555,0.71385685
516,-5.1993376,0.080378865,0.55253687,0.36821529,-1.3219458,-0.1422445,-0.67055744,5.1993376,5.1993376,1.4941549,0.18547963,-0.36553148,1.0004482
517,-5.1993376,-0.018819641,-0.1422445,0.75299744,0.17400458,-5.1993376,0.25360621,5.1993376,-5.1993376,-0.28744217,-0.21363612,-1.2502419,-5.1993376
518,0.51349142,0.27699782,1.1794018,3.1579539,0.17400458,-0.1422445,1.2447784,-5.1993376,-5.1993376,1.5138486,-0.21363612,0.45146888,0.43507693
519,-5.1993376,-0.028859086,0.2239158,0.57607489,0.30448193,-0.1422445,-0.67055744,-5.1993376,-5.1993376,-0.17018472,-0.21363612,0.45146888,-5.1993376
520,1.7679033,0.14731565,-0.7315153,-0.29005812,0.63946185,1.9858764,-0.41426686,5.1993376,5.1993376,-0.78332986,-0.21363612,0.71036555,0.16695153
521,-5.1993376,0.81790154,-0.7315153,-1.8179677,-0.26398459,-5.1993376,0.25360621,5.1993376,5.1993376,-1.0552931,-0.60746322,0.45146888,-5.1993376
522,-5.1993376,1.0124743,-0.43348197,0.61199579,0.97546566,-5.1993376,0.25360621,-5.1993376,5.1993376,0.68159434,-0.21363612,-1.873053,-5.1993376
523,1.7679033,-0.49922964,-5.1993376,-1.2529876,-0.26398459,1.2612822,1.0251227,5.1993376,-5.1993376,0.4307273,-0.60746322,0.45146888,0.15355348
524,0.51349142,-0.42660141,-0.7315153,-0.44869228,-1.3219458,0.29660674,0.25360621,5.1993376,5.1993376,-0.36017172,1.3781138,-0.79704409,-5.1993376
525,-5.1993376,0.17655256,-0.1422445,0.98561042,-0.26398459,-5.1993376,0.25360621,5.1993376,-5.1993376,1.4319709,-0.21363612,1.6590928,0.95151828
526,-5.1993376,-1.4390013,0.55253687,0.43900121,0.30448193,0.29660674,-1.1768904,5.1993376,-5.1993376,0.51635627,-0.21363612,2.3076067,0.42522773
527,0.51349142,-0.058998939,-1.3432866,-0.90518882,-2.0431151,0.29660674,0.25360621,5.1993376,-5.1993376,1.3041214,1.3781138,0.98561042,-5.1993376
528,1.0230033,0.072829316,0.82669773,0.50492201,-0.26398459,0.87535389,0.25360621,5.1993376,-5.1993376,1.1328976,0.18547963,1.2339616,1.0629177
529,-5.1993376,1.5135889,0.55253687,0.36821529,0.97546566,-5.1993376,0.25360621,5.1993376,-5.1993376,1.0978448,0.18547963,2.7474533,-5.1993376
530,-5.1993376,0.16636735,0.55253687,1.6299924,1.3684503,-5.1993376,0.25360621,5.1993376,5.1993376,0.79360155,-0.60746322,-0.79704409,-5.1993376
531,-5.1993376,0.5642668,0.55253687,-0.041412601,0.17400458,1.2612822,-2.2111272,-5.1993376,-5.1993376,2.0191692,-0.21363612,0.98561042,1.7383568
532,-5.1993376,-0.92810452,-1.1644437,-1.9858764,1.3684503,0.29660674,-1.1768904,5.1993376,5.1993376,-5.1993376,-5.1993376,0.58052362,-5.1993376
533,1.0230033,0.095492152,-0.1422445,1.2075323,0.97546566,0.62109893,0.96142934,5.1993376,-5.1993376,0.81440074,-0.21363612,0.45146888,0.54088248
534,0.51349142,0.27699782,-0.7315153,-0.44869228,-0.26398459,0.62109893,-0.36687305,5.1993376,-5.1993376,0.45842568,0.69910809,-0.57311539,-5.1993376
535,-5.1993376,-1.1768904,-0.7315153,-0.66428721,-1.3219458,-5.1993376,0.25360621,5.1993376,-5.1993376,1.5932188,0.69910809,1.8312243,-5.1993376
536,-5.1993376,-0.11062728,1.2640664,1.6640817,0.087932998,-5.1993376,0.25360621,-5.1993376,5.1993376,0.10810309,-0.21363612,-0.36553148,0.5283392
537,0.51349142,-1.5976984,0.55253687,-0.72008693,1.2023467,1.0774455,-0.98765156,-5.1993376,-5.1993376,-0.65804298,-1.1694007,-0.17527843,-5.1993376
538,-5.1993376,-0.036390523,-0.7315153,-0.13591068,0.63946185,-5.1993376,0.25360621,5.1993376,5.1993376,-0.65804298,0.69910809,-2.1079532,-5.1993376
539,-5.1993376,0.25101592,1.3620783,1.9858764,0.087932998,-5.1993376,0.25360621,-5.1993376,5.1993376,0.45842568,-0.21363612,-1.0230033,-5.1993376
540,2.1079532,0.88644946,-0.1422445,-0.041412601,-0.26398459,1.2612822,1.761948,-5.1993376,-5.1993376,1.6205923,-0.21363612,1.1140325,-5.1993376
541,-5.1993376,0.61805886,0.55253687,0.78845531,-0.83733836,-0.1422445,-0.67055744,5.1993376,5.1993376,-0.28744217,1.3781138,0.29922973,-5.1993376
542,-5.1993376,-0.046435725,-5.1993376,-1.2529876,-1.7219141,-5.1993376,0.25360621,5.1993376,-5.1993376,-0.65804298,2.1196682,-2.8067115,0.88557683
543,-5.1993376,-1.5976984,1.0841952,-0.23808933,0.40471681,0.62109893,-1.5215251,-5.1993376,-5.1993376,-0.28744217,-1.1694007,-0.57311539,0.61957818
544,-5.1993376,-0.11062728,0.2239158,0.05146002,0.97546566,-5.1993376,0.25360621,5.1993376,5.1993376,0.48930663,0.18547963,0.45146888,0.34496092
545,1.0230033,-0.97143575,0.91087287,0.64872442,-0.83733836,0.87535389,0.25360621,5.1993376,-5.1993376,-0.65804298,0.69910809,0.58052362,0.84504225
546,-5.1993376,-0.42660141,0.55253687,0.43900121,-0.26398459,-5.1993376,0.25360621,5.1993376,-5.1993376,-0.22648938,0.69910809,0.71036555,-5.1993376
547,0.51349142,-0.34415366,2.4320167,1.123415,-0.26398459,0.29660674,0.25360621,-5.1993376,-5.1993376,0.40471681,-0.21363612,-0.001254569,0.82317161
548,-5.1993376,-0.52066149,0.55253687,0.50492201,-0.69112102,-5.1993376,0.25360621,5.1993376,-5.1993376,1.6091315,0.69910809,0.98561042,-5.1993376
549,-5.1993376,-0.046435725,0.98968593,0.43900121,-0.26398459,0.29660674,-1.1768904,-5.1993376,5.1993376,0.10810309,-0.21363612,-1.4678604,-5.1993376
550,1.4181186,0.072829316,2.4320167,1.3249577,-0.26398459,0.87535389,1.2447784,5.1993376,-5.1993376,1.4079051,-0.21363612,1.6590928,-5.1993376
551,0.51349142,1.0887225,-5.1993376,-0.77822491,-0.26398459,-0.1422445,1.2447784,5.1993376,5.1993376,-5.1993376,0.18547963,0.14858402,1.3463856
552,-5.1993376,-0.92810452,0.11820414,-1.3684503,1.6022103,-5.1993376,0.25360621,5.1993376,5.1993376,-5.1993376,-5.1993376,-0.57311539,-5.1993376
553,-5.1993376,0.36955819,-0.7315153,-0.66428721,0.63946185,-5.1993376,0.25360621,5.1993376,5.1993376,0.29791798,-0.60746322,0.29922973,-5.1993376
554,0.51349142,0.70714,0.55253687,0.36821529,-0.69112102,1.0774455,-0.98765156,5.1993376,5.1993376,-0.78332986,0.69910809,0.45146888,0.5353282
555,-5.1993376,0.95943959,0.55253687,0.17400458,-0.26398459,-5.1993376,0.25360621,5.1993376,-5.1993376,1.9626066,0.18547963,0.45146888,1.004315
556,-5.1993376,-0.15365993,-1.1644437,-0.39384742,0.30448193,-0.1422445,-0.67055744,5.1993376,5.1993376,-5.1993376,-0.21363612,0.45146888,0.32028968
557,1.0230033,-0.42660141,-1.1644437,-0.44869228,0.63946185,0.29660674,1.761948,5.1993376,-5.1993376,-0.22648938,0.18547963,-1.2502419,-5.1993376
558,-5.1993376,-0.53653104,-0.7315153,-0.83912102,0.63946185,-5.1993376,0.25360621,5.1993376,5.1993376,-0.053972647,0.69910809,1.1140325,-5.1993376
559,1.7679033,0.32161055,1.649237,0.21235277,-0.26398459,1.5843543,0.25360621,5.1993376,-5.1993376,2.4651926,0.18547963,1.5669896,1.1750358
560,0.51349142,-0.97143575,-0.7315153,-0.44869228,-1.8114574,0.29660674,0.25360621,-5.1993376,-5.1993376,0.65804298,1.3781138,-2.4320167,-5.1993376
561,-5.1993376,1.3978365,-5.1993376,-1.059682,0.97546566,-0.1422445,-0.67055744,5.1993376,5.1993376,-5.1993376,0.18547963,-0.001254569,-5.1993376
562,-5.1993376,-0.75967739,0.55253687,-1.8179677,1.6022103,0.62109893,-1.5215251,5.1993376,-5.1993376,1.4568958,-5.1993376,1.1140325,-5.1993376
563,0.51349142,2.019319,-0.1422445,-0.56279634,0.97546566,-0.1422445,1.2447784,5.1993376,-5.1993376,1.3781138,-0.60746322,0.58052362,1.2127505
564,-5.1993376,-1.1140325,-0.39249204,0.0062728847,0.63946185,-5.1993376,0.25360621,5.1993376,-5.1993376,1.8658521,0.69910809,0.29922973,2.0965206
565,-5.1993376,-0.036390523,-0.1422445,-2.2730524,-0.69112102,-0.1422445,-0.67055744,5.1993376,5.1993376,-5.1993376,1.3781138,-2.1079532,0.73973722
566,0.51349142,-0.99585764,-1.1644437,-0.44869228,-0.26398459,0.62109893,-0.36687305,5.1993376,-5.1993376,-1.0552931,0.18547963,-1.4678604,-5.1993376
567,0.51349142,-1.3526228,-1.1644437,-1.9858764,-0.26398459,0.62109893,-0.36687305,5.1993376,5.1993376,-5.1993376,1.3781138,-0.79704409,0.19911152
568,1.0230033,-1.5215251,1.1912208,-0.13591068,0.30448193,0.87535389,0.25360621,-5.1993376,-5.1993376,0.06025574,-1.1694007,-0.36553148,-5.1993376
569,-5.1993376,1.0124743,0.55253687,1.057485,-0.26398459,-5.1993376,0.25360621,5.1993376,-5.1993376,0.26658359,0.69910809,-0.79704409,-5.1993376
570,-5.1993376,0.38572587,-0.1422445,0.05146002,-0.69112102,-5.1993376,0.25360621,5.1993376,5.1993376,-0.55985906,0.69910809,2.0965206,-5.1993376
571,0.51349142,-1.0082941,-0.7315153,-0.6150245,-2.0431151,-0.1422445,1.2447784,-5.1993376,-5.1993376,0.72334253,0.69910809,-1.2502419,1.0058236
572,0.51349142,0.9165865,1.649237,0.98561042,-0.83733836,0.62109893,-0.36687305,-5.1993376,-5.1993376,-1.0552931,0.18547963,0.85167519,0.15819534
573,-5.1993376,0.16636735,-0.43348197,-0.66428721,0.17400458,0.29660674,-1.1768904,5.1993376,-5.1993376,1.0978448,0.18547963,-0.001254569,2.2193137
574,-5.1993376,-0.89953386,-0.1422445,-0.23808933,0.63946185,0.62109893,-1.5215251,-5.1993376,-5.1993376,-0.65804298,-1.1694007,-1.0230033,-5.1993376
575,1.0230033,-0.046435725,0.82669773,0.71359852,1.6022103,1.4354772,-0.67055744,5.1993376,-5.1993376,0.79360155,-0.60746322,-0.001254569,0.26827913
576,1.0230033,-0.33617787,-0.7315153,-0.18547963,0.97546566,1.0774455,-0.300542,5.1993376,-5.1993376,-0.36017172,-0.60746322,0.14858402,-5.1993376
577,0.51349142,-0.65337661,-1.1644437,-0.98357337,-1.3219458,-0.1422445,1.2447784,5.1993376,-5.1993376,-1.0552931,1.3781138,-1.2502419,-5.1993376
578,0.51349142,0.072829316,-0.7315153,-0.50492201,1.6022103,1.2612822,-1.1768904,-5.1993376,-5.1993376,-0.36017172,-1.1694007,0.29922973,-5.1993376
579,1.4181186,-2.0965206,-5.1993376,-1.3684503,2.8067115,1.2612822,0.25360621,5.1993376,-5.1993376,0.90897492,-5.1993376,0.14858402,-5.1993376
580,-5.1993376,0.47661874,0.55253687,-1.144896,1.6022103,-5.1993376,0.25360621,5.1993376,5.1993376,-5.1993376,-1.1694007,1.7560546,1.0315088
581,-5.1993376,-1.2710606,1.3620783,1.6299924,1.2023467,0.87535389,-1.7986626,-5.1993376,-5.1993376,1.1163689,-0.60746322,0.14858402,1.1109945
582,0.51349142,-0.87904038,-0.43348197,-0.98357337,-0.26398459,1.8803524,-1.7986626,5.1993376,5.1993376,-0.45564031,-1.1694007,0.45146888,-5.1993376
583,-5.1993376,-1.4134091,-0.1422445,0.05146002,0.97546566,-0.1422445,-0.67055744,5.1993376,-5.1993376,1.7274656,-1.1694007,1.5669896,-5.1993376
584,1.0230033,0.18803291,0.91087287,0.092971849,0.087932998,0.29660674,1.761948,5.1993376,-5.1993376,-0.65804298,-0.21363612,-1.2502419,0.55985906
585,0.51349142,-0.79188381,-0.7315153,-0.66428721,-0.26398459,-0.1422445,1.2447784,5.1993376,5.1993376,-0.22648938,0.69910809,-1.6691125,-5.1993376
586,-5.1993376,0.53943086,1.401177,0.88088812,0.30448193,-0.1422445,-0.67055744,-5.1993376,-5.1993376,0.14858402,0.18547963,-0.57311539,-5.1993376
587,1.4181186,0.81790154,-5.1993376,-1.3684503,1.3684503,0.87535389,1.2447784,-5.1993376,5.1993376,-5.1993376,-0.60746322,-1.2502419,-5.1993376
588,0.51349142,-0.3031681,-0.1422445,0.36821529,-0.26398459,-0.1422445,1.2447784,5.1993376,5.1993376,-5.1993376,-0.21363612,0.85167519,0.29660674
589,0.51349142,-0.89953386,-0.43348197,-0.089192496,1.6022103,0.87535389,-0.67055744,5.1993376,-5.1993376,2.4736541,-0.60746322,1.9858764,1.7039374
590,1.0230033,0.74635093,-0.1422445,-0.44869228,-1.0819398,0.29660674,1.761948,5.1993376,-5.1993376,0.58796385,0.69910809,0.29922973,1.8301396
591,-5.1993376,0.046435725,-0.7315153,-0.66428721,0.40471681,0.29660674,-1.1768904,-5.1993376,-5.1993376,0.29791798,-0.21363612,-0.001254569,0.60219141
592,2.1079532,0.30185479,-5.1993376,-2.2730524,-1.0819398,1.4354772,1.2447784,5.1993376,-5.1993376,0.37628274,-1.1694007,-0.001254569,0.67805411
593,-5.1993376,-0.13591068,-0.1422445,0.0062728847,-0.69112102,-5.1993376,0.25360621,5.1993376,5.1993376,0.68159434,0.69910809,1.6590928,-5.1993376
594,-5.1993376,-0.42660141,-5.1993376,-1.8179677,0.63946185,-5.1993376,0.25360621,5.1993376,-5.1993376,0.06025574,1.3781138,-1.4678604,0.58251447
595,0.51349142,-1.2640664,-0.1422445,-0.18547963,0.63946185,1.0774455,-0.98765156,5.1993376,-5.1993376,1.6091315,1.3781138,-0.36553148,-5.1993376
596,-5.1993376,-0.56868553,-0.7315153,-1.144896,2.1440107,-0.1422445,-0.67055744,-5.1993376,-5.1993376,-0.17018472,-1.1694007,-0.57311539,-5.1993376
597,0.51349142,0.66741904,0.55253687,0.32954771,0.17400458,-0.1422445,1.2447784,5.1993376,-5.1993376,-1.0552931,0.18547963,0.29922973,-5.1993376
598,-5.1993376,-0.31237604,1.649237,1.2640664,-0.26398459,-5.1993376,0.25360621,-5.1993376,5.1993376,0.37628274,-0.21363612,-0.17527843,-5.1993376
599,0.51349142,-1.8425227,-5.1993376,-1.8179677,1.3684503,1.0774455,-0.98765156,5.1993376,-5.1993376,0.14858402,-1.1694007,1.2339616,1.3851083
600,1.4181186,-0.77822491,0.55253687,0.61199579,-1.0819398,0.87535389,1.2447784,5.1993376,-5.1993376,0.06025574,0.69910809,0.14858402,0.55985906
601,1.0230033,-0.29529601,1.2640664,1.9858764,-0.26398459,0.62109893,0.96142934,-5.1993376,-5.1993376,1.9476546,-0.21363612,0.29922973,0.86570057
602,-5.1993376,0.47661874,-0.7315153,-0.041412601,1.8658521,-5.1993376,0.25360621,5.1993376,5.1993376,-5.1993376,-0.60746322,-1.4678604,-5.1993376
603,-5.1993376,1.4532796,-1.1644437,-0.90518882,0.63946185,-5.1993376,0.25360621,5.1993376,5.1993376,-5.1993376,0.69910809,-1.4678604,-5.1993376
604,-5.1993376,-0.07534535,0.55253687,0.54088248,1.3684503,-5.1993376,0.25360621,5.1993376,5.1993376,-5.1993376,-0.21363612,-0.17527843,-5.1993376
605,0.51349142,-0.81614989,0.55253687,1.0909946,-0.26398459,0.62109893,-0.36687305,-5.1993376,-5.1993376,0.26658359,0.69910809,0.98561042,1.1244883
606,1.0230033,-0.33617787,-0.1422445,-1.059682,0.97546566,1.0774455,-0.300542,-5.1993376,-5.1993376,-0.36017172,-1.1694007,0.14858402,-5.1993376
607,0.51349142,1.3159579,-5.1993376,-1.059682,-0.26398459,0.29660674,0.25360621,5.1993376,-5.1993376,-5.1993376,0.18547963,1.7560546,0.19592228
608,1.0230033,-0.66116187,2.4320167,1.6299924,-0.97143575,0.62109893,0.96142934,5.1993376,5.1993376,0.324254,0.69910809,0.58052362,0.17595779
609,-5.1993376,-1.920575,0.2239158,-0.56279634,0.30448193,-0.1422445,-0.67055744,5.1993376,-5.1993376,-0.22648938,0.69910809,0.29922973,0.55985906
610,-5.1993376,-0.20081806,-0.1422445,-0.44869228,1.3684503,-0.1422445,-0.67055744,5.1993376,-5.1993376,0.06025574,-0.60746322,0.45146888,-5.1993376
611,-5.1993376,-0.28482819,0.91087287,1.2366522,0.30448193,-5.1993376,0.25360621,5.1993376,-5.1993376,0.58796385,-0.21363612,-0.57311539,-5.1993376
612,-5.1993376,0.22648938,-0.7315153,-0.44869228,-0.26398459,-5.1993376,0.25360621,5.1993376,5.1993376,0.56132709,0.18547963,-0.17527843,1.3545825
613,0.51349142,0.10557959,-0.7315153,-0.50492201,0.63946185,-0.1422445,1.2447784,-5.1993376,-5.1993376,1.4181186,0.18547963,0.58052362,-5.1993376
614,1.0230033,-0.42660141,-0.7315153,-0.44869228,0.40471681,0.29660674,1.761948,5.1993376,5.1993376,0.324254,1.3781138,0.98561042,1.6896701
615,0.51349142,0.10557959,0.82669773,0.57607489,-0.26398459,0.62109893,-0.36687305,-5.1993376,5.1993376,0.88830934,0.69910809,-0.001254569,0.87042133
616,0.51349142,-0.42660141,-0.7315153,-0.29005812,0.30448193,-0.1422445,1.2447784,5.1993376,-5.1993376,-0.78332986,1.3781138,-1.4678604,0.18098395
617,0.51349142,0.0075274833,-0.1422445,0.54088248,-0.26398459,-0.1422445,1.2447784,5.1993376,-5.1993376,-0.36017172,-0.21363612,-0.36553148,-5.1993376
618,-5.1993376,-0.17018472,0.2239158,0.25360621,-0.83733836,1.2612822,-2.2111272,-5.1993376,-5.1993376,-0.55985906,0.69910809,-0.57311539,-5.1993376
619,0.51349142,0.50349739,1.649237,2.0331038,-0.26398459,0.29660674,0.25360621,5.1993376,5.1993376,-5.1993376,0.69910809,1.3494976,0.210958
620,-5.1993376,-0.036390523,-0.1422445,0.05146002,0.63946185,-5.1993376,0.25360621,5.1993376,-5.1993376,0.93779777,0.69910809,-0.001254569,0.21363612
621,2.1079532,0.73315571,0.2239158,-0.56279634,-0.26398459,1.2612822,1.761948,5.1993376,-5.1993376,1.7986626,0.18547963,1.1140325,-5.1993376
622,0.51349142,-0.3521514,-0.1422445,0.05146002,-0.83733836,-0.1422445,1.2447784,5.1993376,-5.1993376,-0.65804298,0.69910809,-0.79704409,-5.1993376
623,-5.1993376,0.43210422,-0.1422445,0.29267606,-0.26398459,-5.1993376,0.25360621,5.1993376,5.1993376,0.14858402,-0.21363612,-0.17527843,-5.1993376
624,-5.1993376,0.59693534,-0.43348197,0.0062728847,-1.8114574,1.0774455,-1.994971,-5.1993376,5.1993376,-0.36017172,0.18547963,-0.79704409,0.46301836
625,-5.1993376,0.18803291,-0.7315153,0.54088248,0.63946185,-0.1422445,-0.67055744,5.1993376,-5.1993376,-1.0552931,-0.21363612,1.3494976,0.40199502
626,-5.1993376,2.2986408,0.55253687,1.6640817,-0.26398459,0.29660674,-1.1768904,5.1993376,5.1993376,0.22262957,0.18547963,0.85167519,-5.1993376
627,1.4181186,-0.24454752,0.2239158,1.3249577,-0.26398459,0.87535389,1.2447784,5.1993376,-5.1993376,-0.17018472,-0.21363612,0.45146888,0.32028968
628,-5.1993376,-0.97143575,-0.1422445,-0.089192496,-1.3219458,-5.1993376,0.25360621,-5.1993376,-5.1993376,-0.28744217,1.3781138,1.464186,-5.1993376
629,1.4181186,0.29005812,0.55253687,0.29267606,-0.69112102,1.2612822,0.25360621,5.1993376,5.1993376,0.14858402,-0.60746322,0.98561042,-5.1993376
630,-5.1993376,-0.12705243,1.0841952,1.358913,0.30448193,0.29660674,-1.1768904,5.1993376,5.1993376,0.77314015,0.18547963,-1.0230033,0.90694774
631,-5.1993376,0.046435725,-0.7315153,-0.23808933,-1.3219458,-5.1993376,0.25360621,5.1993376,5.1993376,-5.1993376,0.69910809,0.71036555,-5.1993376
632,-5.1993376,-1.4294456,0.91087287,-1.505747,0.97546566,-0.1422445,-0.67055744,-5.1993376,5.1993376,-5.1993376,-5.1993376,0.14858402,1.0315088
633,1.0230033,0.87719565,-1.0357896,-0.39384742,-0.26398459,0.29660674,1.761948,5.1993376,-5.1993376,0.48930663,0.69910809,2.9674304,0.39018173
634,0.51349142,-0.24454752,0.55253687,-0.34149266,0.30448193,1.5843543,-1.5215251,-5.1993376,-5.1993376,-0.053972647,-1.1694007,-0.17527843,0.2213437
635,-5.1993376,-1.2001088,-0.7315153,-0.56279634,-0.26398459,-0.1422445,-0.67055744,5.1993376,5.1993376,0.53653104,0.69910809,0.98561042,-5.1993376
636,-5.1993376,-1.1140325,-0.7315153,-0.39384742,0.17400458,-5.1993376,0.25360621,5.1993376,5.1993376,-5.1993376,0.69910809,-1.4678604,-5.1993376
637,-5.1993376,0.37762969,-1.3159579,-0.83912102,-2.0431151,-0.1422445,-0.67055744,-5.1993376,-5.1993376,0.82846465,1.3781138,-1.0230033,1.4048662
638,-5.1993376,-0.49213682,0.2239158,1.123415,0.30448193,-5.1993376,0.25360621,5.1993376,5.1993376,0.10810309,-0.21363612,0.14858402,0.40199502
639,1.0230033,0.68001258,1.0841952,1.1546147,-0.26398459,0.62109893,0.96142934,5.1993376,-5.1993376,-1.0552931,0.18547963,-0.57311539,0.9127741
640,2.1079532,2.3182813,0.2239158,0.43900121,-2.5423492,1.4354772,1.2447784,5.1993376,-5.1993376,0.92233022,0.18547963,-0.001254569,1.3463856
641,-5.1993376,0.056485615,0.55253687,1.0230033,-0.69112102,-5.1993376,0.25360621,-5.1993376,-5.1993376,-0.45564031,0.69910809,0.58052362,-5.1993376
642,0.51349142,-0.58498388,0.55253687,0.98561042,-1.3219458,-0.1422445,1.2447784,5.1993376,-5.1993376,-0.65804298,1.3781138,0.71036555,-5.1993376
643,1.0230033,-1.4496823,-5.1993376,-0.83912102,0.40471681,1.2612822,-0.42385485,-5.1993376,5.1993376,0.22262957,-1.1694007,-0.36553148,0.49213682
644,-5.1993376,-0.42660141,1.401177,1.3249577,-1.0819398,-5.1993376,0.25360621,-5.1993376,-5.1993376,0.22262957,0.69910809,-1.6691125,-5.1993376
645,-5.1993376,-0.28482819,1.401177,0.25360621,0.63946185,-0.1422445,-0.67055744,-5.1993376,5.1993376,-0.053972647,-0.21363612,-0.001254569,1.0467717
646,0.51349142,0.79360155,-0.43348197,0.40607882,-0.26398459,0.29660674,0.25360621,-5.1993376,5.1993376,-1.0552931,-0.21363612,-0.57311539,-5.1993376
647,-5.1993376,0.14731565,-0.1422445,0.25360621,-2.6965111,-5.1993376,0.25360621,5.1993376,-5.1993376,-0.45564031,5.1993376,0.14858402,1.4155875
648,0.51349142,1.1352842,1.0841952,0.36821529,-0.26398459,-0.1422445,1.2447784,-5.1993376,-5.1993376,0.58796385,-0.60746322,-0.57311539,0.20081806
649,-5.1993376,-1.3041214,-0.43348197,-2.1316816,0.17400458,0.29660674,-1.1768904,-5.1993376,5.1993376,-0.55985906,-1.1694007,-1.2502419,-5.1993376
650,0.51349142,1.7679033,-0.1422445,0.29267606,0.63946185,-0.1422445,1.2447784,5.1993376,5.1993376,0.22262957,0.18547963,-1.2502419,-5.1993376
651,-5.1993376,-0.28482819,0.91087287,2.2410162,0.30448193,-5.1993376,0.25360621,-5.1993376,-5.1993376,-0.36017172,-0.60746322,1.2339616,0.32028968
652,-5.1993376,-0.42660141,1.649237,1.4568958,1.2023467,-0.1422445,-0.67055744,-5.1993376,-5.1993376,0.60897269,-1.1694007,-0.57311539,-5.1993376
653,-5.1993376,1.1644437,1.0841952,1.3249577,-0.97143575,-5.1993376,0.25360621,-5.1993376,5.1993376,1.0552931,0.18547963,0.14858402,0.69548345
654,-5.1993376,0.90330062,2.0042336,2.1316816,-0.26398459,-5.1993376,0.25360621,5.1993376,5.1993376,0.68159434,0.69910809,1.9858764,1.4568958
655,-5.1993376,-0.92233022,-0.7315153,-0.39384742,-0.26398459,-5.1993376,0.25360621,5.1993376,-5.1993376,0.29791798,0.69910809,-1.6691125,-5.1993376
656,-5.1993376,1.5459273,-0.1422445,1.2640664,-0.26398459,-5.1993376,0.25360621,-5.1993376,-5.1993376,-0.92233022,0.18547963,0.14858402,-5.1993376
657,1.0230033,-1.5521739,-5.1993376,-0.39384742,-0.26398459,0.62109893,0.96142934,-5.1993376,5.1993376,-1.0552931,-0.21363612,-1.0230033,0.57418152
658,-5.1993376,-1.1768904,-0.7315153,-0.44869228,0.63946185,-5.1993376,0.25360621,5.1993376,-5.1993376,0.14858402,0.69910809,0.29922973,-5.1993376
659,-5.1993376,-1.6037216,-0.7315153,-1.505747,1.6022103,0.62109893,-1.5215251,5.1993376,-5.1993376,-0.55985906,-1.1694007,0.58052362,-5.1993376
660,-5.1993376,0.20209835,-5.1993376,-0.77822491,-0.26398459,0.62109893,-1.5215251,-5.1993376,-5.1993376,0.53653104,-0.60746322,-1.0230033,-5.1993376
661,1.0230033,0.14731565,-0.7315153,-0.56279634,1.3684503,0.29660674,1.761948,-5.1993376,-5.1993376,0.06025574,-0.60746322,-0.17527843,-5.1993376
662,-5.1993376,2.3652476,-0.1422445,-0.089192496,-2.0431151,0.29660674,-1.1768904,5.1993376,-5.1993376,1.0082941,0.18547963,-1.0230033,0.19650623
663,-5.1993376,0.48789301,-0.1422445,0.17400458,0.087932998,-5.1993376,0.25360621,5.1993376,5.1993376,-5.1993376,0.69910809,0.29922973,-5.1993376
664,1.0230033,0.016310116,0.91087287,-0.98357337,-0.26398459,0.87535389,0.25360621,5.1993376,-5.1993376,0.45842568,-1.1694007,0.58052362,0.73973722
665,-5.1993376,1.0729729,0.55253687,0.29267606,0.30448193,-0.1422445,-0.67055744,-5.1993376,-5.1993376,1.1669186,-1.1694007,-0.57311539,-5.1993376
666,-5.1993376,0.82493339,-5.1993376,-1.059682,1.6022103,-0.1422445,-0.67055744,-5.1993376,-5.1993376,-1.0552931,-0.60746322,-0.36553148,-5.1993376
667,0.51349142,0.52209871,-0.7315153,-0.13591068,-0.26398459,-0.1422445,1.2447784,5.1993376,5.1993376,-0.92233022,-0.60746322,0.58052362,-5.1993376
668,-5.1993376,0.20722283,-5.1993376,-0.83912102,-1.8114574,0.29660674,-1.1768904,5.1993376,5.1993376,-5.1993376,1.3781138,-1.873053,-5.1993376
669,-5.1993376,0.064026723,0.91087287,-0.34149266,0.17400458,-5.1993376,0.25360621,5.1993376,-5.1993376,0.75800423,0.18547963,-0.001254569,-5.1993376
670,0.51349142,0.73315571,1.401177,1.2075323,0.30448193,-0.1422445,1.2447784,-5.1993376,5.1993376,0.324254,0.18547963,1.5669896,-5.1993376
671,2.1079532,0.8109099,0.55253687,0.40607882,-0.83733836,2.0853556,-0.300542,5.1993376,5.1993376,-5.1993376,0.18547963,-0.57311539,0.82317161
672,-5.1993376,-1.1140325,0.2239158,0.64872442,-0.26398459,-5.1993376,0.25360621,5.1993376,-5.1993376,0.40471681,1.3781138,-0.36553148,-5.1993376
673,0.51349142,0.61805886,-0.1422445,0.05146002,-0.26398459,0.29660674,0.25360621,-5.1993376,-5.1993376,-0.45564031,-0.60746322,-0.17527843,0.96942671
674,-5.1993376,-1.588771,-0.1422445,-0.56279634,-0.69112102,-0.1422445,-0.67055744,5.1993376,-5.1993376,-0.78332986,-1.1694007,0.29922973,-5.1993376
675,2.1079532,0.046435725,-0.7315153,-0.6150245,-0.26398459,1.2612822,1.761948,5.1993376,-5.1993376,0.82846465,-0.21363612,0.71036555,0.4550751
676,-5.1993376,-0.036390523,-5.1993376,-0.23808933,-0.26398459,-0.1422445,-0.67055744,5.1993376,5.1993376,-5.1993376,-0.60746322,-0.79704409,-5.1993376
677,-5.1993376,-0.11062728,-0.1422445,0.17400458,0.63946185,-5.1993376,0.25360621,5.1993376,5.1993376,-5.1993376,0.69910809,-1.873053,-5.1993376
678,-5.1993376,0.23938016,-1.3432866,-0.77822491,0.97546566,0.62109893,-1.5215251,5.1993376,5.1993376,-0.053972647,-0.21363612,0.85167519,-5.1993376
679,0.51349142,0.87719565,-0.7315153,-0.50492201,-2.0431151,0.29660674,0.25360621,5.1993376,5.1993376,-5.1993376,2.1196682,-2.1079532,0.21363612
680,-5.1993376,0.26138737,0.91087287,1.0230033,-0.26398459,-5.1993376,0.25360621,5.1993376,-5.1993376,-0.36017172,0.69910809,-0.57311539,-5.1993376
681,-5.1993376,0.0075274833,-0.7315153,-0.29005812,0.63946185,-5.1993376,0.25360621,5.1993376,5.1993376,-1.0552931,1.3781138,-2.8067115,-5.1993376
682,-5.1993376,-0.52066149,-0.7315153,-1.8179677,1.6022103,-5.1993376,0.25360621,5.1993376,5.1993376,0.06025574,-1.1694007,0.14858402,1.9993266
683,-5.1993376,0.29005812,-0.1422445,-0.18547963,-0.26398459,-5.1993376,0.25360621,5.1993376,5.1993376,-0.55985906,-0.21363612,-1.2502419,-5.1993376
684,0.51349142,-0.2239158,1.649237,1.358913,-0.69112102,1.2612822,-1.1768904,-5.1993376,-5.1993376,-0.55985906,-0.21363612,0.29922973,0.85854351
685,1.0230033,0.86618925,1.2640664,0.84987354,-1.3219458,0.62109893,0.96142934,5.1993376,-5.1993376,1.2924649,0.69910809,0.29922973,1.144896
686,1.4181186,0.016310116,-0.1422445,-1.144896,2.1440107,1.2612822,0.25360621,-5.1993376,-5.1993376,-0.28744217,-1.1694007,-0.79704409,-5.1993376
687,0.51349142,1.4532796,-0.1422445,0.32954771,0.63946185,0.62109893,-0.36687305,5.1993376,5.1993376,-5.1993376,0.18547963,-1.4678604,-5.1993376
688,1.0230033,1.1047469,-0.1422445,-0.18547963,0.63946185,0.29660674,1.761948,5.1993376,5.1993376,-0.22648938,0.69910809,-1.0230033,-5.1993376
689,1.7679033,1.0640914,2.617134,2.9147775,-0.26398459,1.5843543,0.25360621,5.1993376,5.1993376,0.56132709,-0.21363612,0.98561042,1.0315088
690,-5.1993376,0.58498388,0.55253687,1.057485,0.63946185,-5.1993376,0.25360621,5.1993376,5.1993376,-5.1993376,0.69910809,0.71036555,0.6275672
691,1.7679033,-0.74635093,0.55253687,0.75299744,-1.0819398,1.9858764,-0.41426686,5.1993376,-5.1993376,0.77314015,1.3781138,-0.57311539,1.1214419
692,0.51349142,1.4903351,-0.43348197,-0.18547963,0.17400458,-0.1422445,1.2447784,5.1993376,5.1993376,-5.1993376,0.18547963,0.58052362,-5.1993376
693,-5.1993376,2.2111272,-1.1644437,-0.44869228,-1.3219458,-5.1993376,0.25360621,5.1993376,5.1993376,-0.45564031,0.18547963,1.3494976,-5.1993376
694,-5.1993376,-1.5255293,-0.43348197,-1.3684503,2.1440107,0.87535389,-1.7986626,5.1993376,5.1993376,0.18165198,-1.1694007,-0.001254569,-5.1993376
695,-5.1993376,-1.3011907,0.2239158,0.98561042,1.3684503,-5.1993376,0.25360621,-5.1993376,-5.1993376,-0.55985906,-0.60746322,-1.0230033,-5.1993376
696,-5.1993376,0.59693534,-0.7315153,-0.089192496,-1.0819398,0.29660674,-1.1768904,-5.1993376,5.1993376,-5.1993376,0.18547963,-1.0230033,-5.1993376
697,-5.1993376,0.31105902,-0.1422445,-0.39384742,0.30448193,-5.1993376,0.25360621,5.1993376,5.1993376,-5.1993376,1.3781138,-1.2502419,-5.1993376
698,2.1079532,1.1352842,1.1794018,0.092971849,-0.26398459,1.4354772,1.2447784,-5.1993376,-5.1993376,0.8570968,-0.21363612,-0.001254569,0.64490201
699,-5.1993376,1.2502419,0.82669773,1.057485,-0.26398459,-0.1422445,-0.67055744,-5.1993376,-5.1993376,-0.78332986,0.18547963,-0.36553148,-5.1993376
700,1.0230033,0.60595514,0.91087287,0.95151828,0.087932998,0.29660674,1.761948,5.1993376,5.1993376,0.37628274,-1.1694007,0.29922973,-5.1993376
701,-5.1993376,0.73315571,-0.7315153,-0.23808933,-0.26398459,-5.1993376,0.25360621,5.1993376,5.1993376,0.06025574,0.18547963,-0.79704409,0.91610842
702,1.0230033,0.87719565,0.14125275,-1.505747,-0.83733836,0.62109893,0.96142934,5.1993376,-5.1993376,0.96742157,-0.60746322,0.71036555,0.89535258
703,-5.1993376,-1.0082941,-0.7315153,-0.50492201,-0.26398459,0.29660674,-1.1768904,5.1993376,-5.1993376,-0.22648938,-0.21363612,-1.4678604,0.32028968
704,1.0230033,-0.42660141,-0.1422445,0.25360621,-1.6299924,0.29660674,1.761948,5.1993376,-5.1993376,0.51635627,2.1196682,-0.36553148,0.2213437
705,0.51349142,-0.59393954,0.2239158,1.6299924,0.40471681,0.29660674,0.25360621,-5.1993376,-5.1993376,-0.28744217,-0.21363612,0.29922973,1.9971108
706,-5.1993376,-1.1768904,-0.7315153,-0.56279634,-0.26398459,0.29660674,-1.1768904,5.1993376,-5.1993376,-0.053972647,1.3781138,0.85167519,-5.1993376
707,-5.1993376,-1.5097242,0.55253687,-2.1316816,1.2023467,-0.1422445,-0.67055744,-5.1993376,5.1993376,-5.1993376,-5.1993376,-0.17527843,-5.1993376
708,-5.1993376,-0.085414417,-5.1993376,-1.505747,-1.3219458,-5.1993376,0.25360621,5.1993376,-5.1993376,-1.0552931,0.69910809,-0.57311539,-5.1993376
709,-5.1993376,-1.1140325,-0.43348197,0.40607882,0.63946185,-0.1422445,-0.67055744,5.1993376,5.1993376,-0.053972647,0.69910809,-1.0230033,-5.1993376
710,1.0230033,0.74635093,-1.1644437,0.13337869,-0.83733836,0.62109893,0.96142934,5.1993376,-5.1993376,0.68159434,-0.21363612,-0.17527843,1.0224083
711,0.51349142,0.78162595,0.2239158,0.71359852,-0.26398459,0.87535389,-0.67055744,5.1993376,-5.1993376,0.60897269,-0.21363612,-0.79704409,1.29281
712,0.51349142,0.9165865,-0.1422445,-0.34149266,1.3684503,1.0774455,-0.98765156,-5.1993376,5.1993376,0.10810309,-0.60746322,0.14858402,-5.1993376
713,1.4181186,-0.66116187,0.11820414,0.61199579,1.6022103,1.0774455,0.89765526,5.1993376,-5.1993376,0.79360155,-0.60746322,-1.0230033,-5.1993376
714,-5.1993376,-0.42660141,0.55253687,0.75299744,0.63946185,-5.1993376,0.25360621,-5.1993376,-5.1993376,1.4568958,1.3781138,1.1140325,-5.1993376
715,0.51349142,-0.18931001,-5.1993376,-0.77822491,0.97546566,1.0774455,-0.98765156,5.1993376,5.1993376,-0.78332986,-0.21363612,-1.6691125,-5.1993376
716,-5.1993376,-0.42660141,0.82669773,0.13337869,0.17400458,-5.1993376,0.25360621,5.1993376,-5.1993376,2.4085504,0.69910809,2.0965206,2.6165109
717,0.51349142,2.5423492,-0.1422445,0.78845531,-0.26398459,0.62109893,-0.36687305,5.1993376,5.1993376,-5.1993376,0.18547963,-2.1079532,-5.1993376
718,-5.1993376,1.0124743,-5.1993376,-0.6150245,-0.26398459,-5.1993376,0.25360621,5.1993376,5.1993376,-5.1993376,-1.1694007,-1.0230033,-5.1993376
719,-5.1993376,0.27699782,0.2239158,-0.98357337,1.3684503,-5.1993376,0.25360621,5.1993376,-5.1993376,0.93779777,-0.60746322,0.45146888,0.21275372
720,-5.1993376,1.7330708,0.55253687,1.0909946,-0.26398459,-5.1993376,0.25360621,5.1993376,-5.1993376,-0.22648938,0.18547963,1.1140325,-5.1993376
721,1.4181186,-0.66898742,-0.7315153,-0.23808933,1.2023467,1.0774455,0.89765526,-5.1993376,-5.1993376,0.60897269,-0.60746322,-0.17527843,0.49213682
722,-5.1993376,0.51349142,-0.7315153,-0.98357337,-1.3219458,-5.1993376,0.25360621,-5.1993376,-5.1993376,0.26658359,0.69910809,0.58052362,0.70875186
723,1.7679033,-1.2867019,-0.7315153,-0.29005812,1.0955557,1.8803524,-0.31633038,-5.1993376,5.1993376,-0.45564031,-1.1694007,-0.17527843,0.37134976
724,-5.1993376,-0.42660141,0.91087287,1.3879077,0.40471681,-5.1993376,0.25360621,5.1993376,-5.1993376,1.7055704,0.69910809,0.29922973,-5.1993376
725,-5.1993376,-0.42660141,-1.1644437,-0.44869228,-2.0431151,-5.1993376,0.25360621,5.1993376,-5.1993376,-0.28744217,0.69910809,-0.79704409,1.6541448
726,1.0230033,-0.54524419,-1.1644437,-0.56279634,-0.69112102,0.29660674,1.761948,5.1993376,5.1993376,0.45842568,0.69910809,-1.0230033,0.17273102
727,-5.1993376,0.92233022,0.55253687,-0.98357337,1.6022103,-5.1993376,0.25360621,5.1993376,5.1993376,-5.1993376,-5.1993376,-0.001254569,-5.1993376
728,-5.1993376,-1.4979966,-5.1993376,-1.3684503,1.3684503,0.62109893,-1.5215251,5.1993376,5.1993376,-5.1993376,-0.60746322,-1.2502419,-5.1993376
729,-5.1993376,1.1187114,0.55253687,1.057485,-0.97143575,-5.1993376,0.25360621,5.1993376,5.1993376,-0.78332986,0.18547963,1.2339616,1.4752694
730,-5.1993376,1.1644437,0.2239158,-1.059682,0.63946185,-5.1993376,0.25360621,5.1993376,5.1993376,-5.1993376,-1.1694007,0.85167519,1.3463856
731,1.7679033,-0.42660141,1.649237,1.4568958,-0.26398459,1.7444475,-0.27439149,5.1993376,5.1993376,0.62566982,-0.21363612,1.9858764,-5.1993376
732,1.0230033,0.46400712,-0.7315153,-0.72008693,0.087932998,0.29660674,1.761948,5.1993376,-5.1993376,0.14858402,0.69910809,-0.17527843,0.76516224
733,-5.1993376,-0.34415366,-0.1422445,0.54088248,2.1440107,0.62109893,-1.5215251,5.1993376,5.1993376,0.10810309,-1.1694007,0.85167519,-5.1993376
734,-5.1993376,-1.3186747,-0.1422445,-0.29005812,1.6022103,0.29660674,-1.1768904,-5.1993376,5.1993376,-0.55985906,-1.1694007,-1.0230033,0.29922973
735,1.0230033,0.33485067,0.31764959,0.25360621,-0.26398459,0.29660674,1.761948,-5.1993376,-5.1993376,1.0187781,-0.21363612,-0.001254569,0.49213682
736,-5.1993376,0.55107599,-0.1422445,0.0062728847,-0.97143575,-5.1993376,0.25360621,5.1993376,-5.1993376,0.98969684,0.69910809,1.7560546,2.1197198
737,1.0230033,0.18803291,0.2239158,0.91467864,-0.26398459,1.2612822,-0.42385485,5.1993376,5.1993376,-1.0552931,-0.21363612,-0.36553148,0.46566663
738,1.7679033,0.26138737,-5.1993376,-1.2529876,0.17400458,1.0774455,1.5542696,5.1993376,-5.1993376,-0.45564031,0.69910809,0.71036555,-5.1993376
739,-5.1993376,-2.2664685,-0.7315153,-1.9858764,1.2023467,-0.1422445,-0.67055744,5.1993376,5.1993376,-5.1993376,-5.1993376,-0.57311539,-5.1993376
740,-5.1993376,1.4752694,2.0965206,1.7679033,-0.83733836,0.62109893,-1.5215251,-5.1993376,5.1993376,-5.1993376,0.18547963,-1.0230033,1.8192445
741,-5.1993376,0.33485067,0.2239158,-1.059682,-0.26398459,-5.1993376,0.25360621,-5.1993376,5.1993376,-5.1993376,-5.1993376,-0.36553148,-5.1993376
742,0.51349142,-0.87167925,-0.7315153,-0.34149266,-0.69112102,-0.1422445,1.2447784,5.1993376,-5.1993376,0.79360155,0.69910809,0.14858402,0.66323992
743,-5.1993376,-0.046435725,0.55253687,0.40607882,0.17400458,0.29660674,-1.1768904,-5.1993376,-5.1993376,-0.55985906,-1.1694007,-0.17527843,-5.1993376
744,-5.1993376,0.025094008,-1.3159579,-0.72008693,-1.7219141,-5.1993376,0.25360621,5.1993376,5.1993376,-5.1993376,0.69910809,-0.57311539,0.54670039
745,-5.1993376,-0.42660141,-0.1422445,-0.089192496,-0.26398459,-0.1422445,-0.67055744,5.1993376,-5.1993376,-0.78332986,0.69910809,-1.0230033,-5.1993376
746,-5.1993376,0.62872436,0.55253687,-0.90518882,1.0955557,-5.1993376,0.25360621,5.1993376,5.1993376,-5.1993376,-1.1694007,1.464186,0.49213682
747,1.0230033,0.17655256,-0.7315153,0.32954771,-0.26398459,0.29660674,1.761948,5.1993376,-5.1993376,-0.65804298,-0.21363612,0.45146888,-5.1993376
748,-5.1993376,-0.0050182959,-0.1422445,0.21235277,0.17400458,-5.1993376,0.25360621,5.1993376,-5.1993376,1.8379752,0.18547963,0.85167519,1.7096712
749,-5.1993376,1.873053,-5.1993376,-1.3684503,-2.0431151,-5.1993376,0.25360621,5.1993376,5.1993376,-5.1993376,0.69910809,-1.4678604,-5.1993376
750,-5.1993376,0.5642668,-0.7315153,-0.44869228,-1.6299924,-0.1422445,-0.67055744,5.1993376,-5.1993376,-0.65804298,0.69910809,1.1140325,0.76516224
751,0.51349142,0.046435725,1.2640664,1.2075323,0.63946185,0.87535389,-0.67055744,-5.1993376,-5.1993376,0.88830934,-0.21363612,-0.17527843,-5.1993376
752,1.4181186,0.90330062,-0.7315153,-0.39384742,-0.83733836,2.0853556,-0.98765156,5.1993376,-5.1993376,-0.11441489,0.69910809,-0.17527843,0.3468171
753,-5.1993376,0.64254324,-0.47521374,-1.6590928,1.8379752,0.29660674,-1.1768904,5.1993376,-5.1993376,-5.1993376,-1.1694007,1.9858764,1.9383691
754,-5.1993376,1.5376912,-0.1422445,-0.089192496,-0.83733836,-5.1993376,0.25360621,5.1993376,-5.1993376,-0.45564031,0.69910809,-1.0230033,0.69479082
755,-5.1993376,-0.21491982,-0.1422445,1.0230033,0.97546566,0.29660674,-1.1768904,5.1993376,-5.1993376,0.79360155,-0.21363612,-0.001254569,0.60367382
756,-5.1993376,2.9375782,-0.7315153,-0.18547963,-2.0431151,-5.1993376,0.25360621,5.1993376,-5.1993376,-0.92233022,0.18547963,-1.4678604,-5.1993376
757,-5.1993376,0.47661874,-0.1422445,-0.39384742,-0.26398459,-5.1993376,0.25360621,5.1993376,5.1993376,-5.1993376,-0.60746322,-0.001254569,0.59993839
758,-5.1993376,-0.29529601,0.2239158,-0.90518882,1.6022103,1.4354772,-2.3863399,-5.1993376,-5.1993376,0.324254,-1.1694007,-0.57311539,-5.1993376
759,-5.1993376,-0.0050182959,-0.1422445,0.05146002,1.3684503,0.29660674,-1.1768904,5.1993376,-5.1993376,0.06025574,-1.1694007,-0.57311539,-5.1993376
760,-5.1993376,0.44314942,-5.1993376,-1.505747,0.63946185,0.29660674,-1.1768904,5.1993376,5.1993376,-1.0552931,-0.21363612,-0.36553148,-5.1993376
761,-5.1993376,0.046435725,-1.3617072,-0.77822491,2.1440107,0.29660674,-1.1768904,-5.1993376,-5.1993376,0.10810309,-0.60746322,-0.17527843,-5.1993376
762,-5.1993376,-1.533612,-0.1422445,-0.44869228,1.2023467,0.62109893,-1.5215251,5.1993376,-5.1993376,0.88830934,-1.1694007,1.1140325,-5.1993376
763,-5.1993376,1.5932188,0.31191914,1.123415,-0.69112102,0.62109893,-1.5215251,5.1993376,5.1993376,-0.92233022,-0.60746322,-0.79704409,-5.1993376
764,2.1079532,0.26138737,-0.43348197,-0.83912102,-0.26398459,1.7444475,0.86984634,5.1993376,5.1993376,-5.1993376,-0.60746322,-1.4678604,0.64829124
765,1.0230033,0.79360155,0.55253687,1.9264032,-0.26398459,1.0774455,-0.300542,-5.1993376,5.1993376,0.37628274,-0.21363612,1.6590928,-5.1993376
766,-5.1993376,0.88644946,0.99791966,0.71359852,-1.3219458,-0.1422445,-0.67055744,5.1993376,-5.1993376,-0.11441489,0.18547963,-0.79704409,0.21846392
767,-5.1993376,-0.24454752,1.2640664,-0.98357337,1.3684503,-5.1993376,0.25360621,-5.1993376,-5.1993376,1.2259427,-0.60746322,0.58052362,1.2480627
768,-5.1993376,0.59693534,-0.1422445,-0.34149266,-0.26398459,-0.1422445,-0.67055744,5.1993376,5.1993376,-1.0552931,0.18547963,-0.57311539,0.25231085
769,-5.1993376,-0.028859086,0.55253687,0.50492201,0.97546566,0.29660674,-1.1768904,-5.1993376,-5.1993376,0.06025574,-1.1694007,-0.001254569,-5.1993376
770,-5.1993376,0.66741904,0.55253687,0.54088248,0.97546566,-0.1422445,-0.67055744,5.1993376,5.1993376,-0.22648938,-0.60746322,1.464186,-5.1993376
771,-5.1993376,-0.11062728,0.10053459,-0.50492201,0.087932998,-0.1422445,-0.67055744,-5.1993376,-5.1993376,-1.0552931,-0.21363612,1.3494976,0.34149266
772,-5.1993376,1.4979966,1.2640664,1.2640664,-0.83733836,-5.1993376,0.25360621,5.1993376,-5.1993376,0.98969684,0.18547963,2.3863399,-5.1993376
773,1.0230033,1.1352842,0.55253687,0.36821529,-1.3219458,0.29660674,1.761948,-5.1993376,-5.1993376,-0.36017172,-0.60746322,-0.001254569,-5.1993376
774,1.4181186,0.26138737,-0.1422445,0.43900121,-1.3219458,1.4354772,-0.28091085,5.1993376,-5.1993376,-0.55985906,0.18547963,-0.17527843,0.52930109
775,-5.1993376,0.55107599,0.55253687,0.71359852,-0.26398459,-5.1993376,0.25360621,5.1993376,5.1993376,1.9105996,0.69910809,2.3076067,0.37556408
776,-5.1993376,-1.1140325,-0.7315153,-0.83912102,-0.26398459,0.87535389,-1.7986626,5.1993376,-5.1993376,-0.55985906,0.69910809,-0.17527843,-5.1993376
777,-5.1993376,-0.42660141,-0.7315153,-0.34149266,-0.26398459,-5.1993376,0.25360621,5.1993376,-5.1993376,0.48930663,1.3781138,-0.79704409,0.82317161
778,-5.1993376,-0.58498388,0.55253687,0.50492201,0.30448193,-0.1422445,-0.67055744,5.1993376,-5.1993376,-0.17018472,0.69910809,-1.2502419,-5.1993376
779,-5.1993376,0.82493339,-5.1993376,-1.505747,1.3684503,-0.1422445,-0.67055744,5.1993376,5.1993376,2.0533356,-0.60746322,0.71036555,-5.1993376
780,-5.1993376,-0.0050182959,0.55253687,0.75299744,0.63946185,-0.1422445,-0.67055744,5.1993376,5.1993376,0.4307273,0.69910809,0.14858402,0.15355348
781,0.51349142,-2.1440107,-0.43348197,-1.505747,2.1440107,0.62109893,-0.36687305,5.1993376,5.1993376,-5.1993376,-1.1694007,0.98561042,-5.1993376
782,-5.1993376,-0.3031681,-0.7315153,-0.66428721,-1.3219458,-5.1993376,0.25360621,5.1993376,5.1993376,-0.28744217,0.69910809,-0.79704409,-5.1993376
783,0.51349142,0.41563423,-0.1422445,-0.089192496,-0.26398459,0.29660674,0.25360621,5.1993376,-5.1993376,-0.22648938,0.69910809,0.85167519,-5.1993376
784,-5.1993376,0.90330062,0.55253687,0.88088812,0.63946185,-5.1993376,0.25360621,5.1993376,-5.1993376,0.7413876,0.69910809,-0.79704409,0.22906446
785,-5.1993376,0.26138737,0.55253687,1.7055704,0.97546566,-5.1993376,0.25360621,-5.1993376,-5.1993376,-0.78332986,-0.21363612,-0.79704409,-5.1993376
786,-5.1993376,-0.72660581,0.2239158,0.21235277,-1.3219458,-5.1993376,0.25360621,5.1993376,5.1993376,0.88830934,0.69910809,-0.57311539,-5.1993376
787,-5.1993376,0.095492152,-0.1422445,-1.3684503,1.8379752,1.0774455,-1.994971,-5.1993376,5.1993376,-5.1993376,-1.1694007,-0.57311539,-5.1993376
788,-5.1993376,-0.50777433,-0.7315153,-0.18547963,0.63946185,-5.1993376,0.25360621,5.1993376,-5.1993376,0.60897269,1.3781138,-0.57311539,-5.1993376
789,-5.1993376,0.046435725,-5.1993376,-0.83912102,0.63946185,-5.1993376,0.25360621,5.1993376,5.1993376,-0.92233022,1.3781138,-1.4678604,-5.1993376
790,-5.1993376,0.31105902,0.2239158,0.61199579,0.087932998,0.62109893,-1.5215251,5.1993376,5.1993376,0.90897492,0.69910809,0.14858402,1.3274212
791,-5.1993376,2.1566294,-0.48083942,-0.29005812,-0.26398459,-5.1993376,0.25360621,5.1993376,5.1993376,-5.1993376,-0.21363612,-0.79704409,-5.1993376
792,-5.1993376,1.0640914,-0.1422445,0.13337869,2.1440107,-5.1993376,0.25360621,5.1993376,5.1993376,-0.92233022,-1.1694007,-1.873053,-5.1993376
793,-5.1993376,0.79360155,-5.1993376,-0.56279634,0.97546566,-5.1993376,0.25360621,5.1993376,5.1993376,-5.1993376,-0.21363612,-0.17527843,-5.1993376
794,-5.1993376,-0.57755653,-0.7315153,-0.089192496,1.3684503,-0.1422445,-0.67055744,5.1993376,5.1993376,0.56132709,-1.1694007,-1.2502419,-5.1993376
795,-5.1993376,1.1117021,-0.7315153,-0.56279634,-0.26398459,0.29660674,-1.1768904,5.1993376,5.1993376,-5.1993376,0.69910809,-1.4678604,-5.1993376
796,0.51349142,0.953493,-0.1422445,0.0062728847,-0.26398459,-0.1422445,1.2447784,5.1993376,-5.1993376,1.4079051,0.18547963,1.2339616,-5.1993376
797,-5.1993376,-1.0336468,0.55253687,0.57607489,0.63946185,-0.1422445,-0.67055744,5.1993376,5.1993376,-5.1993376,0.69910809,1.5669896,0.32028968
798,-5.1993376,1.1946284,-1.1644437,-0.77822491,2.1440107,0.87535389,-1.7986626,5.1993376,5.1993376,0.18165198,-1.1694007,-1.2502419,-5.1993376
799,-5.1993376,-0.72171378,-0.1422445,0.43900121,1.6022103,-0.1422445,-0.67055744,5.1993376,-5.1993376,0.79360155,-0.60746322,-0.17527843,-5.1993376
800,1.7679033,0.55107599,-0.7315153,-0.041412601,-0.69112102,1.0774455,1.5542696,5.1993376,-5.1993376,1.8114574,2.1196682,0.98561042,-5.1993376
801,0.51349142,-0.80569207,0.55253687,1.057485,0.63946185,-0.1422445,1.2447784,5.1993376,5.1993376,0.0062728847,1.3781138,0.71036555,-5.1993376
802,-5.1993376,1.2286069,-0.7315153,-0.18547963,-0.83733836,-0.1422445,-0.67055744,5.1993376,-5.1993376,-0.65804298,0.69910809,-0.001254569,-5.1993376
803,0.51349142,-0.84448508,-0.1422445,-0.72008693,-1.3219458,0.29660674,0.25360621,5.1993376,5.1993376,1.2668604,0.69910809,-0.79704409,-5.1993376
804,-5.1993376,1.3557612,1.2640664,0.57607489,-0.83733836,-5.1993376,0.25360621,5.1993376,5.1993376,0.60897269,-0.21363612,-0.17527843,-5.1993376
805,-5.1993376,-1.1140325,-0.1422445,0.25360621,-0.26398459,-0.1422445,-0.67055744,5.1993376,-5.1993376,-1.0552931,0.69910809,-0.36553148,1.4929013
806,-5.1993376,0.20209835,0.91087287,0.50492201,-0.26398459,-5.1993376,0.25360621,-5.1993376,-5.1993376,2.4224696,0.69910809,0.71036555,-5.1993376
807,0.51349142,0.95943959,-0.7315153,-1.144896,-2.0431151,0.62109893,-0.36687305,-5.1993376,5.1993376,0.0062728847,-1.1694007,-0.57311539,-5.1993376
808,1.7679033,1.1869807,1.649237,1.533612,-0.69112102,0.87535389,2.5423492,-5.1993376,5.1993376,-5.1993376,-0.21363612,0.98561042,-5.1993376
809,0.51349142,-1.1140325,-0.1422445,0.21235277,-0.69112102,-0.1422445,1.2447784,5.1993376,-5.1993376,0.37628274,0.69910809,1.1140325,-5.1993376
810,0.51349142,-0.96142934,-0.1422445,0.68001258,0.30448193,1.2612822,-1.1768904,5.1993376,-5.1993376,0.06025574,-0.21363612,-0.17527843,-5.1993376
811,-5.1993376,0.22648938,-1.1644437,-0.66428721,1.3684503,-5.1993376,0.25360621,5.1993376,5.1993376,0.06025574,-0.60746322,0.58052362,0.15564783
812,0.51349142,0.20722283,-0.1422445,-0.18547963,0.63946185,0.29660674,0.25360621,5.1993376,5.1993376,0.06025574,-0.60746322,-0.79704409,0.26340697
813,-5.1993376,-0.50777433,-5.1993376,-0.83912102,0.63946185,-5.1993376,0.25360621,5.1993376,-5.1993376,-0.11441489,0.69910809,-1.0230033,1.3774174
814,0.51349142,0.90330062,-0.7315153,-0.44869228,-0.26398459,-0.1422445,1.2447784,5.1993376,-5.1993376,-0.55985906,-0.21363612,0.58052362,-5.1993376
815,-5.1993376,1.4903351,1.0841952,1.7330708,-0.97143575,-5.1993376,0.25360621,5.1993376,5.1993376,-0.36017172,0.69910809,-0.57311539,-5.1993376
816,-5.1993376,-0.11062728,1.2640664,1.7679033,0.087932998,-0.1422445,-0.67055744,-5.1993376,-5.1993376,-0.92233022,-0.21363612,-1.0230033,0.37897732
817,1.4181186,1.6691125,-0.7315153,-0.089192496,-1.0819398,0.87535389,1.2447784,5.1993376,5.1993376,-5.1993376,0.18547963,-1.2502419,-5.1993376
818,1.4181186,-0.74635093,-1.1644437,0.05146002,1.2023467,1.5843543,-0.36687305,5.1993376,5.1993376,1.9264032,-0.60746322,0.58052362,-5.1993376
819,1.0230033,-1.057485,-5.1993376,-0.72008693,1.6022103,0.62109893,0.96142934,5.1993376,-5.1993376,0.22262957,-0.60746322,-0.001254569,-5.1993376
820,-5.1993376,-0.13591068,-0.1422445,-0.34149266,-0.26398459,-5.1993376,0.25360621,5.1993376,-5.1993376,1.6443685,-0.21363612,0.45146888,0.70073587
821,2.1079532,0.55107599,-0.1422445,-0.13591068,-0.69112102,1.2612822,1.761948,5.1993376,-5.1993376,1.9264032,0.69910809,1.1140325,-5.1993376
822,-5.1993376,-0.42660141,0.91087287,1.2366522,-0.69112102,0.29660674,-1.1768904,-5.1993376,5.1993376,-0.65804298,0.69910809,-0.17527843,-5.1993376
823,-5.1993376,1.199766,-0.7315153,-0.56279634,-1.3219458,-5.1993376,0.25360621,5.1993376,5.1993376,0.64100179,0.69910809,0.58052362,1.280198
824,-5.1993376,0.43210422,-0.1422445,-0.089192496,-0.69112102,-5.1993376,0.25360621,-5.1993376,-5.1993376,1.7055704,0.69910809,2.5117912,0.22602198
825,0.51349142,-0.42660141,-0.7315153,0.47100434,-0.26398459,-0.1422445,1.2447784,5.1993376,-5.1993376,0.72334253,0.18547963,-0.36553148,-5.1993376
826,-5.1993376,0.095492152,-0.1422445,0.05146002,-1.0819398,-5.1993376,0.25360621,5.1993376,-5.1993376,-0.17018472,0.18547963,1.3494976,-5.1993376
827,0.51349142,-0.55253687,-0.7315153,0.092971849,1.8877534,1.8803524,-1.7986626,5.1993376,5.1993376,0.82846465,-1.1694007,-0.57311539,-5.1993376
828,-5.1993376,1.9028735,0.55253687,-0.44869228,-1.3219458,-5.1993376,0.25360621,-5.1993376,5.1993376,-0.17018472,-0.60746322,0.45146888,-5.1993376
829,-5.1993376,1.3249577,0.2239158,0.57607489,-1.7219141,-0.1422445,-0.67055744,5.1993376,-5.1993376,0.22262957,-0.21363612,-0.17527843,0.41798746
830,1.4181186,-0.27439149,1.401177,2.8354122,0.087932998,1.0774455,0.89765526,-5.1993376,5.1993376,-5.1993376,-0.60746322,0.29922973,-5.1993376
831,-5.1993376,-0.13591068,-0.7315153,-0.39384742,0.17400458,0.29660674,-1.1768904,5.1993376,5.1993376,-5.1993376,0.18547963,0.58052362,0.68476299
832,-5.1993376,-1.1140325,-0.1422445,-0.29005812,0.63946185,-5.1993376,0.25360621,5.1993376,5.1993376,-0.17018472,0.69910809,-2.4320167,-5.1993376
833,-5.1993376,-0.42660141,-0.1422445,0.13337869,-0.26398459,-5.1993376,0.25360621,-5.1993376,5.1993376,-5.1993376,0.69910809,-1.873053,-5.1993376
834,-5.1993376,-0.55253687,-1.1644437,-0.56279634,-0.69112102,0.29660674,-1.1768904,5.1993376,5.1993376,-0.36017172,1.3781138,-0.17527843,1.1297789
835,1.0230033,-0.067798615,0.55253687,1.8952593,-0.26398459,2.6689068,-2.1279927,-5.1993376,-5.1993376,-0.45564031,-0.21363612,0.71036555,0.28501869
836,1.7679033,1.1187114,2.0965206,2.7924863,-0.26398459,1.5843543,0.25360621,5.1993376,5.1993376,0.79360155,0.18547963,0.98561042,1.0315088
837,0.51349142,-0.046435725,-0.1422445,0.78845531,0.087932998,0.29660674,0.25360621,5.1993376,-5.1993376,0.77314015,0.18547963,-0.17527843,0.60792462
838,0.51349142,0.73315571,0.2239158,0.50492201,-1.3219458,-0.1422445,1.2447784,-5.1993376,-5.1993376,0.79360155,0.69910809,1.5669896,0.55985906
839,1.4181186,0.056485615,0.55253687,0.78845531,-0.83733836,1.2612822,0.25360621,5.1993376,5.1993376,0.29791798,-0.60746322,0.71036555,0.515558
840,1.4181186,-0.21491982,2.1968939,0.32954771,0.63946185,0.62109893,2.1696941,-5.1993376,5.1993376,0.72334253,-1.1694007,-0.17527843,0.51177454
841,0.51349142,1.3340661,2.0965206,0.32954771,-1.0819398,0.62109893,-0.36687305,5.1993376,5.1993376,-5.1993376,-0.21363612,0.29922973,0.79980977
842,0.51349142,0.20209835,-1.1644437,-0.56279634,2.1440107,2.0853556,-1.994971,5.1993376,5.1993376,-0.053972647,-1.1694007,-0.17527843,-5.1993376
843,0.51349142,2.4197448,1.649237,1.3879077,-2.6965111,-0.1422445,1.2447784,5.1993376,-5.1993376,2.1196682,1.3781138,1.2339616,-5.1993376
844,-5.1993376,-0.28482819,2.0965206,1.123415,0.17400458,-5.1993376,0.25360621,-5.1993376,-5.1993376,-0.55985906,-1.1694007,0.71036555,1.8269913
845,-5.1993376,1.3716572,0.55253687,0.57607489,0.17400458,0.29660674,-1.1768904,5.1993376,5.1993376,-0.65804298,0.69910809,-0.79704409,1.1248274
846,-5.1993376,1.7330708,0.55253687,0.88088812,-1.6299924,-5.1993376,0.25360621,5.1993376,-5.1993376,-0.22648938,0.69910809,0.14858402,0.99774288
847,1.4181186,-0.74635093,-0.1422445,0.32954771,-0.26398459,0.62109893,2.1696941,5.1993376,-5.1993376,-1.0552931,0.69910809,0.14858402,-5.1993376
848,1.0230033,0.23938016,2.4320167,2.456904,-0.69112102,1.4354772,-0.67055744,5.1993376,-5.1993376,0.37628274,0.69910809,-0.001254569,0.19192122
849,-5.1993376,-0.97143575,0.55253687,0.71359852,-0.26398459,-5.1993376,0.25360621,5.1993376,5.1993376,-5.1993376,0.69910809,0.45146888,-5.1993376
850,1.0230033,0.66741904,-0.1422445,-0.13591068,-0.83733836,0.62109893,0.96142934,5.1993376,5.1993376,-1.0552931,0.18547963,-2.1079532,0.54670039
851,0.51349142,-1.2529876,-0.43348197,-0.089192496,0.087932998,1.2612822,-1.1768904,-5.1993376,-5.1993376,-0.45564031,-1.1694007,-0.57311539,-5.1993376
852,-5.1993376,0.90330062,0.55253687,0.29267606,-0.26398459,-5.1993376,0.25360621,5.1993376,-5.1993376,0.0062728847,0.69910809,-1.4678604,0.54329641
853,-5.1993376,-0.80569207,-0.1422445,0.092971849,-0.26398459,-5.1993376,0.25360621,5.1993376,-5.1993376,0.29791798,1.3781138,0.45146888,-5.1993376
854,-5.1993376,0.82493339,0.2239158,0.57607489,0.17400458,-5.1993376,0.25360621,5.1993376,-5.1993376,0.98969684,0.18547963,-0.17527843,-5.1993376
855,0.51349142,-0.42660141,1.649237,1.7055704,-0.97143575,0.29660674,0.25360621,5.1993376,-5.1993376,-0.053972647,0.69910809,0.58052362,0.64697665
856,-5.1993376,-1.1964194,-0.1422445,0.0062728847,0.63946185,0.29660674,-1.1768904,5.1993376,-5.1993376,-0.55985906,0.69910809,0.14858402,-5.1993376
857,1.7679033,0.88644946,0.91087287,0.17400458,-1.7219141,0.87535389,2.5423492,5.1993376,-5.1993376,2.2567448,2.1196682,1.2339616,1.9978767
858,-5.1993376,-1.3186747,-0.7315153,-1.6590928,0.63946185,-5.1993376,0.25360621,5.1993376,5.1993376,-5.1993376,0.18547963,1.464186,-5.1993376
859,0.51349142,1.3159579,-0.43348197,0.092971849,-1.0819398,0.29660674,0.25360621,5.1993376,-5.1993376,1.5627215,0.18547963,0.14858402,0.26827913
860,-5.1993376,0.33485067,0.55253687,0.17400458,0.63946185,-5.1993376,0.25360621,5.1993376,-5.1993376,0.98969684,0.18547963,-0.57311539,0.70875186
861,-5.1993376,0.39520352,-0.1422445,-0.98357337,1.6022103,-5.1993376,0.25360621,-5.1993376,5.1993376,-5.1993376,-1.1694007,0.14858402,-5.1993376
862,-5.1993376,-0.99585764,-0.1422445,-0.13591068,0.63946185,-5.1993376,0.25360621,5.1993376,-5.1993376,1.0978448,0.69910809,-1.6691125,-5.1993376
863,-5.1993376,-0.50777433,-0.7315153,-0.23808933,0.97546566,-5.1993376,0.25360621,5.1993376,5.1993376,0.68159434,0.18547963,2.3863399,0.17336776
864,1.4181186,0.42385485,-0.1422445,-0.13591068,0.40471681,0.62109893,2.1696941,5.1993376,-5.1993376,-0.36017172,0.18547963,0.14858402,-5.1993376
865,0.51349142,-1.0013826,-0.7315153,-0.72008693,1.3684503,0.29660674,0.25360621,5.1993376,-5.1993376,-0.92233022,-0.60746322,0.85167519,-5.1993376
866,2.1079532,0.76639141,-5.1993376,-0.90518882,-0.26398459,1.4354772,1.2447784,5.1993376,-5.1993376,0.34948301,0.69910809,-0.36553148,0.42248277
867,-5.1993376,0.26138737,-5.1993376,-0.98357337,0.97546566,-0.1422445,-0.67055744,5.1993376,5.1993376,-0.45564031,-0.60746322,-0.36553148,-5.1993376
868,-5.1993376,0.83023416,-0.7315153,-0.18547963,0.63946185,-5.1993376,0.25360621,-5.1993376,-5.1993376,-0.45564031,1.3781138,0.14858402,0.2085048
869,1.4181186,0.17655256,-0.43348197,-0.18547963,-0.26398459,1.2612822,0.25360621,5.1993376,-5.1993376,0.79360155,-0.60746322,-0.17527843,0.5353282
870,-5.1993376,0.21620388,1.0841952,0.91467864,0.63946185,-5.1993376,0.25360621,-5.1993376,5.1993376,0.0062728847,-0.21363612,0.14858402,1.2127505
871,-5.1993376,0.17655256,0.55253687,0.68001258,-1.3219458,-5.1993376,0.25360621,5.1993376,-5.1993376,0.65804298,0.69910809,-0.36553148,-5.1993376
872,-5.1993376,1.4752694,-1.1644437,-0.90518882,0.63946185,-5.1993376,0.25360621,5.1993376,5.1993376,-5.1993376,0.69910809,-2.1079532,-5.1993376
873,-5.1993376,2.0533356,-0.1422445,-0.041412601,-0.26398459,-5.1993376,0.25360621,5.1993376,-5.1993376,-0.92233022,0.69910809,0.71036555,-5.1993376
874,-5.1993376,1.1644437,-0.1422445,-0.089192496,-0.26398459,-5.1993376,0.25360621,5.1993376,5.1993376,-0.65804298,-0.60746322,1.2339616,-5.1993376
875,0.51349142,-0.29529601,0.31764959,1.4568958,-0.26398459,0.29660674,0.25360621,-5.1993376,-5.1993376,1.2982711,-0.60746322,0.98561042,1.8583203
876,1.4181186,-0.63025382,-0.1422445,-0.72008693,1.3684503,0.62109893,2.1696941,5.1993376,5.1993376,0.56132709,-0.60746322,0.29922973,1.7168175
877,-5.1993376,-0.84448508,-0.7315153,-0.44869228,0.63946185,-5.1993376,0.25360621,5.1993376,-5.1993376,0.84090635,1.3781138,0.85167519,-5.1993376
878,0.51349142,0.0075274833,0.55253687,0.40607882,-0.69112102,0.87535389,-0.67055744,5.1993376,-5.1993376,-0.053972647,1.3781138,-1.0230033,-5.1993376
879,1.0230033,1.3716572,-0.1422445,0.29267606,-0.69112102,0.62109893,0.96142934,-5.1993376,-5.1993376,-0.053972647,0.18547963,-1.0230033,0.23164106
880,0.51349142,-0.85167519,0.55253687,0.29267606,1.2023467,-0.1422445,1.2447784,5.1993376,-5.1993376,1.1163689,-0.60746322,0.58052362,0.32028968
881,-5.1993376,-1.1140325,-1.1644437,-0.83912102,0.63946185,-5.1993376,0.25360621,5.1993376,5.1993376,1.0444088,-0.60746322,-0.36553148,1.29281
882,-5.1993376,0.27699782,-0.1422445,-0.23808933,-0.26398459,-5.1993376,0.25360621,5.1993376,5.1993376,0.68159434,-1.1694007,-0.57311539,0.43791478
883,-5.1993376,-0.28482819,-0.7315153,-0.66428721,-1.3219458,0.29660674,-1.1768904,5.1993376,5.1993376,0.22262957,0.69910809,1.3494976,0.38167465
884,0.51349142,1.0487476,-0.43348197,-0.77822491,-1.3219458,0.29660674,0.25360621,5.1993376,-5.1993376,1.5756126,0.18547963,-0.36553148,1.2648409
885,0.51349142,1.5459273,0.55253687,0.64872442,-1.3219458,1.2612822,-1.1768904,5.1993376,5.1993376,0.64100179,0.69910809,0.85167519,-5.1993376
886,0.51349142,-0.67527746,-1.1644437,-0.66428721,1.2023467,1.0774455,-0.98765156,-5.1993376,-5.1993376,0.58796385,-1.1694007,-0.79704409,-5.1993376
887,-5.1993376,0.087932998,-0.47605663,0.092971849,0.63946185,-5.1993376,0.25360621,5.1993376,5.1993376,-0.65804298,-0.60746322,0.45146888,0.27482575
888,-5.1993376,-1.2339616,-0.1422445,-1.6590928,1.2023467,0.29660674,-1.1768904,-5.1993376,5.1993376,-5.1993376,-5.1993376,0.29922973,1.6896701
889,0.51349142,-0.71359852,0.91087287,1.4181186,0.17400458,0.62109893,-0.36687305,5.1993376,-5.1993376,-0.78332986,-0.21363612,1.3494976,0.17731677
890,-5.1993376,-0.34415366,-0.1422445,0.25360621,-1.3219458,-5.1993376,0.25360621,-5.1993376,-5.1993376,-1.0552931,1.3781138,-0.17527843,-5.1993376
891,1.7679033,0.58498388,1.2640664,0.71359852,-0.26398459,1.0774455,1.5542696,-5.1993376,5.1993376,0.68159434,1.3781138,0.71036555,0.59706378
892,-5.1993376,-1.7274656,-5.1993376,-1.144896,1.3684503,-0.1422445,-0.67055744,5.1993376,-5.1993376,0.18165198,-0.21363612,-0.001254569,0.65180505
893,-5.1993376,1.3159579,1.649237,2.3042291,-0.26398459,-5.1993376,0.25360621,-5.1993376,-5.1993376,1.1163689,-0.60746322,0.29922973,0.80724286
894,-5.1993376,0.025094008,1.2640664,1.6640817,-0.26398459,-5.1993376,0.25360621,5.1993376,-5.1993376,0.10810309,-0.21363612,0.45146888,-5.1993376
895,-5.1993376,1.2982711,-0.1422445,-0.44869228,-0.97143575,-5.1993376,0.25360621,5.1993376,-5.1993376,-0.45564031,0.69910809,0.14858402,0.36888665
896,1.0230033,-1.1905774,1.649237,2.7541613,0.63946185,0.62109893,0.96142934,-5.1993376,5.1993376,0.60897269,-0.21363612,1.3494976,1.1183614
897,1.7679033,-0.11062728,-0.1422445,0.21235277,0.63946185,1.9858764,-0.41426686,-5.1993376,5.1993376,-5.1993376,-0.60746322,0.71036555,0.18695855
898,-5.1993376,0.49638952,-0.1422445,0.17400458,-0.26398459,-5.1993376,0.25360621,-5.1993376,5.1993376,-0.11441489,1.3781138,-1.0230033,0.77058079
899,-5.1993376,2.1258705,-1.0357896,-1.2529876,-0.26398459,-5.1993376,0.25360621,-5.1993376,5.1993376,-5.1993376,-0.60746322,-0.57311539,-5.1993376
900,1.0230033,0.39520352,0.11820414,-0.83912102,-2.0431151,0.62109893,0.96142934,5.1993376,5.1993376,0.88830934,1.3781138,-0.17527843,0.36198412
901,-5.1993376,1.0336468,0.55253687,-0.29005812,-0.97143575,-0.1422445,-0.67055744,5.1993376,5.1993376,0.22262957,-0.60746322,-0.001254569,-5.1993376
902,0.51349142,-0.87904038,-0.7315153,-1.2529876,1.6022103,1.4354772,-1.3846283,5.1993376,-5.1993376,-0.55985906,-1.1694007,-0.36553148,-5.1993376
903,1.0230033,-0.66116187,0.55253687,0.36821529,-0.26398459,0.62109893,0.96142934,5.1993376,-5.1993376,0.68159434,-1.1694007,0.71036555,0.82317161
904,-5.1993376,0.73315571,-0.7315153,-1.2529876,0.63946185,-5.1993376,0.25360621,5.1993376,-5.1993376,0.51635627,0.18547963,-0.001254569,-5.1993376
905,-5.1993376,-0.75466427,-0.1422445,0.21235277,-0.69112102,-0.1422445,-0.67055744,5.1993376,-5.1993376,-0.17018472,0.69910809,0.45146888,0.55027995
906,1.0230033,-0.20081806,0.55253687,-0.77822491,2.1440107,1.9858764,-1.3716572,-5.1993376,-5.1993376,-0.45564031,-1.1694007,0.29922973,-5.1993376
907,0.51349142,0.59693534,1.649237,2.0331038,0.17400458,0.87535389,-0.67055744,-5.1993376,-5.1993376,1.2259427,0.69910809,-0.17527843,-5.1993376
908,-5.1993376,0.89335445,1.649237,2.0331038,-1.6299924,0.62109893,-1.5215251,5.1993376,-5.1993376,1.3846283,0.69910809,0.29922973,-5.1993376
909,-5.1993376,0.13464458,-0.1422445,-1.144896,0.63946185,-0.1422445,-0.67055744,5.1993376,-5.1993376,-0.78332986,0.18547963,-1.2502419,0.23938016
910,1.0230033,-0.046435725,-0.1422445,0.75299744,-0.26398459,0.62109893,0.96142934,-5.1993376,5.1993376,0.18165198,-0.21363612,0.45146888,0.62922958
911,-5.1993376,0.13464458,1.0841952,1.7679033,0.17400458,-5.1993376,0.25360621,-5.1993376,-5.1993376,1.1946284,-0.21363612,-0.001254569,-5.1993376
912,-5.1993376,-0.32557657,-0.7315153,-0.23808933,0.63946185,-5.1993376,0.25360621,5.1993376,5.1993376,-5.1993376,0.69910809,-1.4678604,-5.1993376
913,1.4181186,-0.26268576,-0.7315153,-1.144896,1.6022103,1.5843543,-0.36687305,-5.1993376,5.1993376,0.93779777,-5.1993376,0.71036555,1.5843543
914,0.51349142,-0.59393954,-0.1422445,-0.29005812,2.1440107,-0.1422445,1.2447784,5.1993376,5.1993376,0.10810309,-1.1694007,-0.79704409,-5.1993376
915,-5.1993376,1.4532796,1.2640664,2.1316816,-1.3219458,-5.1993376,0.25360621,5.1993376,-5.1993376,0.82846465,1.3781138,-1.6691125,1.6231711
916,1.0230033,-0.97143575,-5.1993376,-1.059682,0.63946185,0.62109893,0.96142934,5.1993376,-5.1993376,-0.55985906,1.3781138,-0.001254569,-5.1993376
917,-5.1993376,-0.26268576,-0.1422445,-0.56279634,-0.26398459,-0.1422445,-0.67055744,5.1993376,5.1993376,0.62566982,1.3781138,-0.57311539,-5.1993376
918,-5.1993376,-0.12705243,-0.7315153,-0.56279634,0.17400458,-0.1422445,-0.67055744,5.1993376,5.1993376,0.40471681,1.3781138,0.98561042,-5.1993376
919,0.51349142,-1.8803524,-0.7315153,-1.3684503,1.6022103,0.87535389,-0.67055744,5.1993376,5.1993376,-0.36017172,-1.1694007,-0.79704409,-5.1993376
920,-5.1993376,1.2502419,-0.7315153,-0.29005812,-0.83733836,-5.1993376,0.25360621,5.1993376,5.1993376,-5.1993376,0.69910809,1.3494976,-5.1993376
921,-5.1993376,-1.5712865,-5.1993376,-1.059682,-2.0431151,-5.1993376,0.25360621,5.1993376,-5.1993376,0.82846465,1.3781138,-0.57311539,-5.1993376
922,-5.1993376,0.072829316,1.1794018,1.6640817,-0.26398459,0.29660674,-1.1768904,-5.1993376,-5.1993376,-0.78332986,-0.21363612,-0.57311539,-5.1993376
923,0.51349142,-0.17018472,1.2640664,1.8448108,-0.97143575,-0.1422445,1.2447784,5.1993376,5.1993376,0.8570968,2.1196682,1.5669896,-5.1993376
924,-5.1993376,-1.2251579,-0.7315153,-0.089192496,0.63946185,-5.1993376,0.25360621,5.1993376,-5.1993376,0.51635627,1.3781138,0.29922973,-5.1993376
925,-5.1993376,2.2111272,0.55253687,0.71359852,-0.26398459,-5.1993376,0.25360621,5.1993376,5.1993376,-5.1993376,0.69910809,1.2339616,-5.1993376
926,-5.1993376,-0.6150245,1.1659278,1.358913,-0.97143575,-5.1993376,0.25360621,-5.1993376,-5.1993376,-0.22648938,0.69910809,-0.57311539,0.60367382
927,0.51349142,-0.0050182959,-5.1993376,-1.505747,0.17400458,-0.1422445,1.2447784,5.1993376,-5.1993376,-0.92233022,-0.60746322,-1.4678604,0.9011454
928,1.0230033,-1.3026546,-1.1644437,-1.3684503,2.1440107,1.0774455,-0.300542,-5.1993376,5.1993376,-1.0552931,-1.1694007,0.58052362,1.4293415
929,-5.1993376,-1.4827602,-0.1422445,-0.44869228,-0.26398459,-5.1993376,0.25360621,-5.1993376,-5.1993376,0.98969684,0.69910809,1.3494976,-5.1993376
930,-5.1993376,0.64254324,-5.1993376,-1.6590928,0.63946185,-5.1993376,0.25360621,5.1993376,5.1993376,-5.1993376,-5.1993376,5.1993376,-5.1993376
931,-5.1993376,0.14731565,-0.7315153,-0.98357337,-0.26398459,0.87535389,-1.7986626,5.1993376,-5.1993376,0.7413876,-1.1694007,-0.17527843,-5.1993376
932,-5.1993376,-0.53653104,-0.1422445,-1.2529876,0.97546566,-5.1993376,0.25360621,5.1993376,5.1993376,-5.1993376,-1.1694007,1.3494976,-5.1993376
933,-5.1993376,-0.50777433,0.55253687,0.64872442,-0.26398459,0.29660674,-1.1768904,5.1993376,-5.1993376,1.8952593,-1.1694007,1.2339616,1.872846
934,-5.1993376,-0.78674453,-0.7315153,0.05146002,0.30448193,-0.1422445,-0.67055744,5.1993376,5.1993376,0.79360155,1.3781138,1.2339616,1.2127505
935,-5.1993376,0.42385485,0.55253687,-0.39384742,-0.26398459,-5.1993376,0.25360621,-5.1993376,-5.1993376,-0.28744217,0.18547963,-0.57311539,0.65180505
936,-5.1993376,0.8552868,-0.1422445,1.0230033,-0.26398459,0.62109893,-1.5215251,5.1993376,-5.1993376,-0.65804298,-0.60746322,0.71036555,-5.1993376
937,2.483413,0.035135151,0.2239158,0.13337869,0.087932998,2.8778461,-1.0145711,-5.1993376,-5.1993376,0.64100179,1.3781138,0.29922973,1.7804016
938,-5.1993376,-0.095492152,0.55253687,-0.98357337,-0.69112102,1.7444475,-2.651732,-5.1993376,-5.1993376,-0.28744217,-1.1694007,-1.0230033,0.5283392
939,-5.1993376,0.40335554,-0.7315153,-0.39384742,-1.3219458,-5.1993376,0.25360621,5.1993376,-5.1993376,0.45842568,1.3781138,1.464186,-5.1993376
940,-5.1993376,-0.63792343,0.91087287,0.47100434,0.30448193,0.62109893,-1.5215251,-5.1993376,-5.1993376,-0.36017172,-1.1694007,-0.36553148,-5.1993376
941,-5.1993376,-0.33617787,-5.1993376,-0.39384742,1.3684503,-5.1993376,0.25360621,5.1993376,5.1993376,1.0978448,-0.60746322,-0.17527843,-5.1993376
942,1.0230033,-0.64408623,0.55253687,0.092971849,1.3684503,1.5843543,-0.95943959,5.1993376,5.1993376,-5.1993376,-0.21363612,-0.001254569,0.37424846
943,2.483413,-0.53653104,-1.3432866,-0.6150245,0.40471681,2.5754833,-0.94561627,5.1993376,5.1993376,0.86801634,-1.1694007,0.29922973,0.98765156
944,1.0230033,0.7152178,1.0841952,1.4568958,-0.26398459,1.2612822,-0.42385485,5.1993376,5.1993376,0.0062728847,-0.21363612,-1.2502419,-5.1993376
945,-5.1993376,-0.24454752,-5.1993376,-1.505747,0.63946185,-5.1993376,0.25360621,5.1993376,-5.1993376,1.2668604,0.18547963,-1.4678604,0.73973722
946,1.7679033,-1.1140325,0.91087287,1.0230033,-0.97143575,1.5843543,0.25360621,5.1993376,-5.1993376,0.37628274,0.18547963,0.14858402,1.6433444
947,-5.1993376,-0.60595514,-0.1422445,0.092971849,-0.26398459,-0.1422445,-0.67055744,5.1993376,5.1993376,-0.78332986,0.69910809,-1.6691125,-5.1993376
948,0.51349142,-1.1140325,0.55253687,0.40607882,0.17400458,0.29660674,0.25360621,-5.1993376,-5.1993376,0.45842568,0.69910809,-2.4320167,-5.1993376
949,1.0230033,1.1047469,1.401177,1.2895781,-0.83733836,0.87535389,0.25360621,-5.1993376,-5.1993376,1.2259427,0.69910809,1.2339616,1.6486266
950,-5.1993376,-0.21491982,1.649237,2.2410162,-0.26398459,-5.1993376,0.25360621,5.1993376,5.1993376,-0.053972647,0.69910809,1.464186,-5.1993376
951,1.0230033,0.10557959,1.649237,1.873053,-0.26398459,0.62109893,0.96142934,5.1993376,5.1993376,-0.053972647,0.18547963,0.58052362,0.19147658
952,-5.1993376,-5.1993376,-0.7315153,-1.3684503,1.6022103,-5.1993376,0.25360621,5.1993376,5.1993376,-5.1993376,-5.1993376,-1.4678604,-5.1993376
953,-5.1993376,-0.42660141,-0.1422445,0.05146002,-0.26398459,-5.1993376,0.25360621,5.1993376,5.1993376,-5.1993376,0.69910809,1.464186,0.3485941
954,-5.1993376,0.14731565,-0.7315153,-0.18547963,-0.26398459,-0.1422445,-0.67055744,5.1993376,-5.1993376,0.60897269,-0.21363612,-0.001254569,0.32028968
955,-5.1993376,0.13464458,-0.1422445,-0.13591068,-0.26398459,-5.1993376,0.25360621,5.1993376,-5.1993376,0.48930663,0.18547963,-1.6691125,-5.1993376
956,-5.1993376,-0.42660141,-0.7315153,-0.50492201,0.40471681,-5.1993376,0.25360621,5.1993376,-5.1993376,-0.92233022,0.69910809,-2.4320167,-5.1993376
957,-5.1993376,-0.42660141,-0.7315153,-0.98357337,0.63946185,-5.1993376,0.25360621,5.1993376,-5.1993376,-0.17018472,0.69910809,0.14858402,-5.1993376
958,0.51349142,-0.42660141,1.0841952,1.3249577,0.30448193,0.29660674,0.25360621,5.1993376,-5.1993376,-0.28744217,0.69910809,-0.79704409,0.49213682
959,1.4181186,-1.5376912,-0.7315153,-1.3684503,1.2023467,0.87535389,1.2447784,5.1993376,-5.1993376,0.7413876,-1.1694007,0.45146888,1.5069285
960,-5.1993376,-0.96142934,0.55253687,0.36821529,0.17400458,-0.1422445,-0.67055744,-5.1993376,-5.1993376,0.29791798,-0.21363612,1.5669896,0.58505313
961,-5.1993376,-0.83200627,1.2640664,1.4568958,-0.26398459,0.29660674,-1.1768904,-5.1993376,-5.1993376,1.6541448,0.69910809,1.1140325,2.150995
962,0.51349142,-0.13591068,0.11820414,-0.23808933,0.97546566,1.5843543,-1.5215251,5.1993376,5.1993376,0.0062728847,-0.60746322,-0.17527843,-5.1993376
963,-5.1993376,-0.42660141,-0.1422445,0.21235277,-0.26398459,-5.1993376,0.25360621,5.1993376,5.1993376,-5.1993376,0.69910809,0.58052362,2.1296857
964,-5.1993376,0.27699782,0.55253687,-0.34149266,1.6022103,-0.1422445,-0.67055744,-5.1993376,-5.1993376,0.51635627,-0.60746322,-1.0230033,-5.1993376
965,0.51349142,-0.42660141,-0.1422445,0.13337869,-0.69112102,-0.1422445,1.2447784,5.1993376,5.1993376,0.60897269,1.3781138,-1.0230033,-5.1993376
966,-5.1993376,1.8245559,1.0841952,0.98561042,-2.3259725,-5.1993376,0.25360621,5.1993376,-5.1993376,0.75800423,2.1196682,-0.17527843,1.7507766
967,-5.1993376,0.55107599,-0.7315153,-0.29005812,-1.3219458,-5.1993376,0.25360621,5.1993376,5.1993376,-5.1993376,0.69910809,-1.6691125,-5.1993376
968,-5.1993376,-0.42660141,0.55253687,1.0230033,0.17400458,-5.1993376,0.25360621,5.1993376,-5.1993376,0.72334253,1.3781138,-0.17527843,0.82317161
969,1.4181186,-1.3978365,0.14125275,-0.83912102,1.6022103,1.5843543,-0.36687305,5.1993376,5.1993376,0.48930663,-1.1694007,1.464186,0.23550885
970,0.51349142,-0.80569207,-5.1993376,-2.5423492,0.97546566,1.5843543,-1.5215251,5.1993376,5.1993376,1.2023467,-1.1694007,-0.79704409,1.668009
971,-5.1993376,-1.5459273,-1.1644437,-1.6590928,0.63946185,-5.1993376,0.25360621,5.1993376,5.1993376,-5.1993376,-5.1993376,0.58052362,1.0315088
972,-5.1993376,1.0124743,-0.7315153,-2.5423492,-0.26398459,-0.1422445,-0.67055744,5.1993376,5.1993376,-5.1993376,-0.21363612,-1.4678604,-5.1993376
973,-5.1993376,0.18803291,-0.7315153,-1.144896,1.3684503,1.2612822,-2.2111272,-5.1993376,5.1993376,-5.1993376,-5.1993376,-0.36553148,-5.1993376
974,1.4181186,-0.42660141,0.55253687,0.64872442,-0.26398459,2.5754833,-1.6896701,5.1993376,-5.1993376,0.81440074,0.69910809,0.71036555,-5.1993376
975,0.51349142,-0.92810452,0.55253687,-1.3684503,1.2023467,0.62109893,-0.36687305,-5.1993376,-5.1993376,0.14858402,-5.1993376,0.29922973,1.1644437
976,-5.1993376,-1.7931815,0.2239158,-0.66428721,1.0955557,1.0774455,-1.994971,5.1993376,-5.1993376,0.45842568,-1.1694007,1.1140325,-5.1993376
977,-5.1993376,-0.42660141,-0.1422445,-0.041412601,-1.3219458,-5.1993376,0.25360621,-5.1993376,5.1993376,-5.1993376,0.69910809,-0.001254569,-5.1993376
978,-5.1993376,-1.0487476,-0.1422445,0.36821529,-0.26398459,-0.1422445,-0.67055744,5.1993376,-5.1993376,-0.11441489,1.3781138,0.14858402,-5.1993376
979,0.51349142,-0.94561627,-1.1644437,-1.059682,-0.69112102,0.29660674,0.25360621,5.1993376,5.1993376,0.45842568,0.69910809,-0.36553148,-5.1993376
980,-5.1993376,-0.046435725,0.55253687,-0.90518882,-0.69112102,-0.1422445,-0.67055744,5.1993376,-5.1993376,0.29791798,-0.21363612,-0.79704409,0.70989634
981,0.51349142,-0.66116187,0.55253687,1.057485,-0.97143575,-0.1422445,1.2447784,5.1993376,-5.1993376,1.9928905,2.1196682,2.0965206,0.63284993
982,-5.1993376,0.43210422,0.55253687,-0.089192496,0.17400458,-5.1993376,0.25360621,5.1993376,-5.1993376,1.0978448,0.18547963,1.464186,1.1125547
983,0.51349142,0.69590794,-5.1993376,-0.98357337,0.63946185,0.29660674,0.25360621,5.1993376,5.1993376,-0.11441489,-0.60746322,-0.57311539,-5.1993376
984,-5.1993376,-0.42660141,1.649237,2.1696941,-1.3219458,-5.1993376,0.25360621,5.1993376,-5.1993376,1.4568958,0.69910809,-1.2502419,-5.1993376
985,1.0230033,0.99174625,-1.3432866,-0.23808933,-0.26398459,0.62109893,0.96142934,5.1993376,-5.1993376,2.1968939,0.18547963,-0.001254569,-5.1993376
986,0.51349142,1.2502419,-0.1422445,0.29267606,0.087932998,0.87535389,-0.67055744,5.1993376,-5.1993376,-5.1993376,0.18547963,0.29922973,-5.1993376
987,-5.1993376,-0.42660141,-0.43348197,-0.23808933,-0.97143575,-0.1422445,-0.67055744,5.1993376,-5.1993376,-0.55985906,2.1196682,-1.2502419,2.0965206
988,-5.1993376,1.5135889,1.372944,0.75299744,-1.8658521,-5.1993376,0.25360621,5.1993376,-5.1993376,2.0097375,1.3781138,1.2339616,0.91754007
989,0.51349142,1.3557612,0.55253687,0.54088248,0.97546566,0.62109893,-0.36687305,5.1993376,-5.1993376,-0.65804298,0.18547963,-0.36553148,-5.1993376
990,-5.1993376,0.65648594,1.1869807,1.2895781,-1.3219458,-5.1993376,0.25360621,-5.1993376,-5.1993376,0.06025574,1.3781138,0.29922973,0.99551576
991,-5.1993376,1.6022103,1.0841952,2.0965206,-0.26398459,-5.1993376,0.25360621,5.1993376,5.1993376,0.14858402,0.18547963,0.29922973,-5.1993376
992,-5.1993376,0.43210422,0.55253687,0.78845531,-1.0819398,-5.1993376,0.25360621,-5.1993376,5.1993376,-5.1993376,1.3781138,-1.0230033,-5.1993376
993,1.0230033,0.80395767,0.2239158,0.36821529,0.087932998,0.87535389,0.25360621,5.1993376,-5.1993376,1.5295582,-0.21363612,1.464186,1.1183614
994,0.51349142,0.5642668,-0.1422445,0.54088248,0.17400458,0.87535389,-0.67055744,5.1993376,-5.1993376,0.06025574,-0.60746322,-1.0230033,0.32028968
995,0.51349142,1.3340661,0.55253687,0.68001258,-0.26398459,-0.1422445,1.2447784,5.1993376,-5.1993376,-0.92233022,0.69910809,-1.4678604,-5.1993376
996,1.0230033,1.5255293,0.91087287,1.7055704,-0.26398459,0.29660674,1.761948,-5.1993376,-5.1993376,1.2023467,0.18547963,-0.79704409,1.5220043
997,-5.1993376,0.0075274833,0.55253687,1.123415,-0.26398459,0.29660674,-1.1768904,5.1993376,5.1993376,-0.36017172,0.18547963,0.45146888,-5.1993376
998,-5.1993376,1.0124743,-0.1422445,0.13337869,-0.26398459,0.62109893,-1.5215251,5.1993376,-5.1993376,-1.0552931,-0.21363612,0.29922973,-5.1993376
999,-5.1993376,-1.0336468,-0.1422445,0.0062728847,0.63946185,-5.1993376,0.25360621,5.1993376,-5.1993376,-0.28744217,1.3781138,1.464186,-5.1993376
1000,-5.1993376,-0.42660141,-0.1422445,-0.29005812,-1.0819398,-5.1993376,0.25360621,5.1993376,-5.1993376,-0.55985906,0.69910809,-0.57311539,0.53475902
1001,1.0230033,-0.20081806,0.83708281,-0.041412601,0.30448193,1.9858764,-1.3716572,-5.1993376,-5.1993376,-0.28744217,-1.1694007,0.29922973,-5.1993376
1002,-5.1993376,-1.5459273,-0.7315153,-0.13591068,1.8379752,1.7444475,-2.651732,-5.1993376,5.1993376,-0.45564031,-1.1694007,-0.17527843,-5.1993376
1003,0.51349142,-0.42660141,-0.1422445,0.25360621,-0.26398459,-0.1422445,1.2447784,5.1993376,5.1993376,-0.11441489,0.69910809,-1.2502419,0.75135421
1004,-5.1993376,2.4824854,-0.7315153,-0.39384742,-2.0431151,-5.1993376,0.25360621,5.1993376,5.1993376,-5.1993376,0.18547963,1.8312243,-5.1993376
1005,-5.1993376,-1.1140325,-0.1422445,-0.90518882,-0.26398459,-5.1993376,0.25360621,5.1993376,5.1993376,-0.45564031,1.3781138,-0.36553148,-5.1993376
1006,1.0230033,0.31105902,0.32578852,0.50492201,-1.3219458,0.29660674,1.761948,-5.1993376,-5.1993376,0.62566982,1.3781138,-0.57311539,0.63962684
1007,0.51349142,1.3402005,0.2239158,0.50492201,-0.97143575,0.87535389,-0.67055744,5.1993376,-5.1993376,-0.78332986,0.18547963,0.29922973,0.3561587
1008,-5.1993376,-0.12705243,-0.1422445,-0.29005812,-0.26398459,1.0774455,-1.994971,-5.1993376,-5.1993376,-0.28744217,-1.1694007,-1.2502419,-5.1993376
1009,0.51349142,0.69910809,-5.1993376,-0.39384742,0.97546566,0.29660674,0.25360621,5.1993376,5.1993376,-1.0552931,-0.21363612,-0.57311539,-5.1993376
1010,-5.1993376,-0.97143575,0.80951632,0.78845531,-0.26398459,-5.1993376,0.25360621,5.1993376,-5.1993376,-5.1993376,0.69910809,-1.6691125,-5.1993376
1011,-5.1993376,1.8379752,2.0965206,1.9858764,-1.3219458,-0.1422445,-0.67055744,5.1993376,-5.1993376,-0.22648938,-0.21363612,1.6590928,0.49213682
1012,-5.1993376,-0.1625524,0.91087287,-0.98357337,1.2023467,0.87535389,-1.7986626,5.1993376,-5.1993376,0.40471681,-1.1694007,-1.2502419,-5.1993376
1013,-5.1993376,0.17655256,1.4354772,2.3259725,0.63946185,-5.1993376,0.25360621,-5.1993376,5.1993376,0.26658359,-0.21363612,-1.0230033,-5.1993376
1014,-5.1993376,-2.0088118,-0.7315153,-1.144896,2.1440107,-5.1993376,0.25360621,5.1993376,-5.1993376,0.29791798,-1.1694007,-0.001254569,-5.1993376
1015,-5.1993376,-0.98154039,0.91087287,0.43900121,-0.26398459,-0.1422445,-0.67055744,-5.1993376,-5.1993376,-0.65804298,0.69910809,-0.79704409,-5.1993376
1016,1.0230033,1.0124743,-1.1644437,-0.77822491,-1.3219458,0.29660674,1.761948,5.1993376,-5.1993376,1.1946284,0.18547963,-0.001254569,0.49213682
1017,2.1079532,0.47661874,0.55253687,0.092971849,-0.26398459,2.0853556,-0.300542,5.1993376,5.1993376,-5.1993376,-0.21363612,-0.57311539,1.5843543
1018,-5.1993376,0.62872436,-0.43348197,0.64872442,0.30448193,-5.1993376,0.25360621,5.1993376,5.1993376,-5.1993376,0.18547963,-1.0230033,0.74828144
1019,0.51349142,0.15873981,0.308819,-1.3684503,0.63946185,-0.1422445,1.2447784,-5.1993376,-5.1993376,-0.45564031,-5.1993376,1.5669896,-5.1993376
1020,0.51349142,-0.67527746,-5.1993376,-1.144896,0.30448193,1.0774455,-0.98765156,-5.1993376,-5.1993376,0.62566982,-1.1694007,-0.79704409,-5.1993376
1021,0.51349142,0.45424896,1.0841952,0.13337869,-0.69112102,0.62109893,-0.36687305,5.1993376,-5.1993376,0.58796385,1.3781138,0.29922973,1.0447776
1022,2.1079532,0.056485615,-5.1993376,-0.90518882,0.40471681,1.2612822,1.761948,5.1993376,-5.1993376,0.70552998,-0.60746322,-0.57311539,-5.1993376
1023,0.51349142,1.2724784,-1.3237515,-1.3684503,0.63946185,0.29660674,0.25360621,5.1993376,5.1993376,0.953493,0.18547963,-0.79704409,0.70807859
1024,-5.1993376,-0.028859086,-0.1422445,0.40607882,0.63946185,-5.1993376,0.25360621,-5.1993376,-5.1993376,0.60897269,-0.60746322,0.85167519,0.49213682
1025,1.0230033,-1.761948,-5.1993376,-2.2730524,1.2023467,1.2612822,-0.42385485,5.1993376,5.1993376,-0.053972647,-1.1694007,0.58052362,-5.1993376
1026,-5.1993376,-2.3892716,-0.1422445,-0.13591068,-0.26398459,-0.1422445,-0.67055744,5.1993376,5.1993376,-5.1993376,0.69910809,-1.2502419,-5.1993376
1027,-5.1993376,0.025094008,0.91087287,0.13337869,-0.26398459,0.29660674,-1.1768904,5.1993376,5.1993376,-0.22648938,0.18547963,1.2339616,1.4917442
1028,1.4181186,1.634747,-0.7315153,-0.50492201,-1.0819398,0.87535389,1.2447784,5.1993376,5.1993376,1.215372,0.18547963,-0.57311539,1.2585077
1029,1.0230033,-0.63792343,0.55253687,-0.98357337,0.30448193,1.0774455,-0.300542,-5.1993376,-5.1993376,0.53653104,-1.1694007,0.85167519,1.8774123
1030,-5.1993376,1.9381083,0.2239158,0.68001258,-0.26398459,-0.1422445,-0.67055744,-5.1993376,5.1993376,0.92233022,0.18547963,1.3494976,-5.1993376
1031,1.0230033,1.0640914,0.55253687,0.25360621,0.97546566,1.0774455,-0.300542,-5.1993376,5.1993376,-0.053972647,-0.21363612,1.6590928,-5.1993376
1032,-5.1993376,-2.2078013,-1.1644437,-2.5423492,1.6022103,0.62109893,-1.5215251,5.1993376,5.1993376,-5.1993376,-1.1694007,0.58052362,-5.1993376
1033,-5.1993376,0.45424896,-0.1422445,-0.50492201,2.1440107,-0.1422445,-0.67055744,-5.1993376,-5.1993376,-0.17018472,-0.60746322,0.14858402,0.33617787
1034,1.7679033,-0.73315571,-1.3159579,-1.144896,0.97546566,1.2612822,1.0251227,5.1993376,-5.1993376,-0.45564031,-0.21363612,-0.36553148,0.14626192
1035,0.51349142,-0.28482819,0.55253687,0.88088812,-0.26398459,0.62109893,-0.36687305,5.1993376,-5.1993376,-0.45564031,1.3781138,0.29922973,-5.1993376
1036,-5.1993376,0.55107599,-0.1422445,0.17400458,0.63946185,-5.1993376,0.25360621,5.1993376,5.1993376,-0.45564031,1.3781138,0.58052362,1.620653
1037,1.0230033,1.7055704,1.2640664,1.4568958,-0.26398459,0.62109893,0.96142934,5.1993376,5.1993376,0.70552998,-0.21363612,0.14858402,0.68476299
1038,1.4181186,-0.92233022,0.55253687,-0.34149266,1.2023467,1.5843543,-0.36687305,5.1993376,5.1993376,0.58796385,-1.1694007,0.71036555,-5.1993376
1039,-5.1993376,-1.3402005,0.91087287,-0.18547963,0.63946185,-5.1993376,0.25360621,-5.1993376,-5.1993376,-0.17018472,-1.1694007,1.1140325,-5.1993376
1040,-5.1993376,-0.42660141,2.1968939,2.1316816,-1.3219458,-5.1993376,0.25360621,-5.1993376,-5.1993376,0.93779777,0.69910809,1.1140325,3.2461975
1041,1.0230033,-0.8901723,-0.7315153,-0.56279634,-0.26398459,0.29660674,1.761948,5.1993376,-5.1993376,0.0062728847,0.69910809,-0.36553148,0.40952349
1042,1.7679033,-0.29529601,1.0841952,0.68001258,0.97546566,2.456904,-1.0187781,-5.1993376,5.1993376,-5.1993376,-0.60746322,0.29922973,0.17132472
1043,-5.1993376,-0.067798615,-0.1422445,-0.44869228,2.1440107,0.62109893,-1.5215251,-5.1993376,-5.1993376,-0.17018472,-1.1694007,-1.0230033,-5.1993376
1044,-5.1993376,-0.52066149,-0.7315153,-1.9858764,1.2023467,-5.1993376,0.25360621,5.1993376,5.1993376,-5.1993376,-5.1993376,2.1968939,-5.1993376
1045,-5.1993376,-1.1140325,-0.1422445,0.43900121,0.17400458,-5.1993376,0.25360621,5.1993376,-5.1993376,2.7324645,0.69910809,1.8952593,-5.1993376
1046,1.0230033,-0.2239158,-1.3432866,-0.90518882,-0.26398459,1.2612822,-0.42385485,5.1993376,-5.1993376,1.9264032,-0.60746322,0.98561042,-5.1993376
1047,-5.1993376,0.087932998,1.2640664,1.0230033,-1.3219458,-5.1993376,0.25360621,5.1993376,5.1993376,1.5215251,0.18547963,0.45146888,1.0654043
1048,0.51349142,0.87719565,0.91087287,0.17400458,0.17400458,-0.1422445,1.2447784,5.1993376,5.1993376,0.68159434,0.69910809,-0.57311539,-5.1993376
1049,-5.1993376,0.94169982,0.55253687,0.57607489,0.63946185,-5.1993376,0.25360621,5.1993376,-5.1993376,-0.92233022,0.69910809,1.1140325,0.37269421
1050,-5.1993376,-0.73808885,-0.7315153,0.57607489,-1.0819398,-5.1993376,0.25360621,-5.1993376,-5.1993376,-0.053972647,0.18547963,-1.2502419,0.20556234
1051,-5.1993376,-0.83200627,0.55253687,1.1794018,0.17400458,-5.1993376,0.25360621,-5.1993376,-5.1993376,0.58796385,0.69910809,-0.36553148,-5.1993376
1052,-5.1993376,-0.26268576,-0.1422445,0.25360621,-0.26398459,-5.1993376,0.25360621,-5.1993376,5.1993376,-0.45564031,1.3781138,-0.79704409,0.42467848
1053,-5.1993376,0.1257878,2.0042336,0.98561042,-0.26398459,-5.1993376,0.25360621,-5.1993376,-5.1993376,-0.053972647,-0.21363612,0.14858402,1.2589149
1054,2.1079532,0.095492152,0.55253687,-0.66428721,0.17400458,1.8803524,0.25360621,5.1993376,5.1993376,1.2982711,-1.1694007,0.45146888,-5.1993376
1055,-5.1993376,-5.1993376,-0.7315153,-2.5423492,0.63946185,-5.1993376,0.25360621,5.1993376,5.1993376,-0.65804298,-1.1694007,0.45146888,-5.1993376
1056,-5.1993376,-1.7410108,0.55253687,-1.2529876,1.2023467,-5.1993376,0.25360621,-5.1993376,5.1993376,-5.1993376,-5.1993376,-0.57311539,-5.1993376
1057,-5.1993376,1.1187114,1.0841952,2.2567448,-1.3219458,-5.1993376,0.25360621,5.1993376,-5.1993376,0.56132709,0.18547963,-0.57311539,0.17830324
1058,1.0230033,-0.83200627,0.91087287,1.057485,-0.26398459,0.29660674,1.761948,-5.1993376,5.1993376,-0.45564031,0.69910809,-1.0230033,-5.1993376
1059,-5.1993376,0.072829316,0.55253687,0.47100434,-0.26398459,-0.1422445,-0.67055744,5.1993376,-5.1993376,0.06025574,0.18547963,-0.79704409,-5.1993376
1060,-5.1993376,-1.2529876,-5.1993376,-0.50492201,-0.69112102,-0.1422445,-0.67055744,5.1993376,-5.1993376,-0.92233022,-0.21363612,-1.6691125,-5.1993376
1061,-5.1993376,-0.52066149,-1.1644437,-1.059682,0.17400458,-0.1422445,-0.67055744,5.1993376,-5.1993376,0.40471681,-1.1694007,-0.36553148,-5.1993376
1062,1.0230033,-1.2585077,-5.1993376,-0.44869228,0.63946185,1.2612822,-0.42385485,5.1993376,-5.1993376,-0.28744217,-1.1694007,-1.4678604,-5.1993376
1063,-5.1993376,-0.0050182959,1.2640664,0.54088248,0.30448193,-0.1422445,-0.67055744,-5.1993376,-5.1993376,-1.0552931,-0.21363612,-0.17527843,1.3998447
1064,-5.1993376,-1.2475055,-1.1644437,-0.72008693,0.63946185,0.29660674,-1.1768904,5.1993376,-5.1993376,-0.78332986,1.3781138,-0.57311539,-5.1993376
1065,-5.1993376,0.80395767,-0.1422445,0.21235277,-0.83733836,-5.1993376,0.25360621,5.1993376,-5.1993376,-0.78332986,0.18547963,0.98561042,0.30185479
1066,1.0230033,-0.14604751,-0.1422445,-0.98357337,-0.26398459,0.29660674,1.761948,5.1993376,-5.1993376,-0.053972647,-0.21363612,-1.0230033,-5.1993376
1067,-5.1993376,-0.79532164,0.2239158,0.50492201,0.63946185,-5.1993376,0.25360621,5.1993376,-5.1993376,1.0552931,0.69910809,1.6590928,0.2213437
1068,0.51349142,1.0887225,-5.1993376,-0.90518882,-1.6299924,0.87535389,-0.67055744,5.1993376,5.1993376,-0.22648938,0.69910809,-0.79704409,0.42248277
1069,0.51349142,-0.49922964,-1.1644437,-0.90518882,0.63946185,-0.1422445,1.2447784,5.1993376,-5.1993376,-1.0552931,0.69910809,-0.001254569,1.2753025
1070,0.51349142,-0.42660141,-0.7315153,-0.50492201,-2.0431151,0.29660674,0.25360621,5.1993376,5.1993376,1.8952593,0.69910809,0.29922973,-5.1993376
1071,-5.1993376,-0.095492152,-0.7315153,0.0062728847,-1.3219458,-5.1993376,0.25360621,5.1993376,-5.1993376,-0.11441489,1.3781138,-1.4678604,-5.1993376
1072,0.51349142,1.5459273,-0.7315153,-0.23808933,-2.0431151,0.62109893,-0.36687305,5.1993376,5.1993376,0.26658359,1.3781138,1.464186,-5.1993376
1073,-5.1993376,1.8379752,2.9674304,-1.2529876,-2.6965111,-5.1993376,0.25360621,5.1993376,-5.1993376,-5.1993376,1.3781138,-0.57311539,-5.1993376
1074,1.4181186,2.2111272,-0.1422445,-0.13591068,-1.0819398,1.9858764,-0.95151828,5.1993376,-5.1993376,1.337127,0.69910809,-0.57311539,1.005069
1075,-5.1993376,0.064026723,-1.1644437,-1.505747,-0.26398459,-5.1993376,0.25360621,5.1993376,-5.1993376,0.324254,-1.1694007,0.45146888,-5.1993376
1076,0.51349142,0.52930109,-0.1422445,-0.23808933,-0.26398459,0.29660674,0.25360621,5.1993376,-5.1993376,0.26658359,0.69910809,-0.36553148,-5.1993376
1077,1.7679033,-0.32557657,1.649237,0.71359852,-0.26398459,1.5843543,0.25360621,5.1993376,5.1993376,-0.28744217,-1.1694007,0.98561042,-5.1993376
1078,1.0230033,0.44314942,-0.7315153,-0.98357337,-1.0819398,1.0774455,-0.300542,5.1993376,-5.1993376,0.34948301,-1.1694007,0.58052362,1.6271903
1079,0.51349142,-0.52066149,0.55253687,0.40607882,-0.83733836,0.29660674,0.25360621,5.1993376,-5.1993376,-0.65804298,1.3781138,-0.79704409,-5.1993376
1080,0.51349142,-0.21491982,0.55253687,-0.83912102,1.3684503,0.62109893,-0.36687305,-5.1993376,5.1993376,-0.45564031,-1.1694007,-0.57311539,-5.1993376
1081,0.51349142,-0.13591068,-0.1422445,0.25360621,-0.97143575,0.87535389,-0.67055744,5.1993376,5.1993376,-0.17018472,0.69910809,0.29922973,1.683602
1082,-5.1993376,-0.18931001,-1.1644437,-1.3684503,2.1440107,0.29660674,-1.1768904,5.1993376,-5.1993376,-0.36017172,-1.1694007,-1.4678604,-5.1993376
1083,1.4181186,1.3978365,0.55253687,0.43900121,-0.26398459,0.62109893,2.1696941,5.1993376,5.1993376,-5.1993376,0.18547963,-0.79704409,-5.1993376
1084,-5.1993376,2.2743805,-0.7315153,-0.29005812,-0.26398459,-5.1993376,0.25360621,5.1993376,5.1993376,-5.1993376,0.69910809,0.29922973,-5.1993376
1085,-5.1993376,-0.86436505,-0.7315153,-1.3684503,1.6022103,-5.1993376,0.25360621,5.1993376,5.1993376,-5.1993376,-5.1993376,1.8312243,-5.1993376
1086,-5.1993376,0.48789301,0.2239158,0.25360621,-0.97143575,-0.1422445,-0.67055744,5.1993376,5.1993376,-5.1993376,0.69910809,0.45146888,-5.1993376
1087,-5.1993376,-0.095492152,-0.7315153,-0.39384742,-0.26398459,0.29660674,-1.1768904,5.1993376,5.1993376,0.26658359,0.69910809,-1.6691125,-5.1993376
1088,-5.1993376,0.046435725,0.91087287,-0.39384742,-0.26398459,1.5843543,-2.5423492,5.1993376,5.1993376,-5.1993376,-1.1694007,1.1140325,-5.1993376
1089,1.0230033,-0.18165198,0.55253687,0.88088812,0.63946185,0.62109893,0.96142934,5.1993376,-5.1993376,-0.053972647,-0.21363612,0.71036555,0.49213682
1090,1.0230033,1.2724784,-0.1422445,0.36821529,-0.97143575,0.29660674,1.761948,5.1993376,5.1993376,0.10810309,0.18547963,0.45146888,-5.1993376
1091,-5.1993376,-1.6323651,-0.1422445,-1.505747,0.97546566,-5.1993376,0.25360621,5.1993376,5.1993376,-5.1993376,-5.1993376,1.5669896,1.9233525
1092,-5.1993376,-0.53653104,0.2239158,-0.13591068,1.2023467,0.29660674,-1.1768904,-5.1993376,-5.1993376,1.0187781,-0.60746322,-0.79704409,-5.1993376
1093,0.51349142,1.5712865,1.649237,1.6067551,-0.83733836,0.62109893,-0.36687305,-5.1993376,5.1993376,0.22262957,0.18547963,0.14858402,0.60219141
1094,-5.1993376,1.2179357,-0.7315153,-0.34149266,0.63946185,-5.1993376,0.25360621,5.1993376,5.1993376,-5.1993376,0.18547963,-1.0230033,-5.1993376
1095,-5.1993376,0.65027359,0.2239158,0.50492201,0.40471681,0.29660674,-1.1768904,5.1993376,5.1993376,-0.17018472,0.69910809,1.2339616,0.95724026
1096,-5.1993376,-0.72660581,-0.7315153,-0.6150245,0.63946185,-5.1993376,0.25360621,5.1993376,-5.1993376,0.0062728847,1.3781138,-1.2502419,-5.1993376
1097,0.51349142,0.5642668,0.2239158,0.25360621,-0.26398459,-0.1422445,1.2447784,5.1993376,5.1993376,1.358913,1.3781138,0.98561042,-5.1993376
1098,-5.1993376,-2.1966499,-5.1993376,-1.505747,2.8067115,0.87535389,-1.7986626,5.1993376,5.1993376,-5.1993376,-5.1993376,0.98561042,1.8516173
1099,1.4181186,0.51349142,1.3620783,1.1546147,-0.97143575,1.5843543,-0.36687305,-5.1993376,-5.1993376,1.358913,0.18547963,0.85167519,2.9179561
1100,-5.1993376,-1.3695177,0.55253687,0.91467864,-0.69112102,-5.1993376,0.25360621,5.1993376,-5.1993376,0.06025574,0.18547963,1.2339616,-5.1993376
1101,-5.1993376,-0.57755653,-1.3432866,-1.2529876,-1.6299924,-5.1993376,0.25360621,5.1993376,5.1993376,-5.1993376,0.69910809,-0.57311539,0.49213682
1102,-5.1993376,-0.018819641,-0.43348197,-0.50492201,0.40471681,-0.1422445,-0.67055744,5.1993376,-5.1993376,0.65804298,-0.21363612,-0.79704409,0.64254324
1103,-5.1993376,-0.42660141,-0.1422445,0.05146002,-0.69112102,-5.1993376,0.25360621,5.1993376,5.1993376,1.4568958,5.1993376,-1.4678604,-5.1993376
1104,1.4181186,-0.77483284,-0.1422445,0.40607882,-0.26398459,0.87535389,1.2447784,5.1993376,5.1993376,-0.78332986,-0.21363612,1.1140325,0.89158491
1105,1.0230033,0.30185479,-0.1422445,-0.089192496,0.63946185,0.29660674,1.761948,5.1993376,5.1993376,-0.11441489,0.18547963,0.85167519,0.40199502
1106,0.51349142,-1.358913,-1.1644437,-1.505747,1.7986626,1.0774455,-0.98765156,5.1993376,5.1993376,-5.1993376,-5.1993376,-0.001254569,-5.1993376
1107,-5.1993376,0.080378865,0.55253687,0.092971849,-0.26398459,-5.1993376,0.25360621,5.1993376,5.1993376,0.56132709,-0.21363612,0.45146888,1.497716
1108,0.51349142,0.14731565,1.2640664,0.75299744,-0.83733836,-0.1422445,1.2447784,5.1993376,-5.1993376,-0.22648938,0.18547963,2.0965206,1.6896701
1109,0.51349142,-0.59393954,-0.1422445,0.13337869,0.40471681,0.62109893,-0.36687305,5.1993376,-5.1993376,-0.45564031,-0.21363612,-0.17527843,0.32028968
1110,-5.1993376,-0.73315571,-1.1644437,-0.77822491,-2.0431151,-5.1993376,0.25360621,5.1993376,-5.1993376,0.0062728847,0.69910809,-0.57311539,-5.1993376
1111,-5.1993376,1.1946284,0.55253687,0.21235277,-0.26398459,-0.1422445,-0.67055744,-5.1993376,-5.1993376,0.14858402,0.69910809,1.1140325,1.5613838
1112,1.0230033,0.99174625,0.55253687,0.71359852,-0.26398459,0.29660674,1.761948,-5.1993376,-5.1993376,-0.45564031,0.69910809,-0.36553148,0.42522773
1113,-5.1993376,1.1187114,1.0841952,1.6640817,-0.83733836,-0.1422445,-0.67055744,-5.1993376,-5.1993376,1.0978448,0.69910809,-0.17527843,0.61083628
1114,-5.1993376,0.69910809,0.55253687,0.91467864,-1.3219458,-5.1993376,0.25360621,-5.1993376,-5.1993376,0.88830934,1.3781138,-0.57311539,-5.1993376
1115,-5.1993376,-0.33617787,-0.1422445,-0.18547963,-0.26398459,-0.1422445,-0.67055744,-5.1993376,5.1993376,-5.1993376,-1.1694007,0.58052362,-5.1993376
1116,0.51349142,0.94169982,0.2239158,0.40607882,-0.83733836,-0.1422445,1.2447784,5.1993376,-5.1993376,0.93779777,0.69910809,-0.17527843,-5.1993376
1117,0.51349142,-0.88459264,1.649237,0.78845531,-0.26398459,0.87535389,-0.67055744,-5.1993376,-5.1993376,-0.78332986,-0.21363612,-0.79704409,1.8236415
1118,1.0230033,-0.56132709,-0.7315153,-0.089192496,0.30448193,1.0774455,-0.300542,5.1993376,-5.1993376,-0.17018472,-0.60746322,0.85167519,0.70875186
1119,0.51349142,-2.0601053,-0.1422445,-1.505747,1.2023467,0.29660674,0.25360621,5.1993376,-5.1993376,-0.053972647,-1.1694007,0.58052362,-5.1993376
1120,0.51349142,1.6691125,0.2239158,0.40607882,-0.97143575,-0.1422445,1.2447784,-5.1993376,5.1993376,-0.78332986,0.69910809,0.71036555,1.2311058
1121,-5.1993376,0.025094008,-0.1422445,0.61199579,0.30448193,-0.1422445,-0.67055744,5.1993376,-5.1993376,0.324254,-0.21363612,0.45146888,-5.1993376
1122,0.51349142,0.22648938,1.2640664,0.092971849,0.40471681,0.29660674,0.25360621,5.1993376,5.1993376,0.26658359,0.18547963,-0.79704409,-5.1993376
1123,-5.1993376,-0.21491982,-0.7315153,-0.66428721,-0.26398459,-5.1993376,0.25360621,5.1993376,5.1993376,0.29791798,0.69910809,-1.0230033,0.15068516
1124,-5.1993376,-0.11820414,0.55253687,0.47100434,-0.26398459,-5.1993376,0.25360621,5.1993376,-5.1993376,0.96742157,0.69910809,0.71036555,-5.1993376
1125,-5.1993376,0.20209835,1.0841952,0.0062728847,0.087932998,-5.1993376,0.25360621,5.1993376,-5.1993376,1.6590411,0.18547963,0.71036555,0.3561587
1126,-5.1993376,-0.71359852,0.91087287,1.2366522,-1.3219458,-5.1993376,0.25360621,5.1993376,-5.1993376,0.98969684,0.69910809,-0.17527843,1.0418181
1127,1.7679033,3.5636758,0.91087287,0.95151828,-1.0819398,1.4354772,0.87904038,5.1993376,-5.1993376,0.8570968,-0.21363612,0.29922973,-5.1993376
1128,-5.1993376,-0.93585209,0.55253687,0.95151828,-0.26398459,-0.1422445,-0.67055744,5.1993376,5.1993376,1.0552931,0.69910809,0.45146888,0.76216886
1129,1.0230033,1.3978365,1.649237,1.9681651,-0.26398459,0.29660674,1.761948,5.1993376,-5.1993376,0.98969684,0.69910809,-0.17527843,-5.1993376
1130,0.51349142,-2.0601053,-0.43348197,-1.505747,1.2023467,1.0774455,-0.98765156,-5.1993376,-5.1993376,-0.28744217,-5.1993376,-0.36553148,-5.1993376
1131,1.0230033,0.30185479,0.55253687,0.78845531,-0.26398459,0.62109893,0.96142934,5.1993376,5.1993376,0.4307273,-0.21363612,0.45146888,2.1368921
1132,-5.1993376,1.5712865,1.649237,2.1968939,-0.26398459,0.62109893,-1.5215251,-5.1993376,-5.1993376,0.40471681,0.69910809,1.2339616,1.2127505
1133,-5.1993376,0.7152178,2.1968939,1.5627215,-0.26398459,-0.1422445,-0.67055744,5.1993376,-5.1993376,-0.22648938,-0.21363612,-1.4678604,-5.1993376
1134,0.51349142,-0.20081806,0.31764959,-0.18547963,0.40471681,2.1696941,-2.1196682,-5.1993376,5.1993376,0.68159434,-1.1694007,0.85167519,1.3099354
1135,0.51349142,-0.78162595,-0.7315153,0.0062728847,0.63946185,-0.1422445,1.2447784,5.1993376,-5.1993376,-0.65804298,1.3781138,-0.79704409,-5.1993376
1136,-5.1993376,0.41563423,0.55253687,1.5627215,-1.3219458,-5.1993376,0.25360621,5.1993376,-5.1993376,-0.17018472,-0.21363612,-0.79704409,-5.1993376
1137,-5.1993376,1.0729729,0.55253687,0.75299744,-0.26398459,-0.1422445,-0.67055744,5.1993376,-5.1993376,-0.78332986,-0.60746322,0.98561042,0.53424488
1138,-5.1993376,1.3070634,2.0965206,2.5280807,-0.26398459,-5.1993376,0.25360621,-5.1993376,-5.1993376,-0.45564031,-0.21363612,-0.001254569,1.479906
1139,1.0230033,-1.215372,-0.7315153,-0.23808933,1.2023467,0.62109893,0.96142934,-5.1993376,5.1993376,0.26658359,-0.60746322,1.3494976,0.18292756
1140,0.51349142,-0.69750712,-0.1422445,0.0062728847,-1.3219458,-0.1422445,1.2447784,5.1993376,5.1993376,-5.1993376,0.69910809,-0.79704409,-5.1993376
1141,-5.1993376,-0.98154039,0.55253687,0.36821529,-0.83733836,-5.1993376,0.25360621,5.1993376,-5.1993376,0.324254,1.3781138,-1.0230033,-5.1993376
1142,-5.1993376,-1.7679033,0.55253687,-0.98357337,0.97546566,-5.1993376,0.25360621,5.1993376,5.1993376,1.2023467,-1.1694007,2.3863399,0.3561587
1143,1.0230033,1.1946284,0.91087287,0.95151828,-1.7219141,0.62109893,0.96142934,5.1993376,-5.1993376,0.79360155,2.1196682,0.85167519,0.82317161
1144,-5.1993376,-0.72660581,-0.1422445,0.05146002,-0.83733836,-5.1993376,0.25360621,5.1993376,-5.1993376,1.8785713,0.69910809,0.45146888,-5.1993376
1145,1.0230033,-0.6150245,0.55253687,1.3879077,0.30448193,0.62109893,0.96142934,5.1993376,5.1993376,-0.65804298,-0.21363612,0.58052362,1.4457775
1146,-5.1993376,-0.63025382,0.55253687,0.8196557,0.30448193,-0.1422445,-0.67055744,-5.1993376,-5.1993376,0.26658359,-0.60746322,0.14858402,0.69915807
1147,-5.1993376,-0.31237604,-0.1422445,0.21235277,-0.69112102,-5.1993376,0.25360621,5.1993376,5.1993376,0.953493,0.69910809,-0.17527843,-5.1993376
1148,-5.1993376,0.65027359,0.2239158,0.32954771,1.0955557,-5.1993376,0.25360621,5.1993376,5.1993376,-5.1993376,-0.60746322,-0.17527843,-5.1993376
1149,0.51349142,0.31105902,-0.7315153,-1.2529876,0.97546566,1.4354772,-1.3846283,-5.1993376,5.1993376,-0.053972647,-5.1993376,0.58052362,-5.1993376
1150,0.51349142,-0.32557657,-0.1422445,0.32954771,1.8379752,1.8803524,-1.7986626,-5.1993376,5.1993376,0.82846465,-1.1694007,-0.57311539,-5.1993376
1151,1.0230033,0.60595514,1.649237,1.792374,-0.26398459,1.0774455,-0.300542,5.1993376,-5.1993376,-0.45564031,0.69910809,-0.17527843,-5.1993376
1152,-5.1993376,-0.42660141,0.55253687,0.91467864,-0.26398459,-0.1422445,-0.67055744,-5.1993376,5.1993376,-5.1993376,0.18547963,1.6590928,0.54088248
1153,1.4181186,-0.6150245,-0.43348197,-0.29005812,1.8379752,1.2612822,0.25360621,5.1993376,-5.1993376,-5.1993376,-1.1694007,1.2339616,0.2887499
1154,1.4181186,1.8245559,2.0042336,1.9264032,-0.26398459,0.87535389,1.2447784,-5.1993376,-5.1993376,0.58796385,0.18547963,-0.57311539,-5.1993376
1155,-5.1993376,-0.42660141,1.0841952,1.4568958,-0.69112102,-0.1422445,-0.67055744,5.1993376,-5.1993376,0.51635627,0.69910809,2.3863399,0.5283392
1156,0.51349142,2.2111272,2.9674304,0.64872442,-1.3219458,-0.1422445,1.2447784,5.1993376,5.1993376,0.22262957,-0.60746322,0.58052362,2.2708907
1157,-5.1993376,-1.4827602,-5.1993376,-1.144896,-1.8114574,-5.1993376,0.25360621,5.1993376,-5.1993376,-0.36017172,0.69910809,-1.4678604,0.79613344
1158,1.4181186,0.025094008,1.2640664,-0.13591068,0.30448193,1.4354772,-0.28091085,5.1993376,5.1993376,0.14858402,-0.21363612,0.45146888,-5.1993376
1159,2.483413,0.64254324,-0.43348197,0.092971849,-1.7219141,2.3863399,-0.32028968,-5.1993376,-5.1993376,-0.92233022,-1.1694007,-0.79704409,0.55985906
1160,1.4181186,1.4532796,2.0965206,0.21235277,-1.0819398,0.62109893,2.1696941,-5.1993376,-5.1993376,1.4568958,0.69910809,0.45146888,1.7883717
1161,1.4181186,0.29005812,-0.1422445,-0.041412601,-1.8114574,0.87535389,1.2447784,5.1993376,-5.1993376,1.3189459,0.69910809,-0.57311539,1.0840554
1162,-5.1993376,1.0336468,0.55253687,0.57607489,-1.0819398,-0.1422445,-0.67055744,5.1993376,-5.1993376,-0.17018472,-0.21363612,-0.36553148,1.147296
1163,-5.1993376,-0.8589096,-0.7315153,-0.23808933,0.63946185,-5.1993376,0.25360621,-5.1993376,5.1993376,-0.92233022,-0.60746322,-0.001254569,1.4779929
1164,-5.1993376,-1.1140325,-1.1644437,-0.77822491,-0.26398459,-5.1993376,0.25360621,5.1993376,5.1993376,-0.78332986,1.3781138,-1.6691125,-5.1993376
1165,0.51349142,0.79360155,-0.7315153,-1.059682,-0.97143575,0.62109893,-0.36687305,-5.1993376,5.1993376,-0.053972647,-1.1694007,-0.79704409,-5.1993376
1166,1.4181186,1.1497418,0.2239158,-1.144896,0.63946185,1.5843543,-0.36687305,-5.1993376,5.1993376,-5.1993376,-1.1694007,-1.2502419,0.61957818
1167,-5.1993376,-1.1140325,-1.1644437,-0.44869228,-0.26398459,0.29660674,-1.1768904,5.1993376,-5.1993376,-0.45564031,1.3781138,-0.57311539,1.2753025
1168,0.51349142,1.6691125,0.55253687,0.36821529,-0.97143575,-0.1422445,1.2447784,-5.1993376,-5.1993376,0.58796385,0.18547963,0.29922973,0.49213682
1169,-5.1993376,-2.225573,0.2239158,-0.83912102,0.97546566,-0.1422445,-0.67055744,-5.1993376,-5.1993376,-0.45564031,-1.1694007,1.2339616,-5.1993376
1170,0.51349142,0.46400712,-1.1644437,-1.144896,-0.26398459,-0.1422445,1.2447784,5.1993376,-5.1993376,-0.11441489,0.18547963,-0.001254569,0.45865402
1171,-5.1993376,0.51349142,-0.7315153,0.05146002,0.63946185,-0.1422445,-0.67055744,5.1993376,5.1993376,0.4307273,-1.1694007,-1.0230033,-5.1993376
1172,-5.1993376,-1.5605743,0.2239158,-0.34149266,0.63946185,-5.1993376,0.25360621,5.1993376,5.1993376,-0.65804298,-0.60746322,-0.001254569,0.38302436
1173,1.0230033,0.66741904,1.0841952,0.98561042,-0.26398459,0.29660674,1.761948,-5.1993376,-5.1993376,-0.22648938,0.18547963,0.14858402,-5.1993376
1174,-5.1993376,1.1117021,0.91087287,1.4568958,-1.6299924,-0.1422445,-0.67055744,-5.1993376,-5.1993376,-0.053972647,1.3781138,0.58052362,1.0659577
1175,0.51349142,1.6252744,1.401177,1.0909946,-0.97143575,-0.1422445,1.2447784,5.1993376,-5.1993376,1.7861556,0.18547963,0.98561042,2.0344536
1176,0.51349142,-0.66898742,-5.1993376,-0.66428721,1.6022103,0.62109893,-0.36687305,5.1993376,5.1993376,-0.78332986,-1.1694007,-0.001254569,0.26237704
1177,-5.1993376,0.98154039,-5.1993376,-0.29005812,0.97546566,-0.1422445,-0.67055744,5.1993376,5.1993376,-0.65804298,-0.21363612,-1.0230033,-5.1993376
1178,1.0230033,0.33485067,-0.1422445,-0.18547963,-0.26398459,0.29660674,1.761948,5.1993376,-5.1993376,0.56132709,0.18547963,1.1140325,-5.1993376
1179,-5.1993376,0.72171378,0.55253687,0.8196557,-1.6299924,-5.1993376,0.25360621,5.1993376,5.1993376,-0.36017172,0.69910809,0.85167519,-5.1993376
1180,0.51349142,1.5135889,-0.1422445,0.54088248,-0.97143575,1.2612822,-1.1768904,-5.1993376,-5.1993376,0.34948301,0.18547963,1.5669896,1.3190854
1181,1.4181186,-0.53653104,0.99173801,0.17400458,0.17400458,1.0774455,0.89765526,-5.1993376,-5.1993376,0.22262957,-1.1694007,-0.001254569,-5.1993376
1182,-5.1993376,0.53943086,0.55253687,1.873053,-0.26398459,-5.1993376,0.25360621,5.1993376,5.1993376,0.86801634,-0.60746322,1.8312243,1.7866749
1183,0.51349142,0.064026723,-1.1644437,-1.8179677,2.9674304,0.29660674,0.25360621,5.1993376,5.1993376,-5.1993376,-5.1993376,1.1140325,-5.1993376
1184,-5.1993376,0.27699782,1.0841952,1.0909946,-0.26398459,-5.1993376,0.25360621,-5.1993376,5.1993376,-0.28744217,-0.60746322,-0.001254569,0.33834917
1185,-5.1993376,0.75466427,-0.7315153,-0.29005812,-1.3219458,-5.1993376,0.25360621,5.1993376,5.1993376,1.6896701,0.18547963,1.8312243,1.2641139
1186,0.51349142,-0.23292993,0.55253687,0.8196557,-0.97143575,0.29660674,0.25360621,-5.1993376,-5.1993376,1.358913,1.3781138,-1.0230033,-5.1993376
1187,-5.1993376,0.58498388,-0.7315153,0.40607882,-0.26398459,-5.1993376,0.25360621,-5.1993376,5.1993376,-0.92233022,-0.60746322,1.9858764,1.9671635
1188,-5.1993376,-0.7697614,0.55253687,-0.77822491,-1.8658521,-5.1993376,0.25360621,5.1993376,5.1993376,0.82846465,-1.1694007,-0.001254569,2.1570135
1189,2.1079532,-1.4106924,-0.7315153,-0.90518882,2.1440107,1.7444475,0.86984634,5.1993376,-5.1993376,0.10810309,-1.1694007,0.45146888,-5.1993376
1190,1.0230033,1.0124743,1.0841952,-5.1993376,-1.6299924,0.29660674,1.761948,5.1993376,5.1993376,-1.0552931,0.69910809,-5.1993376,-5.1993376
1191,1.4181186,-1.7274656,-0.1422445,-0.90518882,0.63946185,1.2612822,0.25360621,5.1993376,5.1993376,-0.17018472,-1.1694007,-0.57311539,-5.1993376
1192,-5.1993376,-0.1625524,-5.1993376,-1.2529876,1.6022103,0.29660674,-1.1768904,5.1993376,-5.1993376,0.26658359,-1.1694007,-1.0230033,-5.1993376
1193,1.4181186,-0.07534535,2.0965206,1.959536,-0.83733836,1.7444475,-0.43762015,-5.1993376,-5.1993376,1.6205923,0.69910809,0.98561042,1.1895222
1194,-5.1993376,0.34948301,0.55253687,0.50492201,0.40471681,-5.1993376,0.25360621,5.1993376,5.1993376,-0.22648938,0.69910809,-1.4678604,-5.1993376
1195,-5.1993376,0.44314942,1.649237,-0.6150245,0.30448193,-0.1422445,-0.67055744,-5.1993376,-5.1993376,-0.22648938,-0.60746322,0.45146888,2.4504484
1196,-5.1993376,3.5636758,2.0396883,1.2075323,-0.83733836,-0.1422445,-0.67055744,5.1993376,5.1993376,-5.1993376,-0.60746322,1.8312243,-5.1993376
1197,-5.1993376,0.94169982,1.429736,0.8196557,-0.69112102,-5.1993376,0.25360621,-5.1993376,-5.1993376,1.4079051,0.18547963,-0.57311539,0.79705986
1198,-5.1993376,-1.0336468,0.55253687,0.91467864,-0.26398459,-5.1993376,0.25360621,5.1993376,5.1993376,0.10810309,0.69910809,-0.79704409,-5.1993376
1199,1.4181186,-0.18165198,-1.1644437,-1.144896,-0.26398459,0.62109893,2.1696941,-5.1993376,-5.1993376,1.8114574,-0.60746322,0.98561042,1.3804219
1200,0.51349142,-0.8901723,1.649237,1.6640817,-0.69112102,0.29660674,0.25360621,5.1993376,-5.1993376,1.6639775,0.69910809,-0.36553148,1.15907
1201,-5.1993376,-1.8315745,-0.1422445,-0.98357337,1.2023467,-5.1993376,0.25360621,-5.1993376,5.1993376,-0.28744217,-1.1694007,0.71036555,1.5295582
1202,-5.1993376,0.52930109,-0.1422445,-0.72008693,1.6022103,-0.1422445,-0.67055744,5.1993376,5.1993376,-0.45564031,-0.60746322,-0.36553148,-5.1993376
1203,-5.1993376,0.65027359,0.55253687,0.50492201,-0.26398459,-0.1422445,-0.67055744,5.1993376,-5.1993376,1.5215251,0.18547963,-0.17527843,0.77252115
1204,-5.1993376,-0.88459264,0.55253687,1.0230033,-0.26398459,-5.1993376,0.25360621,5.1993376,-5.1993376,1.8517338,1.3781138,1.8312243,1.0169791
1205,1.0230033,-0.28482819,1.2640664,0.95151828,-1.3219458,0.62109893,0.96142934,5.1993376,-5.1993376,1.0444088,1.3781138,-0.79704409,0.89452908
1206,-5.1993376,0.73315571,0.11820414,-0.041412601,-0.26398459,-0.1422445,-0.67055744,5.1993376,5.1993376,0.34948301,0.69910809,0.58052362,0.77058079
1207,-5.1993376,0.39520352,-1.1644437,-0.44869228,-1.3219458,-0.1422445,-0.67055744,5.1993376,5.1993376,-5.1993376,1.3781138,-1.4678604,-5.1993376
1208,-5.1993376,-0.81614989,0.55253687,1.6067551,0.17400458,-0.1422445,-0.67055744,-5.1993376,5.1993376,-0.92233022,-0.21363612,0.45146888,0.78162595
1209,1.0230033,0.36017172,0.2239158,-1.505747,1.2023467,1.2612822,-0.42385485,-5.1993376,5.1993376,1.2924649,-5.1993376,1.2339616,-5.1993376
1210,0.51349142,0.30185479,-0.7315153,-0.39384742,-0.69112102,-0.1422445,1.2447784,5.1993376,5.1993376,1.5756126,-0.21363612,1.3494976,0.32028968
1211,-5.1993376,1.4532796,1.0841952,0.71359852,-0.26398459,-5.1993376,0.25360621,5.1993376,-5.1993376,-0.55985906,0.69910809,-1.6691125,-5.1993376
1212,-5.1993376,0.30185479,1.2640664,0.40607882,0.087932998,0.29660674,-1.1768904,-5.1993376,-5.1993376,-0.11441489,0.18547963,0.45146888,1.0424671
1213,1.0230033,-0.25490199,1.1895222,0.29267606,-0.26398459,0.62109893,0.96142934,-5.1993376,-5.1993376,-0.45564031,-1.1694007,-1.0230033,-5.1993376
1214,1.0230033,-0.68317781,-0.1422445,-0.089192496,-0.69112102,1.9858764,-1.3716572,5.1993376,-5.1993376,0.06025574,1.3781138,0.58052362,-5.1993376
1215,-5.1993376,1.3978365,0.55253687,1.6299924,0.087932998,-5.1993376,0.25360621,5.1993376,-5.1993376,0.14858402,-0.21363612,0.29922973,-5.1993376
1216,0.51349142,-0.58498388,0.91087287,0.75299744,-0.26398459,0.62109893,-0.36687305,-5.1993376,-5.1993376,0.64100179,0.69910809,-0.57311539,-5.1993376
1217,1.4181186,-0.93585209,0.55253687,1.4181186,1.0955557,0.87535389,1.2447784,5.1993376,-5.1993376,0.92233022,-0.60746322,0.29922973,1.2127505
1218,0.51349142,-0.66116187,0.2239158,0.57607489,-0.26398459,-0.1422445,1.2447784,5.1993376,-5.1993376,0.18165198,0.18547963,-1.2502419,0.57049298
1219,-5.1993376,-0.53653104,-5.1993376,-0.44869228,1.3684503,-0.1422445,-0.67055744,5.1993376,-5.1993376,0.34948301,-0.60746322,1.7560546,0.89804297
1220,1.0230033,0.15873981,1.0841952,0.95151828,-0.26398459,0.29660674,1.761948,5.1993376,-5.1993376,1.2475055,0.18547963,0.14858402,-5.1993376
1221,0.51349142,0.072829316,-0.48083942,-0.56279634,1.2023467,0.29660674,0.25360621,5.1993376,-5.1993376,0.37628274,-1.1694007,0.98561042,-5.1993376
1222,-5.1993376,-0.42660141,0.55253687,0.88088812,0.63946185,-5.1993376,0.25360621,5.1993376,-5.1993376,1.505747,0.69910809,-1.2502419,-5.1993376
1223,1.0230033,0.73315571,-5.1993376,-1.059682,-0.26398459,1.4354772,-0.67055744,5.1993376,5.1993376,0.22262957,-0.60746322,0.29922973,-5.1993376
1224,-5.1993376,0.32161055,-1.1644437,-0.90518882,0.17400458,-0.1422445,-0.67055744,5.1993376,5.1993376,-5.1993376,0.69910809,-0.17527843,-5.1993376
1225,-5.1993376,-0.52066149,1.2640664,1.6299924,0.087932998,-5.1993376,0.25360621,-5.1993376,-5.1993376,1.2557429,1.3781138,-1.0230033,-5.1993376
1226,-5.1993376,-0.83200627,-0.1422445,0.21235277,0.63946185,-5.1993376,0.25360621,5.1993376,-5.1993376,-0.17018472,0.69910809,-1.4678604,-5.1993376
1227,0.51349142,1.2874256,0.91087287,1.358913,-0.69112102,-0.1422445,1.2447784,5.1993376,-5.1993376,-0.55985906,0.69910809,-0.79704409,-5.1993376
1228,-5.1993376,1.3070634,-0.7315153,-0.041412601,-0.26398459,0.29660674,-1.1768904,5.1993376,-5.1993376,-0.92233022,0.18547963,-1.873053,-5.1993376
1229,-5.1993376,-0.42660141,0.2239158,0.8196557,-1.0819398,-5.1993376,0.25360621,5.1993376,5.1993376,-0.36017172,1.3781138,-1.873053,-5.1993376
1230,-5.1993376,0.30185479,1.0841952,0.91467864,-0.83733836,-5.1993376,0.25360621,-5.1993376,-5.1993376,3.2725334,-1.1694007,-0.001254569,-5.1993376
1231,-5.1993376,-1.2206403,1.0841952,1.0909946,-0.26398459,-5.1993376,0.25360621,5.1993376,-5.1993376,1.337127,-1.1694007,0.58052362,-5.1993376
1232,-5.1993376,-0.53653104,1.0841952,0.0062728847,0.40471681,2.0853556,-3.0899352,-5.1993376,-5.1993376,0.7413876,-1.1694007,-0.001254569,0.3628503
1233,-5.1993376,0.75466427,0.55253687,-0.56279634,1.6022103,-5.1993376,0.25360621,5.1993376,5.1993376,-5.1993376,-1.1694007,2.617134,-5.1993376
1234,1.4181186,-0.87167925,-0.1422445,0.05146002,0.30448193,1.0774455,0.89765526,5.1993376,-5.1993376,0.324254,-0.21363612,1.1140325,0.88960027
1235,-5.1993376,-0.3031681,1.649237,3.256603,0.40471681,-5.1993376,0.25360621,-5.1993376,-5.1993376,0.75800423,-0.21363612,0.58052362,0.28052863
1236,-5.1993376,1.0640914,-1.1644437,-0.6150245,-0.26398459,-5.1993376,0.25360621,5.1993376,-5.1993376,-5.1993376,0.18547963,-1.873053,-5.1993376
1237,-5.1993376,-0.56132709,0.55253687,0.91467864,0.17400458,0.29660674,-1.1768904,5.1993376,-5.1993376,1.2393519,-1.1694007,0.45146888,1.9853288
1238,-5.1993376,-0.27439149,0.55253687,-0.34149266,-0.26398459,-0.1422445,-0.67055744,5.1993376,-5.1993376,0.40471681,0.18547963,-0.17527843,1.010922
1239,2.1079532,1.5376912,-0.1422445,-0.44869228,-1.3219458,1.4354772,1.2447784,5.1993376,-5.1993376,1.6541448,0.69910809,0.98561042,1.5042586
1240,-5.1993376,-0.42660141,-0.43348197,-0.13591068,-0.26398459,-5.1993376,0.25360621,5.1993376,-5.1993376,0.06025574,1.3781138,-1.4678604,-5.1993376
1241,-5.1993376,0.94169982,0.55253687,0.98561042,-0.26398459,-5.1993376,0.25360621,-5.1993376,5.1993376,0.7413876,0.18547963,-0.36553148,-5.1993376
1242,1.0230033,0.75466427,-0.1422445,0.40607882,0.63946185,0.29660674,1.761948,5.1993376,5.1993376,0.29791798,0.69910809,-0.57311539,0.71659846
1243,0.51349142,0.59693534,1.0841952,-0.23808933,0.63946185,0.29660674,0.25360621,5.1993376,-5.1993376,0.72334253,0.18547963,-0.57311539,0.29475546
1244,1.0230033,1.1352842,-0.7315153,-0.29005812,-0.97143575,0.62109893,0.96142934,5.1993376,-5.1993376,-0.22648938,0.18547963,0.45146888,0.15355348
1245,-5.1993376,0.66741904,-0.1422445,-0.041412601,-0.26398459,-5.1993376,0.25360621,5.1993376,-5.1993376,1.4941549,0.69910809,1.8312243,0.26585543
1246,-5.1993376,2.0853556,-0.7315153,-0.50492201,-1.3219458,-5.1993376,0.25360621,5.1993376,-5.1993376,0.70552998,0.18547963,-0.17527843,0.60294309
1247,1.0230033,0.31105902,1.0841952,-0.56279634,-0.26398459,0.62109893,0.96142934,-5.1993376,5.1993376,0.37628274,-0.60746322,-1.0230033,-5.1993376
1248,0.51349142,1.7679033,-0.1422445,-0.6150245,-2.0431151,-0.1422445,1.2447784,5.1993376,-5.1993376,0.58796385,-0.60746322,0.45146888,-5.1993376
1249,-5.1993376,-0.90518882,-0.7315153,-0.77822491,0.63946185,-5.1993376,0.25360621,5.1993376,-5.1993376,-0.053972647,0.69910809,1.2339616,0.33349802
1250,0.51349142,0.97344873,1.0841952,1.123415,-2.0431151,0.62109893,-0.36687305,5.1993376,5.1993376,1.1328976,2.1196682,0.85167519,0.52641687
1251,-5.1993376,1.0640914,1.0841952,1.4181186,0.30448193,-5.1993376,0.25360621,5.1993376,-5.1993376,0.22262957,0.18547963,0.14858402,0.73973722
1252,-5.1993376,0.17655256,0.2239158,0.47100434,-1.3219458,-5.1993376,0.25360621,-5.1993376,-5.1993376,0.10810309,1.3781138,0.58052362,0.9127741
1253,-5.1993376,-0.80569207,-0.7315153,-0.56279634,-2.0431151,-0.1422445,-0.67055744,5.1993376,-5.1993376,-0.36017172,1.3781138,0.98561042,-5.1993376
1254,-5.1993376,1.6159455,0.99791966,1.3249577,-0.83733836,0.29660674,-1.1768904,-5.1993376,-5.1993376,0.86801634,0.18547963,0.45146888,-5.1993376
1255,-5.1993376,-0.42660141,-0.1422445,-0.041412601,-0.69112102,-5.1993376,0.25360621,5.1993376,-5.1993376,2.6741685,5.1993376,1.6590928,1.2127505
1256,-5.1993376,-0.8901723,1.4461036,0.50492201,0.30448193,-5.1993376,0.25360621,-5.1993376,5.1993376,0.51635627,-1.1694007,0.71036555,0.84817539
1257,-5.1993376,-0.42660141,-0.1422445,-0.29005812,-1.6299924,-5.1993376,0.25360621,5.1993376,-5.1993376,2.1196682,1.3781138,1.1140325,-5.1993376
1258,1.0230033,0.70714,1.649237,2.8817356,0.30448193,0.29660674,1.761948,5.1993376,-5.1993376,1.5215251,0.18547963,0.14858402,-5.1993376
1259,-5.1993376,1.505747,0.55253687,0.68001258,-1.3219458,-0.1422445,-0.67055744,5.1993376,5.1993376,-5.1993376,0.69910809,-1.2502419,0.79798697
1260,1.0230033,0.39520352,-0.1422445,0.32954771,-0.26398459,0.29660674,1.761948,5.1993376,-5.1993376,-0.55985906,-0.60746322,-1.0230033,-5.1993376
1261,0.51349142,0.30185479,0.55253687,0.71359852,-0.69112102,-0.1422445,1.2447784,5.1993376,5.1993376,0.29791798,-0.21363612,1.3494976,0.32028968
1262,-5.1993376,-0.42660141,-0.7315153,-0.29005812,-1.3219458,-0.1422445,-0.67055744,5.1993376,5.1993376,-0.55985906,1.3781138,-2.1079532,0.58872902
1263,0.51349142,-2.2464289,0.55253687,0.05146002,1.0955557,1.8803524,-1.7986626,-5.1993376,5.1993376,0.72334253,-1.1694007,-0.79704409,-5.1993376
1264,-5.1993376,0.37762969,-0.7315153,-0.34149266,0.63946185,-5.1993376,0.25360621,5.1993376,-5.1993376,2.579971,1.3781138,0.58052362,-5.1993376
1265,-5.1993376,-2.456904,-5.1993376,-1.144896,1.8379752,-5.1993376,0.25360621,5.1993376,5.1993376,0.96742157,-1.1694007,1.7560546,-5.1993376
1266,-5.1993376,-1.2251579,0.2239158,-1.505747,0.63946185,0.29660674,-1.1768904,-5.1993376,5.1993376,-1.0552931,-1.1694007,-0.79704409,-5.1993376
1267,-5.1993376,0.025094008,0.55253687,0.64872442,0.17400458,0.62109893,-1.5215251,-5.1993376,-5.1993376,0.22262957,-1.1694007,-1.6691125,-5.1993376
1268,-5.1993376,2.1439676,1.649237,2.0965206,-2.0431151,-5.1993376,0.25360621,5.1993376,5.1993376,-0.17018472,1.3781138,0.14858402,-5.1993376
1269,-5.1993376,1.199766,-0.7315153,-0.56279634,-1.7219141,-0.1422445,-0.67055744,5.1993376,5.1993376,0.56132709,0.69910809,-0.57311539,0.49213682
1270,0.51349142,0.095492152,-0.43348197,0.0062728847,0.63946185,0.87535389,-0.67055744,5.1993376,5.1993376,0.18165198,-0.60746322,-0.17527843,-5.1993376
1271,-5.1993376,-0.036390523,-0.1422445,-0.089192496,-0.69112102,-5.1993376,0.25360621,5.1993376,-5.1993376,0.75800423,2.1196682,-1.0230033,-5.1993376
1272,-5.1993376,1.7679033,0.55253687,0.13337869,0.63946185,-5.1993376,0.25360621,5.1993376,-5.1993376,-0.78332986,0.18547963,-0.36553148,-5.1993376
1273,-5.1993376,-0.26268576,-1.0357896,-0.72008693,0.97546566,0.29660674,-1.1768904,5.1993376,-5.1993376,0.324254,-1.1694007,2.1968939,-5.1993376
1274,1.4181186,-1.3978365,-0.7315153,-1.2529876,1.6022103,1.5843543,-0.36687305,-5.1993376,5.1993376,0.48930663,-5.1993376,1.464186,0.23550885
1275,-5.1993376,-1.8611047,0.55253687,-1.2529876,1.2023467,-0.1422445,-0.67055744,-5.1993376,5.1993376,-5.1993376,-5.1993376,0.45146888,0.9127741
1276,1.7679033,-0.12705243,-0.1422445,0.21235277,0.63946185,1.9858764,-0.41426686,5.1993376,5.1993376,0.7413876,-0.60746322,0.71036555,0.19825847
1277,-5.1993376,-0.31237604,-0.7315153,-0.39384742,-0.26398459,-5.1993376,0.25360621,5.1993376,5.1993376,-0.65804298,1.3781138,-0.79704409,-5.1993376
1278,-5.1993376,0.76639141,1.649237,1.4181186,-0.26398459,-0.1422445,-0.67055744,5.1993376,-5.1993376,0.98969684,-0.21363612,0.29922973,-5.1993376
1279,0.51349142,-0.42660141,-0.1422445,0.17400458,-0.26398459,-0.1422445,1.2447784,5.1993376,5.1993376,0.51635627,0.69910809,-1.0230033,-5.1993376
1280,-5.1993376,-1.2529876,-0.43348197,-0.50492201,0.30448193,0.62109893,-1.5215251,-5.1993376,-5.1993376,-0.45564031,-0.60746322,1.464186,0.58251447
1281,0.51349142,0.22648938,-1.1644437,-0.50492201,0.63946185,2.2899878,-2.2111272,5.1993376,-5.1993376,-0.45564031,-0.60746322,-0.36553148,-5.1993376
1282,1.0230033,0.056485615,1.1694007,1.959536,-0.26398459,2.0853556,-1.3978365,-5.1993376,-5.1993376,0.62566982,-0.21363612,0.85167519,1.3648735
1283,-5.1993376,1.0729729,-0.1422445,-0.089192496,-0.26398459,-5.1993376,0.25360621,-5.1993376,-5.1993376,0.90897492,0.18547963,-0.001254569,-5.1993376
1284,0.51349142,1.5135889,1.649237,2.456904,-1.3219458,1.0774455,-0.98765156,-5.1993376,-5.1993376,0.88830934,2.1196682,0.45146888,1.488199
1285,-5.1993376,1.1644437,-0.1422445,-1.059682,0.63946185,-5.1993376,0.25360621,-5.1993376,5.1993376,0.98969684,0.69910809,-1.6691125,-5.1993376
1286,-5.1993376,0.27699782,0.55253687,0.57607489,-0.26398459,-5.1993376,0.25360621,5.1993376,-5.1993376,-0.11441489,0.18547963,-0.79704409,-5.1993376
1287,0.51349142,-0.58498388,-0.1422445,0.47100434,-0.69112102,0.62109893,-0.36687305,5.1993376,5.1993376,0.92233022,1.3781138,0.14858402,0.82317161
1288,-5.1993376,-0.96142934,0.55253687,-1.9858764,1.3684503,0.87535389,-1.7986626,-5.1993376,5.1993376,-5.1993376,-1.1694007,1.6590928,-5.1993376
1289,1.0230033,1.3846283,2.2838445,2.2567448,-1.7219141,0.87535389,0.25360621,-5.1993376,-5.1993376,0.68159434,0.18547963,-0.17527843,0.88816343
1290,1.7679033,-0.80569207,-0.7315153,-0.98357337,0.30448193,0.87535389,2.5423492,5.1993376,-5.1993376,1.6541448,0.18547963,0.14858402,1.4170346
1291,0.51349142,-0.49922964,-5.1993376,-0.83912102,-0.97143575,0.29660674,0.25360621,5.1993376,-5.1993376,-0.65804298,0.69910809,-0.36553148,0.25231085
1292,-5.1993376,-1.1140325,-0.7315153,-0.34149266,-0.69112102,-5.1993376,0.25360621,5.1993376,5.1993376,0.40471681,1.3781138,-0.57311539,-5.1993376
1293,-5.1993376,-0.42660141,-0.7315153,-0.50492201,0.63946185,-5.1993376,0.25360621,5.1993376,-5.1993376,1.2023467,1.3781138,1.5669896,0.42522773
1294,-5.1993376,-1.1768904,-0.1422445,-0.34149266,-0.26398459,-5.1993376,0.25360621,5.1993376,5.1993376,0.48930663,0.69910809,1.9858764,0.6557419
1295,-5.1993376,0.15873981,1.2640664,1.9264032,-0.26398459,-5.1993376,0.25360621,5.1993376,5.1993376,0.51635627,-0.21363612,0.45146888,1.933502
1296,-5.1993376,1.1047469,0.55253687,1.5843543,0.97546566,-5.1993376,0.25360621,5.1993376,5.1993376,-0.17018472,0.18547963,0.29922973,-5.1993376
1297,-5.1993376,2.0853556,1.649237,2.2258232,-0.26398459,-0.1422445,-0.67055744,5.1993376,-5.1993376,0.81440074,0.18547963,2.8067115,-5.1993376
1298,0.51349142,2.5423492,0.55253687,1.057485,-0.26398459,0.29660674,0.25360621,5.1993376,5.1993376,-0.053972647,0.18547963,-0.57311539,-5.1993376
1299,-5.1993376,1.1352842,0.91087287,1.2075323,-0.26398459,-0.1422445,-0.67055744,5.1993376,5.1993376,0.68159434,-0.60746322,1.9858764,2.3656791
1300,-5.1993376,-1.5712865,0.2239158,-0.6150245,0.40471681,-5.1993376,0.25360621,-5.1993376,5.1993376,-1.0552931,-1.1694007,-0.36553148,0.61957818
1301,-5.1993376,0.49638952,-0.1422445,0.50492201,0.63946185,-5.1993376,0.25360621,5.1993376,-5.1993376,0.45842568,-0.60746322,-1.0230033,-5.1993376
1302,-5.1993376,-0.66116187,1.649237,1.3879077,0.63946185,-5.1993376,0.25360621,-5.1993376,-5.1993376,0.79360155,-1.1694007,0.45146888,-5.1993376
1303,0.51349142,-1.8517338,-0.7315153,-2.5423492,0.97546566,0.62109893,-0.36687305,-5.1993376,5.1993376,0.0062728847,-1.1694007,-1.4678604,-5.1993376
1304,-5.1993376,-1.0230033,-0.1422445,0.43900121,-1.3219458,-5.1993376,0.25360621,5.1993376,-5.1993376,0.82846465,0.69910809,-0.001254569,0.51746332
1305,0.51349142,-0.13591068,0.2239158,-0.18547963,0.30448193,1.2612822,-1.1768904,-5.1993376,-5.1993376,0.88830934,-1.1694007,-0.57311539,-5.1993376
1306,-5.1993376,-1.0166724,1.649237,1.5096564,-0.26398459,0.29660674,-1.1768904,5.1993376,5.1993376,-0.45564031,0.69910809,-1.0230033,1.0315088
1307,-5.1993376,1.4112933,-5.1993376,-1.2529876,1.6022103,-0.1422445,-0.67055744,5.1993376,5.1993376,-5.1993376,-1.1694007,-1.2502419,-5.1993376
1308,0.51349142,-1.1140325,0.55253687,0.91467864,-1.0819398,1.2612822,-1.1768904,5.1993376,-5.1993376,-0.78332986,0.69910809,0.45146888,1.8950725
1309,-5.1993376,1.5799684,-1.0357896,-0.50492201,-2.3863399,-5.1993376,0.25360621,5.1993376,5.1993376,-5.1993376,2.1196682,-1.2502419,1.3126097
1310,-5.1993376,0.27699782,-0.43348197,-0.34149266,0.63946185,-5.1993376,0.25360621,5.1993376,5.1993376,-5.1993376,-0.60746322,-0.57311539,-5.1993376
1311,1.0230033,-0.18165198,-0.1422445,0.75299744,1.3684503,1.0774455,-0.300542,5.1993376,5.1993376,-0.55985906,-0.60746322,0.58052362,1.4417878
1312,-5.1993376,-0.20081806,-0.1422445,0.17400458,-0.69112102,-5.1993376,0.25360621,-5.1993376,-5.1993376,0.79360155,1.3781138,1.3494976,-5.1993376
1313,-5.1993376,-0.2239158,-0.7315153,-0.50492201,0.63946185,-0.1422445,-0.67055744,5.1993376,5.1993376,-0.17018472,-1.1694007,1.464186,-5.1993376
1314,-5.1993376,-1.761948,-0.1422445,-1.059682,1.6022103,-5.1993376,0.25360621,5.1993376,-5.1993376,-0.92233022,-1.1694007,1.1140325,1.0462275
1315,-5.1993376,-0.63025382,-0.1422445,0.61199579,1.3684503,0.62109893,-1.5215251,5.1993376,-5.1993376,-0.65804298,-0.60746322,-0.57311539,-5.1993376
1316,1.0230033,-0.028859086,-0.43348197,0.88088812,0.30448193,0.29660674,1.761948,5.1993376,-5.1993376,0.81440074,-0.21363612,0.29922973,-5.1993376
1317,-5.1993376,1.6022103,-1.1644437,-0.44869228,-1.8114574,-5.1993376,0.25360621,5.1993376,-5.1993376,-0.17018472,0.18547963,1.6590928,0.49213682
1318,-5.1993376,0.32161055,-1.1644437,0.05146002,-0.26398459,1.4354772,-2.3863399,5.1993376,-5.1993376,-0.92233022,-0.21363612,1.464186,0.55985906
1319,-5.1993376,-1.2206403,-1.1644437,-0.77822491,1.6022103,0.87535389,-1.7986626,-5.1993376,-5.1993376,-0.22648938,-1.1694007,-1.2502419,-5.1993376
1320,-5.1993376,1.0124743,-0.7315153,-0.23808933,0.63946185,-0.1422445,-0.67055744,-5.1993376,-5.1993376,-0.36017172,0.69910809,-0.57311539,-5.1993376
1321,-5.1993376,-1.1140325,-0.7315153,-0.089192496,-0.26398459,-5.1993376,0.25360621,5.1993376,-5.1993376,1.0685216,1.3781138,-0.57311539,-5.1993376
1322,0.51349142,-0.66116187,0.13811333,0.91467864,0.63946185,-0.1422445,1.2447784,5.1993376,5.1993376,0.10810309,-0.60746322,0.29922973,1.0097369
1323,-5.1993376,0.9165865,0.55253687,0.61199579,-0.26398459,-0.1422445,-0.67055744,-5.1993376,-5.1993376,1.3781138,0.18547963,-0.79704409,-5.1993376
1324,-5.1993376,2.1439676,0.55253687,-0.29005812,-2.3863399,1.5843543,-2.5423492,5.1993376,-5.1993376,-5.1993376,-1.1694007,0.29922973,-5.1993376
1325,-5.1993376,-0.15365993,0.91087287,2.4085504,-0.26398459,-5.1993376,0.25360621,-5.1993376,-5.1993376,0.64100179,-0.21363612,0.14858402,0.54963564
1326,0.51349142,-0.15365993,-0.7315153,0.47100434,-0.26398459,-0.1422445,1.2447784,5.1993376,5.1993376,-0.17018472,-0.60746322,1.9858764,1.2127505
1327,0.51349142,0.90330062,-0.1422445,-0.23808933,0.63946185,-0.1422445,1.2447784,5.1993376,-5.1993376,1.4079051,0.69910809,0.29922973,0.95151828
1328,-5.1993376,0.42385485,-0.7315153,-0.56279634,-0.97143575,-5.1993376,0.25360621,5.1993376,5.1993376,-5.1993376,0.69910809,-1.0230033,-5.1993376
1329,-5.1993376,-1.3186747,-0.1422445,-0.34149266,-0.97143575,-5.1993376,0.25360621,5.1993376,-5.1993376,-0.36017172,0.69910809,-0.001254569,0.56977646
1330,-5.1993376,-0.31237604,1.0841952,2.4979834,0.30448193,0.62109893,-1.5215251,-5.1993376,-5.1993376,-0.22648938,-0.60746322,-0.001254569,-5.1993376
1331,-5.1993376,-1.7784157,-0.1422445,-0.98357337,1.2023467,-0.1422445,-0.67055744,5.1993376,-5.1993376,0.58796385,-1.1694007,-0.001254569,1.4187474
1332,-5.1993376,1.3716572,-0.1422445,0.25360621,-1.3219458,-5.1993376,0.25360621,5.1993376,-5.1993376,0.88830934,0.18547963,0.14858402,1.0898297
1333,2.1079532,1.2206403,-0.1422445,0.05146002,-1.0819398,1.2612822,1.761948,5.1993376,-5.1993376,-0.17018472,0.69910809,0.71036555,0.34948301
1334,1.0230033,0.31105902,-0.1422445,0.05146002,-0.26398459,0.29660674,1.761948,5.1993376,5.1993376,0.56132709,0.69910809,-0.57311539,0.6609065
1335,0.51349142,-0.59393954,0.11820414,0.092971849,0.30448193,0.62109893,-0.36687305,-5.1993376,-5.1993376,0.34948301,-0.60746322,1.3494976,0.30711117
1336,-5.1993376,-0.3521514,0.55253687,0.64872442,0.63946185,-0.1422445,-0.67055744,5.1993376,-5.1993376,-0.28744217,-0.60746322,-0.001254569,-5.1993376
1337,-5.1993376,0.45424896,0.55253687,1.2366522,0.97546566,-0.1422445,-0.67055744,-5.1993376,-5.1993376,0.45842568,0.18547963,2.1968939,0.63380448
1338,-5.1993376,-0.95547144,0.55253687,0.57607489,-0.26398459,-5.1993376,0.25360621,5.1993376,-5.1993376,0.06025574,0.69910809,-1.6691125,-5.1993376
1339,0.51349142,-0.80569207,-0.1422445,0.29267606,-1.8658521,0.29660674,0.25360621,5.1993376,-5.1993376,-1.0552931,1.3781138,-0.17527843,-5.1993376
1340,-5.1993376,-0.62414474,-0.1422445,-0.18547963,0.63946185,-5.1993376,0.25360621,5.1993376,-5.1993376,-0.45564031,-1.1694007,1.9858764,-5.1993376
1341,1.0230033,0.15873981,-0.43348197,-0.041412601,-0.26398459,0.87535389,0.25360621,-5.1993376,-5.1993376,0.10810309,1.3781138,1.6590928,1.0890654
1342,-5.1993376,-0.29529601,-0.1422445,0.54088248,-0.83733836,0.87535389,-1.7986626,-5.1993376,-5.1993376,1.0444088,-0.21363612,0.14858402,0.20667834
1343,-5.1993376,-0.54524419,0.55253687,1.1794018,0.97546566,0.29660674,-1.1768904,5.1993376,-5.1993376,0.86801634,-0.21363612,-0.001254569,0.19472527
1344,-5.1993376,0.83023416,0.55253687,0.61199579,-0.26398459,-5.1993376,0.25360621,5.1993376,-5.1993376,0.86801634,0.18547963,0.71036555,-5.1993376
1345,1.0230033,0.61805886,0.55253687,0.8196557,-0.26398459,2.2899878,-1.6741858,-5.1993376,5.1993376,1.337127,-0.60746322,1.3494976,0.49213682
1346,-5.1993376,-0.56132709,0.55253687,-0.041412601,0.97546566,-5.1993376,0.25360621,5.1993376,-5.1993376,-0.36017172,0.18547963,0.29922973,0.6927149
1347,0.51349142,0.31105902,0.55253687,0.71359852,0.087932998,0.62109893,-0.36687305,5.1993376,5.1993376,0.40471681,-0.21363612,1.5669896,1.7285842
1348,-5.1993376,-1.1140325,-0.1422445,0.29267606,-0.69112102,-5.1993376,0.25360621,5.1993376,-5.1993376,1.4237571,0.69910809,0.14858402,2.4504484
1349,1.4181186,0.98154039,-0.39607543,-0.66428721,-0.97143575,0.87535389,1.2447784,-5.1993376,-5.1993376,-0.55985906,-0.21363612,-1.2502419,-5.1993376
1350,1.7679033,-0.59393954,-0.7315153,-0.98357337,0.63946185,0.87535389,2.5423492,5.1993376,-5.1993376,1.8245559,-0.21363612,0.58052362,1.824642
1351,-5.1993376,-1.1140325,-0.1422445,-0.29005812,0.63946185,-5.1993376,0.25360621,5.1993376,5.1993376,0.98969684,0.69910809,-0.001254569,1.1001397
1352,-5.1993376,0.33485067,0.55253687,0.8196557,-0.26398459,-5.1993376,0.25360621,5.1993376,5.1993376,-0.11441489,0.69910809,-0.17527843,0.720629
1353,0.51349142,-2.1440107,-0.1422445,-0.39384742,1.6022103,0.62109893,-0.36687305,5.1993376,5.1993376,-5.1993376,-1.1694007,0.98561042,-5.1993376
1354,0.51349142,1.4319709,0.55253687,1.5627215,-0.26398459,0.29660674,0.25360621,5.1993376,5.1993376,1.5376912,-0.21363612,-0.17527843,1.6786713
1355,0.51349142,-0.31237604,0.55253687,0.36821529,-0.26398459,0.62109893,-0.36687305,-5.1993376,-5.1993376,-0.45564031,-1.1694007,1.3494976,0.28352193
1356,-5.1993376,-0.85167519,-1.1644437,-0.83912102,-1.3219458,-0.1422445,-0.67055744,5.1993376,-5.1993376,-0.36017172,0.69910809,1.1140325,0.17202782
1357,0.51349142,0.14731565,-0.7315153,-0.23808933,-0.26398459,-0.1422445,1.2447784,5.1993376,-5.1993376,-0.92233022,0.18547963,-0.57311539,-5.1993376
1358,-5.1993376,-1.2809814,-5.1993376,-0.90518882,-1.3219458,-5.1993376,0.25360621,5.1993376,-5.1993376,0.10810309,1.3781138,-2.1079532,-5.1993376
1359,0.51349142,0.14731565,1.959536,1.533612,0.087932998,0.62109893,-0.36687305,-5.1993376,5.1993376,-5.1993376,-1.1694007,-0.17527843,-5.1993376
1360,0.51349142,0.27699782,0.91087287,1.2075323,-0.26398459,0.29660674,0.25360621,-5.1993376,-5.1993376,0.324254,-0.21363612,0.98561042,0.96942671
1361,-5.1993376,-0.98154039,-5.1993376,-1.9858764,2.1440107,-5.1993376,0.25360621,5.1993376,5.1993376,0.0062728847,-1.1694007,-1.4678604,-5.1993376
1362,-5.1993376,0.43210422,5.1993376,1.9858764,-1.6299924,-5.1993376,0.25360621,5.1993376,5.1993376,-0.92233022,0.18547963,1.2339616,-5.1993376
1363,2.483413,0.34948301,-0.7315153,-0.90518882,-0.97143575,2.3863399,-0.32028968,-5.1993376,5.1993376,-0.11441489,-0.60746322,-0.79704409,0.49213682
1364,-5.1993376,0.5642668,0.55253687,0.68001258,-2.0431151,-5.1993376,0.25360621,5.1993376,-5.1993376,1.1497418,1.3781138,0.29922973,-5.1993376
1365,-5.1993376,-1.1140325,-0.1422445,0.21235277,0.63946185,-5.1993376,0.25360621,5.1993376,5.1993376,-5.1993376,1.3781138,-0.79704409,-5.1993376
1366,1.4181186,-0.69112102,1.4496823,-0.29005812,0.63946185,1.0774455,0.89765526,5.1993376,-5.1993376,1.337127,-0.21363612,-0.17527843,2.0965206
1367,-5.1993376,-0.86436505,-0.7315153,0.21235277,-0.26398459,-5.1993376,0.25360621,5.1993376,5.1993376,-0.65804298,0.18547963,0.98561042,-5.1993376
1368,-5.1993376,0.17655256,-0.7315153,-0.23808933,-0.83733836,-5.1993376,0.25360621,5.1993376,5.1993376,1.8245559,1.3781138,1.3494976,-5.1993376
1369,-5.1993376,0.69910809,-5.1993376,-1.144896,-0.26398459,-5.1993376,0.25360621,5.1993376,-5.1993376,-1.0552931,-1.1694007,-0.001254569,0.47380967
1370,1.0230033,-0.20081806,0.2239158,-0.18547963,1.2023467,1.9858764,-1.3716572,-5.1993376,-5.1993376,-0.45564031,-1.1694007,0.29922973,-5.1993376
1371,-5.1993376,-0.42660141,0.2239158,0.40607882,-1.0819398,0.29660674,-1.1768904,5.1993376,-5.1993376,0.953493,0.69910809,-0.17527843,-5.1993376
1372,-5.1993376,-0.12705243,-0.1422445,0.47100434,0.30448193,0.29660674,-1.1768904,-5.1993376,-5.1993376,-0.28744217,-0.60746322,0.29922973,-5.1993376
1373,-5.1993376,-1.3652574,-0.7315153,-0.98357337,-0.26398459,0.87535389,-1.7986626,5.1993376,5.1993376,-0.92233022,-1.1694007,-0.17527843,-5.1993376
1374,-5.1993376,0.46400712,-5.1993376,-0.66428721,-1.3219458,-5.1993376,0.25360621,5.1993376,-5.1993376,1.5097242,0.18547963,-0.79704409,-5.1993376
1375,-5.1993376,0.13464458,-1.1644437,-0.90518882,-0.97143575,-5.1993376,0.25360621,-5.1993376,5.1993376,-5.1993376,-0.60746322,-0.57311539,-5.1993376
1376,-5.1993376,-0.14604751,-0.1422445,0.8196557,0.63946185,-0.1422445,-0.67055744,5.1993376,5.1993376,1.505747,-0.60746322,0.45146888,-5.1993376
1377,0.51349142,-0.067798615,-0.7315153,-0.56279634,0.63946185,0.87535389,-0.67055744,5.1993376,-5.1993376,1.5932188,-0.21363612,0.71036555,0.44545888
1378,0.51349142,-0.13591068,0.2239158,0.21235277,0.63946185,0.29660674,0.25360621,5.1993376,-5.1993376,-0.55985906,-0.21363612,-0.36553148,-5.1993376
1379,0.51349142,1.5376912,-5.1993376,-1.3684503,0.30448193,-0.1422445,1.2447784,5.1993376,-5.1993376,-0.45564031,0.69910809,-1.4678604,0.97886816
1380,-5.1993376,0.046435725,-0.1422445,0.50492201,0.17400458,0.29660674,-1.1768904,5.1993376,5.1993376,0.22262957,-1.1694007,-0.36553148,0.82317161
1381,-5.1993376,-0.42660141,0.55253687,0.61199579,-1.3219458,-5.1993376,0.25360621,5.1993376,-5.1993376,0.40471681,0.69910809,2.7474533,1.4568958
1382,-5.1993376,-0.87167925,-1.1644437,-1.059682,-0.26398459,-5.1993376,0.25360621,-5.1993376,5.1993376,-5.1993376,0.69910809,-1.4678604,-5.1993376
1383,1.4181186,-1.4181186,-5.1993376,-2.5423492,1.3684503,1.8803524,-0.67055744,5.1993376,-5.1993376,1.7659112,-0.21363612,0.71036555,1.2321265
1384,0.51349142,0.046435725,0.55253687,0.29267606,0.63946185,1.0774455,-0.98765156,5.1993376,5.1993376,1.3978365,0.69910809,1.464186,0.55985906
1385,0.51349142,-0.54524419,-0.1422445,0.25360621,1.2023467,0.62109893,-0.36687305,-5.1993376,5.1993376,0.0062728847,-1.1694007,-1.4678604,-5.1993376
1386,1.0230033,-1.8031535,0.11820414,-0.44869228,1.0955557,0.87535389,0.25360621,5.1993376,5.1993376,1.1163689,-1.1694007,1.1140325,0.40199502
1387,2.1079532,0.34948301,0.55253687,0.17400458,0.17400458,1.8803524,0.25360621,5.1993376,5.1993376,0.4307273,-1.1694007,0.45146888,-5.1993376
1388,-5.1993376,-0.27439149,-0.7315153,0.13337869,1.6022103,-5.1993376,0.25360621,-5.1993376,5.1993376,-0.45564031,-1.1694007,-0.57311539,-5.1993376
1389,-5.1993376,-0.87167925,-0.7315153,-0.39384742,-0.26398459,-5.1993376,0.25360621,5.1993376,5.1993376,-5.1993376,0.69910809,-1.873053,-5.1993376
1390,1.7679033,-2.370842,-5.1993376,-2.1316816,-1.0819398,1.0774455,1.5542696,5.1993376,-5.1993376,-0.92233022,1.3781138,0.71036555,-5.1993376
1391,0.51349142,-0.63025382,-1.0444088,-1.9858764,0.17400458,-0.1422445,1.2447784,-5.1993376,5.1993376,-5.1993376,-1.1694007,-0.57311539,-5.1993376
1392,-5.1993376,-0.94757994,-0.7315153,-0.77822491,-0.26398459,-0.1422445,-0.67055744,5.1993376,5.1993376,-5.1993376,1.3781138,-1.6691125,-5.1993376
1393,1.0230033,0.44314942,0.55253687,0.05146002,-0.26398459,0.87535389,0.25360621,5.1993376,-5.1993376,0.45842568,-0.60746322,0.58052362,0.73973722
1394,0.51349142,-1.2053021,1.2640664,0.78845531,0.63946185,-0.1422445,1.2447784,5.1993376,-5.1993376,0.0062728847,0.18547963,-0.001254569,-5.1993376
1395,0.51349142,-0.23292993,-0.1422445,0.95151828,0.087932998,0.29660674,0.25360621,5.1993376,-5.1993376,0.26658359,-0.21363612,-0.001254569,0.30740343
1396,0.51349142,-1.4157599,-1.1644437,-2.1316816,1.6022103,1.0774455,-0.98765156,-5.1993376,-5.1993376,-0.22648938,-5.1993376,-1.0230033,0.20338767
1397,-5.1993376,-0.32557657,-0.43348197,-0.29005812,0.30448193,-5.1993376,0.25360621,-5.1993376,-5.1993376,-0.92233022,-0.60746322,1.3494976,0.9817633
1398,1.0230033,-0.29529601,0.55253687,0.47100434,-0.83733836,0.62109893,0.96142934,5.1993376,5.1993376,0.79360155,1.3781138,-0.001254569,1.3311003
1399,-5.1993376,-1.1768904,-5.1993376,-1.6590928,-0.97143575,0.29660674,-1.1768904,5.1993376,-5.1993376,-0.65804298,1.3781138,-1.4678604,0.25957686
1400,-5.1993376,1.1644437,2.0042336,1.1794018,-1.7219141,-5.1993376,0.25360621,-5.1993376,-5.1993376,-0.053972647,0.69910809,0.45146888,-5.1993376
1401,0.51349142,-1.0487476,-0.7315153,-1.9858764,2.1440107,0.87535389,-0.67055744,5.1993376,-5.1993376,-0.45564031,-1.1694007,1.464186,1.2844291
1402,2.1079532,0.11820414,1.2640664,-0.23808933,-0.26398459,1.5843543,0.96142934,5.1993376,5.1993376,-0.17018472,0.18547963,0.29922973,0.74642729
1403,1.0230033,-0.31237604,-0.1422445,0.0062728847,-0.26398459,0.87535389,0.25360621,5.1993376,-5.1993376,0.06025574,0.69910809,-1.2502419,0.33617787
1404,1.4181186,-0.26268576,0.55253687,0.88088812,-1.0819398,1.0774455,0.89765526,5.1993376,5.1993376,-5.1993376,0.18547963,0.98561042,0.49213682
1405,-5.1993376,1.5376912,1.2640664,0.54088248,-0.83733836,-5.1993376,0.25360621,-5.1993376,-5.1993376,-0.55985906,0.18547963,-0.57311539,1.3841204
1406,1.0230033,-0.15365993,-5.1993376,-0.13591068,0.17400458,0.29660674,1.761948,5.1993376,-5.1993376,-0.28744217,-0.60746322,0.71036555,-5.1993376
1407,0.51349142,1.7679033,-5.1993376,-0.77822491,-2.0431151,-0.1422445,1.2447784,5.1993376,5.1993376,-0.78332986,0.69910809,-0.36553148,-5.1993376
1408,-5.1993376,-0.53653104,1.649237,1.5627215,-0.26398459,0.87535389,-1.7986626,-5.1993376,5.1993376,0.4307273,-1.1694007,-0.79704409,-5.1993376
1409,0.51349142,0.26138737,0.55253687,0.25360621,0.63946185,0.29660674,0.25360621,-5.1993376,-5.1993376,-1.0552931,-0.60746322,-0.36553148,0.21187149
1410,-5.1993376,-0.70392179,-0.7315153,-0.39384742,0.63946185,1.2612822,-2.2111272,5.1993376,5.1993376,-5.1993376,0.69910809,-1.4678604,-5.1993376
1411,1.4181186,0.74635093,-1.3645121,-0.90518882,-0.26398459,1.0774455,0.89765526,-5.1993376,-5.1993376,0.48930663,-0.60746322,-1.2502419,-5.1993376
1412,-5.1993376,-0.60595514,1.649237,1.792374,0.30448193,-5.1993376,0.25360621,5.1993376,-5.1993376,0.60897269,-0.21363612,-0.17527843,-5.1993376
1413,1.0230033,-0.98561042,-0.1422445,0.43900121,-0.26398459,0.87535389,0.25360621,-5.1993376,-5.1993376,-0.053972647,1.3781138,-0.57311539,0.34619824
1414,-5.1993376,-0.79188381,-0.1422445,0.78845531,0.63946185,0.87535389,-1.7986626,5.1993376,-5.1993376,0.45842568,-0.60746322,-0.001254569,0.61957818
1415,-5.1993376,0.62872436,-0.7315153,0.17400458,-0.26398459,-0.1422445,-0.67055744,5.1993376,-5.1993376,0.26658359,0.18547963,0.14858402,0.4296504
1416,0.51349142,-1.0082941,-1.1644437,-1.505747,1.6022103,-0.1422445,1.2447784,-5.1993376,5.1993376,0.18165198,-1.1694007,0.29922973,-5.1993376
1417,-5.1993376,-0.42660141,0.55253687,0.95151828,1.6022103,1.0774455,-1.994971,5.1993376,-5.1993376,0.22262957,-1.1694007,1.8952593,-5.1993376
1418,1.0230033,1.1869807,0.82669773,0.75299744,-1.0819398,0.29660674,1.761948,-5.1993376,-5.1993376,0.37628274,0.18547963,-1.0230033,-5.1993376
1419,-5.1993376,0.36955819,1.1794018,0.61199579,-0.97143575,-0.1422445,-0.67055744,-5.1993376,-5.1993376,-0.17018472,0.18547963,-1.0230033,0.84504225
1420,0.51349142,-0.87904038,0.55253687,0.17400458,-1.3219458,-0.1422445,1.2447784,5.1993376,-5.1993376,-0.28744217,0.18547963,0.85167519,0.84394575
1421,1.4181186,0.025094008,0.55253687,0.75299744,0.30448193,1.9858764,-0.95151828,5.1993376,-5.1993376,0.88830934,-0.21363612,-0.17527843,0.23912196
1422,-5.1993376,0.087932998,1.649237,1.7679033,0.30448193,-5.1993376,0.25360621,5.1993376,5.1993376,-0.22648938,0.69910809,-1.0230033,0.80077557
1423,-5.1993376,0.31105902,0.55253687,0.88088812,-0.26398459,-0.1422445,-0.67055744,5.1993376,-5.1993376,0.62566982,-0.21363612,1.1140325,-5.1993376
1424,-5.1993376,-0.63792343,-1.3432866,-0.29005812,1.6022103,0.87535389,-1.7986626,5.1993376,5.1993376,-0.78332986,-1.1694007,0.71036555,0.45713667
1425,0.51349142,0.99174625,1.3620783,1.4903351,0.17400458,0.29660674,0.25360621,-5.1993376,-5.1993376,1.1669186,0.18547963,-0.36553148,1.01584
1426,-5.1993376,2.2986408,1.401177,1.9264032,-2.483413,-5.1993376,0.25360621,5.1993376,-5.1993376,0.72334253,2.1196682,-0.36553148,1.400564
1427,1.4181186,-0.29529601,0.2239158,0.47100434,0.63946185,0.62109893,2.1696941,5.1993376,-5.1993376,0.93779777,0.69910809,1.2339616,-5.1993376
1428,-5.1993376,-0.42660141,-0.1422445,-0.66428721,-0.26398459,-5.1993376,0.25360621,5.1993376,-5.1993376,-0.55985906,0.69910809,1.6590928,0.20720011
1429,1.0230033,1.0336468,1.1895222,0.84987354,-1.3219458,0.29660674,1.761948,-5.1993376,-5.1993376,0.14858402,0.18547963,-1.2502419,-5.1993376
1430,-5.1993376,0.016310116,0.11820414,0.0062728847,-0.26398459,-5.1993376,0.25360621,-5.1993376,-5.1993376,0.75800423,-0.60746322,-0.17527843,0.27308902
1431,1.0230033,0.83912102,-5.1993376,-0.83912102,-0.26398459,1.0774455,-0.300542,5.1993376,-5.1993376,-0.55985906,0.69910809,-1.2502419,0.3735909
1432,1.4181186,-0.42660141,0.82669773,0.29267606,-0.26398459,2.7474533,-1.7986626,-5.1993376,-5.1993376,-0.28744217,0.69910809,1.3494976,0.76110412
1433,0.51349142,0.73315571,-5.1993376,-0.98357337,-1.3219458,0.62109893,-0.36687305,5.1993376,-5.1993376,-0.55985906,0.18547963,-0.17527843,-5.1993376
1434,2.1079532,1.1497418,-5.1993376,-0.90518882,-0.26398459,1.4354772,1.2447784,5.1993376,-5.1993376,0.29791798,0.69910809,-0.36553148,0.49213682
1435,0.51349142,0.32161055,1.2640664,1.2075323,-0.69112102,-0.1422445,1.2447784,-5.1993376,-5.1993376,1.6896701,-0.60746322,2.1968939,0.93003618
1436,-5.1993376,0.55107599,1.1794018,1.0230033,0.30448193,-0.1422445,-0.67055744,5.1993376,-5.1993376,-0.36017172,0.18547963,0.98561042,1.1644437
1437,-5.1993376,2.3050892,0.55253687,0.95151828,-1.3219458,-5.1993376,0.25360621,5.1993376,-5.1993376,1.0187781,0.69910809,-0.36553148,0.87719565
1438,0.51349142,-0.6150245,-0.7315153,-1.6590928,1.0955557,1.4354772,-1.3846283,-5.1993376,-5.1993376,-0.78332986,-5.1993376,-0.79704409,-5.1993376
1439,1.0230033,1.0729729,-0.1422445,0.0062728847,-0.97143575,0.29660674,1.761948,5.1993376,-5.1993376,-1.0552931,0.69910809,-0.36553148,-5.1993376
1440,0.51349142,-0.036390523,0.91087287,-0.18547963,1.0955557,1.7444475,-1.6896701,-5.1993376,-5.1993376,0.88830934,-0.60746322,-0.17527843,1.1001397
1441,-5.1993376,-1.5215251,-0.1422445,-1.059682,1.2023467,0.29660674,-1.1768904,-5.1993376,-5.1993376,-0.22648938,-1.1694007,0.71036555,-5.1993376
1442,0.51349142,-0.95547144,0.55253687,0.50492201,-0.26398459,-0.1422445,1.2447784,5.1993376,5.1993376,-0.45564031,0.69910809,0.58052362,2.0168626
1443,1.0230033,0.5642668,1.2640664,1.5096564,0.30448193,0.29660674,1.761948,5.1993376,5.1993376,0.18165198,0.69910809,0.45146888,-5.1993376
1444,1.4181186,0.93003618,2.1968939,1.4181186,-1.3219458,0.62109893,2.1696941,-5.1993376,-5.1993376,-0.053972647,0.69910809,0.45146888,0.95151828
1445,1.4181186,-0.50777433,-1.1644437,-1.2529876,0.087932998,1.0774455,0.89765526,5.1993376,-5.1993376,0.90897492,0.18547963,-0.001254569,0.76574433
1446,0.51349142,-1.2867019,0.2239158,-0.29005812,1.6022103,0.62109893,-0.36687305,-5.1993376,5.1993376,0.0062728847,-1.1694007,-0.001254569,-5.1993376
1447,-5.1993376,1.7330708,2.4320167,2.4085504,-0.69112102,-5.1993376,0.25360621,5.1993376,5.1993376,-0.28744217,0.18547963,-1.2502419,-5.1993376
1448,0.51349142,-0.36017172,-0.1422445,-0.18547963,0.17400458,0.62109893,-0.36687305,5.1993376,-5.1993376,-0.28744217,-0.60746322,1.1140325,0.61957818
1449,-5.1993376,-2.456904,-5.1993376,-0.39384742,0.97546566,0.62109893,-1.5215251,5.1993376,-5.1993376,0.53653104,-0.60746322,-0.36553148,-5.1993376
1450,-5.1993376,0.81790154,-0.1422445,-0.39384742,0.63946185,-0.1422445,-0.67055744,5.1993376,5.1993376,-5.1993376,0.69910809,0.58052362,0.51253742
1451,1.0230033,-0.28482819,0.2239158,-0.089192496,-0.26398459,1.7444475,-1.0230033,5.1993376,5.1993376,-0.17018472,-0.60746322,0.14858402,1.5538636
1452,2.483413,2.0853556,0.55253687,0.40607882,-1.6299924,2.8778461,-1.0145711,5.1993376,-5.1993376,0.29791798,0.69910809,0.29922973,1.6541448
1453,0.51349142,1.1352842,1.649237,1.7330708,-0.69112102,-0.1422445,1.2447784,5.1993376,-5.1993376,0.324254,0.18547963,0.85167519,2.0965206
1454,-5.1993376,1.6691125,1.2640664,0.21235277,-0.97143575,-0.1422445,-0.67055744,5.1993376,-5.1993376,1.9476546,0.18547963,0.71036555,2.0381816
1455,1.7679033,-0.49922964,0.2239158,-1.3684503,2.7474533,2.456904,-1.0187781,-5.1993376,5.1993376,-5.1993376,-5.1993376,0.29922973,0.17132472
1456,1.0230033,-0.67527746,0.55253687,0.47100434,-1.7219141,1.2612822,-0.42385485,5.1993376,-5.1993376,0.06025574,0.69910809,0.71036555,1.432779
1457,1.0230033,-0.34415366,-1.1644437,-0.6150245,-2.0431151,0.29660674,1.761948,5.1993376,5.1993376,-1.0552931,1.3781138,-5.1993376,-5.1993376
1458,-5.1993376,-0.42660141,0.31764959,1.057485,-1.3219458,-5.1993376,0.25360621,5.1993376,-5.1993376,1.358913,1.3781138,0.14858402,0.49213682
1459,-5.1993376,0.86618925,-0.43348197,-0.18547963,-1.3219458,-5.1993376,0.25360621,5.1993376,-5.1993376,-0.45564031,0.18547963,-0.79704409,-5.1993376
1460,-5.1993376,1.3402005,-1.1644437,-0.98357337,-1.6299924,-0.1422445,-0.67055744,5.1993376,-5.1993376,0.48930663,0.69910809,-0.57311539,1.6429483
1461,-5.1993376,-0.53653104,0.55253687,0.61199579,0.30448193,-5.1993376,0.25360621,5.1993376,-5.1993376,1.2023467,-0.21363612,-0.001254569,0.61083628
1462,0.51349142,-0.6150245,1.649237,1.7330708,-0.69112102,-0.1422445,1.2447784,5.1993376,5.1993376,1.8587466,0.69910809,2.0965206,0.93962932
1463,0.51349142,1.0124743,0.91087287,1.8877534,-0.26398459,0.87535389,-0.67055744,5.1993376,5.1993376,-0.22648938,-0.21363612,-1.4678604,-5.1993376
1464,1.0230033,-0.85167519,-0.1422445,0.13337869,0.40471681,0.29660674,1.761948,5.1993376,5.1993376,-0.36017172,0.18547963,-0.001254569,-5.1993376
1465,-5.1993376,1.3249577,0.55253687,0.40607882,-0.69112102,-5.1993376,0.25360621,5.1993376,5.1993376,-0.36017172,-0.21363612,1.3494976,0.4403831
1466,-5.1993376,0.16636735,-0.7315153,-0.77822491,0.63946185,-5.1993376,0.25360621,5.1993376,5.1993376,-5.1993376,-0.60746322,-1.0230033,0.25231085
1467,1.4181186,-0.1625524,0.2239158,-0.18547963,0.63946185,1.9858764,-0.95151828,5.1993376,-5.1993376,-0.11441489,-0.60746322,-0.79704409,0.39218218
1468,-5.1993376,-1.0487476,-0.7315153,-0.18547963,0.63946185,-5.1993376,0.25360621,5.1993376,-5.1993376,0.48930663,0.69910809,0.14858402,-5.1993376
1469,-5.1993376,0.97344873,0.55253687,0.05146002,-1.0819398,0.62109893,-1.5215251,-5.1993376,-5.1993376,0.62566982,-0.60746322,-0.57311539,-5.1993376
1470,1.0230033,-1.9087981,-1.1644437,-2.5423492,0.97546566,2.1696941,-1.5215251,5.1993376,-5.1993376,-0.36017172,-1.1694007,0.29922973,-5.1993376
1471,-5.1993376,1.2206403,0.83572214,1.0230033,-0.26398459,0.62109893,-1.5215251,-5.1993376,-5.1993376,0.70552998,-0.21363612,-0.17527843,0.30448193
1472,0.51349142,1.2075323,-0.7315153,-0.34149266,-1.3219458,-0.1422445,1.2447784,5.1993376,-5.1993376,0.8570968,1.3781138,-1.0230033,1.5136154
1473,0.51349142,0.36017172,0.55253687,0.71359852,-0.26398459,0.29660674,0.25360621,5.1993376,-5.1993376,1.4771802,0.18547963,0.58052362,1.4739271
1474,-5.1993376,0.20209835,1.649237,1.2895781,-0.83733836,-5.1993376,0.25360621,5.1993376,-5.1993376,2.8846447,0.18547963,2.3076067,1.2849682
1475,-5.1993376,0.73315571,-0.7315153,-0.041412601,-0.26398459,-0.1422445,-0.67055744,5.1993376,5.1993376,0.51635627,0.18547963,0.29922973,-5.1993376
1476,-5.1993376,-0.53653104,0.2239158,1.2366522,0.97546566,-0.1422445,-0.67055744,-5.1993376,-5.1993376,0.93779777,-0.60746322,-0.001254569,-5.1993376
1477,1.7679033,1.1768904,1.649237,2.0331038,-0.69112102,1.4354772,0.87904038,5.1993376,5.1993376,0.72334253,-0.21363612,-0.17527843,1.6032881
1478,-5.1993376,-0.85167519,-0.1422445,0.17400458,1.6022103,-5.1993376,0.25360621,5.1993376,-5.1993376,-5.1993376,-1.1694007,-1.0230033,-5.1993376
1479,-5.1993376,-0.63792343,0.55253687,0.84987354,-1.3219458,-5.1993376,0.25360621,5.1993376,-5.1993376,-0.11441489,0.69910809,1.2339616,-5.1993376
1480,-5.1993376,0.5642668,0.55253687,-1.3684503,0.63946185,-5.1993376,0.25360621,-5.1993376,5.1993376,-5.1993376,-5.1993376,0.29922973,0.49213682
1481,1.7679033,-0.26268576,1.2640664,-0.34149266,0.30448193,1.4354772,0.87904038,-5.1993376,-5.1993376,1.337127,-0.21363612,-0.17527843,1.1794018
1482,-5.1993376,-0.32557657,-0.7315153,0.0062728847,-0.26398459,-5.1993376,0.25360621,-5.1993376,-5.1993376,0.93779777,1.3781138,-0.79704409,0.71659846
1483,-5.1993376,-0.15365993,-0.7315153,-0.23808933,-0.26398459,0.29660674,-1.1768904,5.1993376,5.1993376,-0.17018472,0.18547963,-2.4320167,-5.1993376
1484,-5.1993376,0.41563423,-0.1422445,-0.6150245,-0.97143575,-5.1993376,0.25360621,5.1993376,-5.1993376,0.14858402,-0.60746322,1.7560546,-5.1993376
1485,-5.1993376,0.13464458,1.2640664,1.3879077,0.17400458,-0.1422445,-0.67055744,-5.1993376,5.1993376,0.88830934,0.18547963,-1.2502419,0.49213682
1486,1.4181186,-0.75967739,1.0841952,0.75299744,-1.0819398,0.87535389,1.2447784,5.1993376,5.1993376,0.96742157,1.3781138,-0.001254569,-5.1993376
1487,-5.1993376,-0.0050182959,-5.1993376,-0.98357337,1.6022103,1.4354772,-2.3863399,5.1993376,5.1993376,0.06025574,-1.1694007,-0.001254569,0.27830169
1488,-5.1993376,-2.0005538,-0.7315153,-1.505747,-0.83733836,-5.1993376,0.25360621,5.1993376,5.1993376,-5.1993376,-1.1694007,-0.17527843,0.61957818
1489,-5.1993376,0.90330062,-5.1993376,-1.2529876,-0.26398459,-5.1993376,0.25360621,5.1993376,5.1993376,-5.1993376,-1.1694007,-1.0230033,-5.1993376
1490,0.51349142,-1.1140325,-0.7315153,-0.041412601,0.30448193,0.29660674,0.25360621,5.1993376,-5.1993376,1.2924649,1.3781138,-0.36553148,1.1895222
1491,2.1079532,0.94169982,1.0841952,1.0230033,-1.8114574,1.4354772,1.2447784,5.1993376,-5.1993376,1.1669186,0.69910809,0.71036555,0.66579049
1492,-5.1993376,-1.5176114,1.4354772,-0.041412601,0.30448193,-0.1422445,-0.67055744,-5.1993376,-5.1993376,-0.17018472,-1.1694007,1.1140325,-5.1993376
1493,-5.1993376,-0.66898742,0.55253687,1.0909946,-0.26398459,-0.1422445,-0.67055744,5.1993376,5.1993376,-0.17018472,0.69910809,-0.79704409,0.7305788
1494,-5.1993376,-0.085414417,0.11820414,-0.50492201,0.63946185,-5.1993376,0.25360621,5.1993376,-5.1993376,-0.28744217,-0.60746322,0.85167519,-5.1993376
1495,1.0230033,-0.86436505,0.55253687,-0.98357337,1.2023467,0.87535389,0.25360621,-5.1993376,-5.1993376,1.4181186,-5.1993376,1.2339616,0.80222568
1496,-5.1993376,-1.1140325,-5.1993376,-0.90518882,-0.26398459,0.29660674,-1.1768904,5.1993376,-5.1993376,-0.78332986,1.3781138,-2.8067115,-5.1993376
1497,-5.1993376,-0.42660141,-0.1422445,-0.13591068,0.63946185,-5.1993376,0.25360621,5.1993376,-5.1993376,-0.11441489,0.69910809,-0.001254569,-5.1993376
1498,1.4181186,-0.29529601,-0.1422445,0.0062728847,-0.69112102,0.87535389,1.2447784,5.1993376,-5.1993376,1.1946284,0.69910809,0.29922973,-5.1993376
1499,0.51349142,-0.55253687,-0.7315153,-2.5423492,1.8877534,-0.1422445,1.2447784,5.1993376,5.1993376,0.953493,-1.1694007,0.71036555,-5.1993376
1500,0.51349142,-0.42660141,0.55253687,1.057485,0.63946185,0.87535389,-0.67055744,-5.1993376,-5.1993376,-0.11441489,-0.60746322,-0.36553148,-5.1993376
1501,1.4181186,-0.23292993,0.55253687,0.57607489,-0.26398459,1.0774455,0.89765526,-5.1993376,-5.1993376,0.88830934,-0.21363612,-0.17527843,0.85691402
1502,-5.1993376,-0.57755653,-0.1422445,-0.29005812,0.97546566,-5.1993376,0.25360621,5.1993376,-5.1993376,0.4307273,-0.21363612,-0.57311539,-5.1993376
1503,-5.1993376,-0.52066149,0.91087287,0.17400458,-0.26398459,1.7444475,-2.651732,-5.1993376,-5.1993376,0.65804298,-0.60746322,-0.79704409,-5.1993376
1504,1.4181186,0.29005812,-1.1644437,-0.83912102,-0.69112102,1.5843543,-0.36687305,5.1993376,5.1993376,-5.1993376,0.69910809,-1.2502419,0.63638652
1505,1.7679033,-0.23292993,0.55253687,0.61199579,-0.26398459,0.87535389,2.5423492,5.1993376,5.1993376,2.1440107,-0.21363612,1.464186,1.0520863
1506,-5.1993376,-0.42660141,-1.1644437,-1.2529876,0.63946185,1.2612822,-2.2111272,-5.1993376,5.1993376,0.14858402,-1.1694007,-0.57311539,-5.1993376
1507,-5.1993376,-1.9730673,-1.1644437,-0.77822491,1.2023467,-5.1993376,0.25360621,5.1993376,-5.1993376,-5.1993376,-0.60746322,-0.57311539,0.15504073
1508,-5.1993376,-0.42660141,0.2239158,0.29267606,-0.26398459,-5.1993376,0.25360621,5.1993376,5.1993376,-0.45564031,0.18547963,-0.001254569,-5.1993376
1509,0.51349142,-0.0050182959,0.91087287,-0.98357337,-0.26398459,1.4354772,-1.3846283,-5.1993376,5.1993376,0.14858402,-1.1694007,-0.36553148,-5.1993376
1510,-5.1993376,0.92233022,-5.1993376,-1.2529876,1.6022103,-5.1993376,0.25360621,5.1993376,-5.1993376,-5.1993376,-1.1694007,0.45146888,1.0877571
1511,-5.1993376,-1.215372,-0.1422445,0.29267606,0.63946185,-5.1993376,0.25360621,5.1993376,-5.1993376,0.22262957,1.3781138,-0.57311539,0.19767432
1512,-5.1993376,-1.6453107,-0.7315153,-0.66428721,0.63946185,-5.1993376,0.25360621,5.1993376,5.1993376,-5.1993376,0.69910809,-0.17527843,-5.1993376
1513,0.51349142,0.48789301,0.2239158,0.092971849,-0.26398459,0.29660674,0.25360621,5.1993376,5.1993376,-0.36017172,0.69910809,-1.873053,-5.1993376
1514,-5.1993376,1.3557612,-1.1644437,-0.56279634,-3.0922297,-5.1993376,0.25360621,5.1993376,-5.1993376,1.215372,0.69910809,0.29922973,1.4568958
1515,-5.1993376,-1.0230033,-5.1993376,-1.2529876,-1.3219458,-5.1993376,0.25360621,5.1993376,5.1993376,-0.65804298,0.69910809,-0.17527843,1.1282947
1516,0.51349142,1.0729729,-5.1993376,-0.56279634,0.63946185,1.4354772,-1.3846283,5.1993376,5.1993376,-0.45564031,-0.60746322,-1.0230033,-5.1993376
1517,-5.1993376,-0.26268576,-0.1422445,-0.18547963,0.63946185,-0.1422445,-0.67055744,5.1993376,5.1993376,0.90897492,-0.60746322,0.71036555,-5.1993376
1518,0.51349142,-1.1140325,-0.7315153,-0.56279634,0.30448193,-0.1422445,1.2447784,5.1993376,-5.1993376,0.324254,0.69910809,-0.001254569,0.39218218
1519,0.51349142,0.30185479,1.649237,1.358913,-0.26398459,-0.1422445,1.2447784,5.1993376,5.1993376,1.7861556,1.3781138,0.58052362,0.82317161
1520,0.51349142,-0.018819641,-0.1422445,0.43900121,-1.3219458,0.62109893,-0.36687305,-5.1993376,5.1993376,0.48930663,1.3781138,0.45146888,-5.1993376
1521,-5.1993376,0.47661874,0.55253687,0.61199579,0.17400458,-0.1422445,-0.67055744,-5.1993376,-5.1993376,0.29791798,0.18547963,0.14858402,1.1721197
1522,1.7679033,0.82493339,0.83475117,1.6067551,0.17400458,0.87535389,2.5423492,5.1993376,-5.1993376,1.1163689,0.18547963,0.71036555,-5.1993376
1523,-5.1993376,0.65027359,0.55253687,1.2366522,-0.26398459,1.5843543,-2.5423492,-5.1993376,-5.1993376,-0.22648938,-0.60746322,-0.001254569,0.14872562
1524,-5.1993376,1.3070634,-0.1422445,0.25360621,0.17400458,-5.1993376,0.25360621,5.1993376,5.1993376,0.62566982,0.69910809,-0.17527843,-5.1993376
1525,0.51349142,-1.4181186,-0.7315153,-1.059682,0.97546566,1.0774455,-0.98765156,5.1993376,-5.1993376,0.26658359,-0.21363612,-0.57311539,-5.1993376
1526,-5.1993376,-1.8866898,0.55253687,-0.18547963,-0.26398459,-0.1422445,-0.67055744,-5.1993376,-5.1993376,0.14858402,-1.1694007,-1.2502419,-5.1993376
1527,-5.1993376,-0.18165198,-0.1422445,-1.144896,0.63946185,-5.1993376,0.25360621,-5.1993376,-5.1993376,0.60897269,0.18547963,-1.873053,0.41561866
1528,0.51349142,-1.0487476,-0.7315153,-1.9858764,2.1440107,0.87535389,-0.67055744,-5.1993376,-5.1993376,-0.45564031,-5.1993376,1.464186,1.2844291
1529,-5.1993376,-1.2640664,0.55253687,-0.66428721,-0.26398459,-5.1993376,0.25360621,-5.1993376,-5.1993376,-0.17018472,-1.1694007,-0.17527843,-5.1993376
1530,-5.1993376,0.87719565,-5.1993376,-1.6590928,0.63946185,-5.1993376,0.25360621,-5.1993376,-5.1993376,-1.0552931,0.69910809,-1.0230033,-5.1993376
1531,-5.1993376,0.55107599,-0.7315153,-0.34149266,-0.26398459,-5.1993376,0.25360621,5.1993376,5.1993376,1.4568958,0.69910809,-0.57311539,-5.1993376
1532,-5.1993376,0.52209871,1.0841952,0.54088248,0.30448193,-5.1993376,0.25360621,-5.1993376,-5.1993376,-0.45564031,-0.21363612,-1.0230033,-5.1993376
1533,-5.1993376,-1.6640817,0.91087287,-0.72008693,1.2023467,-5.1993376,0.25360621,-5.1993376,-5.1993376,-5.1993376,-1.1694007,1.3494976,1.1687024
1534,0.51349142,-0.83200627,-5.1993376,-0.56279634,1.3684503,-0.1422445,1.2447784,5.1993376,5.1993376,-5.1993376,-1.1694007,-1.2502419,-5.1993376
1535,-5.1993376,0.17655256,-5.1993376,-1.144896,-0.26398459,-5.1993376,0.25360621,5.1993376,5.1993376,-0.28744217,0.18547963,-1.4678604,-5.1993376
1536,-5.1993376,-1.621182,-1.1644437,-0.23808933,0.97546566,0.29660674,-1.1768904,5.1993376,5.1993376,-0.45564031,-1.1694007,-1.0230033,-5.1993376
1537,1.0230033,-0.10305677,1.649237,1.123415,0.087932998,1.4354772,-0.67055744,5.1993376,5.1993376,0.93779777,-0.60746322,-0.001254569,0.72824036
1538,-5.1993376,-0.21491982,-0.7315153,-0.089192496,2.1440107,-0.1422445,-0.67055744,5.1993376,5.1993376,-0.17018472,-1.1694007,0.71036555,1.2127505
1539,-5.1993376,-1.1140325,-0.7315153,-0.83912102,-0.26398459,1.4354772,-2.3863399,5.1993376,-5.1993376,1.0685216,0.69910809,0.14858402,1.9170028
1540,0.51349142,0.064026723,-5.1993376,-1.3684503,1.3684503,-0.1422445,1.2447784,5.1993376,-5.1993376,0.14858402,-0.60746322,0.29922973,0.68476299
1541,1.4181186,-0.028859086,-0.7315153,-0.6150245,-0.83733836,0.62109893,2.1696941,5.1993376,-5.1993376,0.34948301,0.69910809,-0.001254569,0.64254324
1542,-5.1993376,-0.067798615,-0.7315153,-0.56279634,-0.26398459,-5.1993376,0.25360621,5.1993376,5.1993376,-5.1993376,1.3781138,-0.36553148,-5.1993376
1543,-5.1993376,1.6159455,0.31764959,0.78845531,-0.26398459,-5.1993376,0.25360621,5.1993376,5.1993376,-0.78332986,0.69910809,-1.6691125,-5.1993376
1544,0.51349142,-0.96142934,0.99791966,-1.505747,0.63946185,-0.1422445,1.2447784,5.1993376,-5.1993376,2.3438356,-0.21363612,1.8312243,1.0843087
1545,0.51349142,-0.49213682,-0.7315153,-0.29005812,-0.83733836,0.29660674,0.25360621,5.1993376,-5.1993376,0.86801634,1.3781138,0.85167519,0.30027951
1546,0.51349142,0.65027359,-0.1422445,0.17400458,-0.97143575,1.0774455,-0.98765156,5.1993376,5.1993376,-0.78332986,1.3781138,-0.001254569,0.82317161
1547,-5.1993376,-1.0487476,0.55253687,0.13337869,-0.69112102,-5.1993376,0.25360621,5.1993376,-5.1993376,0.14858402,1.3781138,1.9858764,-5.1993376
1548,-5.1993376,0.82493339,0.55253687,0.47100434,-0.26398459,-5.1993376,0.25360621,-5.1993376,5.1993376,2.2358944,-0.60746322,2.617134,2.254489
1549,-5.1993376,1.4752694,-0.1422445,0.13337869,-0.83733836,-5.1993376,0.25360621,-5.1993376,-5.1993376,0.06025574,0.18547963,-0.79704409,0.82317161
1550,-5.1993376,-1.8379752,-0.7315153,-0.34149266,0.63946185,-5.1993376,0.25360621,5.1993376,-5.1993376,-0.92233022,1.3781138,-1.873053,-5.1993376
1551,-5.1993376,-1.1140325,-0.1422445,0.17400458,1.6022103,0.29660674,-1.1768904,5.1993376,-5.1993376,-0.17018472,-0.60746322,-0.17527843,0.26528387
1552,-5.1993376,-0.12705243,-5.1993376,-2.1316816,-1.3219458,-5.1993376,0.25360621,5.1993376,5.1993376,1.6205923,-0.60746322,1.6590928,2.1451704
1553,0.51349142,-0.59993651,0.55253687,1.4903351,-0.26398459,-0.1422445,1.2447784,5.1993376,-5.1993376,0.10810309,1.3781138,-0.79704409,0.40199502
1554,-5.1993376,-0.6150245,-5.1993376,-1.2529876,-0.26398459,-0.1422445,-0.67055744,5.1993376,5.1993376,-5.1993376,-0.60746322,-0.36553148,-5.1993376
1555,-5.1993376,-2.0909055,-5.1993376,-2.1316816,1.6022103,0.62109893,-1.5215251,5.1993376,5.1993376,-5.1993376,-5.1993376,0.29922973,-5.1993376
1556,1.0230033,1.1187114,-0.7315153,-0.34149266,0.97546566,2.1696941,-1.5215251,5.1993376,5.1993376,-5.1993376,-0.60746322,0.29922973,-5.1993376
1557,-5.1993376,1.3249577,1.649237,0.78845531,-1.7219141,-5.1993376,0.25360621,5.1993376,-5.1993376,1.1570615,0.69910809,-0.001254569,0.98432643
1558,-5.1993376,0.035135151,-1.3645121,-1.6590928,1.6022103,1.9858764,-2.9396967,5.1993376,5.1993376,-5.1993376,-1.1694007,-1.0230033,-5.1993376
1559,1.0230033,-0.95547144,-0.1422445,0.17400458,0.63946185,0.29660674,1.761948,5.1993376,-5.1993376,0.06025574,0.69910809,0.14858402,-5.1993376
1560,-5.1993376,-2.456904,-5.1993376,-1.3684503,1.6022103,-0.1422445,-0.67055744,5.1993376,-5.1993376,1.1570615,-1.1694007,0.45146888,-5.1993376
1561,-5.1993376,-1.1140325,-0.1422445,-0.18547963,-0.83733836,-5.1993376,0.25360621,-5.1993376,-5.1993376,-0.92233022,0.69910809,-0.17527843,-5.1993376
1562,-5.1993376,0.82493339,-0.43348197,-0.29005812,1.3684503,-5.1993376,0.25360621,5.1993376,5.1993376,0.26658359,-0.60746322,-0.17527843,0.49213682
1563,-5.1993376,-0.49922964,-0.7315153,-0.39384742,-0.26398459,0.62109893,-1.5215251,5.1993376,5.1993376,0.324254,0.69910809,-1.6691125,-5.1993376
1564,0.51349142,1.0887225,1.649237,2.1696941,-0.26398459,0.87535389,-0.67055744,5.1993376,5.1993376,-0.55985906,0.18547963,1.2339616,-5.1993376
1565,0.51349142,-0.42660141,-0.7315153,-0.39384742,-0.26398459,-0.1422445,1.2447784,5.1993376,-5.1993376,-0.053972647,1.3781138,-0.17527843,-5.1993376
1566,0.51349142,-2.0798691,-1.1644437,-1.144896,1.3684503,0.29660674,0.25360621,-5.1993376,-5.1993376,-0.28744217,-1.1694007,-1.0230033,-5.1993376
1567,0.51349142,1.9494745,-0.7315153,-1.505747,-1.3219458,1.2612822,-1.1768904,-5.1993376,-5.1993376,0.88830934,-1.1694007,-0.79704409,-5.1993376
1568,-5.1993376,-0.42660141,-1.1644437,-1.9858764,0.63946185,-0.1422445,-0.67055744,5.1993376,5.1993376,-5.1993376,1.3781138,-1.2502419,-5.1993376
1569,-5.1993376,-0.29529601,1.649237,0.68001258,-0.26398459,-5.1993376,0.25360621,-5.1993376,5.1993376,-0.78332986,-0.21363612,0.29922973,-5.1993376
1570,0.51349142,0.44314942,-0.39249204,-0.56279634,0.17400458,-0.1422445,1.2447784,-5.1993376,5.1993376,0.34948301,-1.1694007,0.29922973,-5.1993376
1571,-5.1993376,1.4532796,-0.7315153,-0.44869228,-0.26398459,-5.1993376,0.25360621,5.1993376,-5.1993376,0.45842568,0.69910809,0.98561042,-5.1993376
1572,1.0230033,1.6844637,-1.3432866,-0.50492201,-1.3219458,0.87535389,0.25360621,5.1993376,5.1993376,0.40471681,0.18547963,0.58052362,0.19281061
1573,-5.1993376,0.10557959,-0.7315153,-0.66428721,1.8379752,-0.1422445,-0.67055744,-5.1993376,-5.1993376,-0.17018472,-1.1694007,0.29922973,1.1001397
1574,0.51349142,-1.2809814,-0.1422445,-1.3684503,1.6022103,1.0774455,-0.98765156,5.1993376,-5.1993376,0.56132709,-1.1694007,0.14858402,0.49213682
1575,-5.1993376,-1.0166724,0.2239158,0.78845531,-1.3219458,-5.1993376,0.25360621,-5.1993376,-5.1993376,2.651732,0.69910809,1.3494976,2.6190403
1576,-5.1993376,-1.6453107,0.91087287,-0.90518882,2.1440107,0.29660674,-1.1768904,5.1993376,5.1993376,0.22262957,-1.1694007,0.58052362,-5.1993376
1577,1.0230033,0.89335445,0.2239158,-1.144896,-2.3863399,0.62109893,0.96142934,-5.1993376,-5.1993376,0.88830934,1.3781138,-0.79704409,1.1517559
1578,-5.1993376,1.3716572,-5.1993376,-0.83912102,-0.26398459,-0.1422445,-0.67055744,5.1993376,5.1993376,-5.1993376,0.18547963,-0.79704409,0.75955326
1579,0.51349142,1.0640914,0.55253687,0.32954771,-1.3219458,0.29660674,0.25360621,5.1993376,5.1993376,-0.22648938,0.69910809,-0.57311539,0.62533909
1580,1.0230033,-0.058998939,-0.7315153,0.21235277,1.0955557,0.62109893,0.96142934,-5.1993376,-5.1993376,0.65804298,-0.60746322,0.45146888,-5.1993376
1581,-5.1993376,-1.5295582,-0.1422445,0.17400458,0.63946185,0.29660674,-1.1768904,-5.1993376,5.1993376,-0.053972647,-1.1694007,-0.36553148,-5.1993376
1582,0.51349142,0.27699782,-1.3432866,-1.505747,-0.26398459,0.87535389,-0.67055744,5.1993376,-5.1993376,0.53653104,-0.21363612,-0.79704409,1.4400397
1583,1.0230033,0.59693534,0.55253687,0.32954771,0.17400458,0.87535389,0.25360621,5.1993376,-5.1993376,0.06025574,0.69910809,0.14858402,1.1234717
1584,0.51349142,0.035135151,0.2239158,-0.44869228,0.30448193,0.62109893,-0.36687305,-5.1993376,-5.1993376,0.0062728847,-0.60746322,0.29922973,0.25231085
1585,1.4181186,-2.0965206,-5.1993376,-2.1316816,2.1440107,1.2612822,0.25360621,5.1993376,-5.1993376,0.90897492,-5.1993376,0.14858402,-5.1993376
1586,0.51349142,-5.1993376,0.2239158,-1.8179677,0.30448193,-0.1422445,1.2447784,-5.1993376,-5.1993376,0.88830934,-1.1694007,-0.36553148,-5.1993376
1587,-5.1993376,0.61805886,-0.7315153,-0.66428721,-0.26398459,-0.1422445,-0.67055744,5.1993376,-5.1993376,0.68159434,0.18547963,-1.0230033,0.73973722
1588,1.0230033,1.0124743,1.2640664,2.2567448,-0.26398459,0.62109893,0.96142934,5.1993376,5.1993376,0.53653104,-0.21363612,0.14858402,0.18642145
1589,-5.1993376,-1.1140325,-5.1993376,-0.83912102,-1.6299924,-5.1993376,0.25360621,-5.1993376,5.1993376,-0.78332986,1.3781138,0.29922973,-5.1993376
1590,-5.1993376,0.10557959,0.11820414,0.05146002,-1.0819398,-5.1993376,0.25360621,5.1993376,-5.1993376,-0.36017172,0.69910809,-1.0230033,-5.1993376
1591,-5.1993376,1.6252744,-1.3159579,-0.44869228,0.63946185,-5.1993376,0.25360621,-5.1993376,5.1993376,-5.1993376,-0.60746322,-0.79704409,1.1620556
1592,1.7679033,0.1257878,-0.7315153,-0.39384742,-0.26398459,0.87535389,2.5423492,5.1993376,-5.1993376,1.8658521,-0.21363612,0.58052362,1.8121608
1593,-5.1993376,0.57607489,-0.1422445,-0.72008693,-2.0431151,-5.1993376,0.25360621,5.1993376,-5.1993376,-0.17018472,2.1196682,-1.6691125,1.1043755
1594,-5.1993376,-0.1625524,-0.7315153,-0.089192496,-1.3219458,-5.1993376,0.25360621,5.1993376,-5.1993376,0.58796385,1.3781138,-2.1079532,-5.1993376
1595,-5.1993376,2.5423492,-0.7315153,-0.39384742,-0.97143575,-5.1993376,0.25360621,5.1993376,5.1993376,-5.1993376,0.18547963,0.29922973,-5.1993376
1596,-5.1993376,1.0640914,1.649237,-0.6150245,0.63946185,0.62109893,-1.5215251,-5.1993376,5.1993376,-5.1993376,-1.1694007,0.85167519,-5.1993376
1597,0.51349142,-0.11062728,-0.7315153,-0.56279634,0.63946185,-0.1422445,1.2447784,5.1993376,5.1993376,-0.11441489,1.3781138,-0.36553148,-5.1993376
1598,0.51349142,0.17655256,1.2640664,1.2366522,0.17400458,-0.1422445,1.2447784,-5.1993376,5.1993376,0.53653104,-0.21363612,-0.79704409,0.65325448
1599,-5.1993376,2.5423492,1.0841952,1.0909946,0.17400458,-5.1993376,0.25360621,5.1993376,5.1993376,-5.1993376,0.18547963,2.1968939,-5.1993376
1600,-5.1993376,-1.2529876,0.2239158,-0.13591068,2.1440107,-0.1422445,-0.67055744,-5.1993376,5.1993376,-0.65804298,-1.1694007,-1.0230033,-5.1993376
1601,0.51349142,-0.70392179,0.55253687,0.47100434,-0.26398459,0.29660674,0.25360621,-5.1993376,-5.1993376,1.0444088,-1.1694007,1.3494976,-5.1993376
1602,-5.1993376,0.10557959,0.55253687,1.0909946,-0.26398459,-5.1993376,0.25360621,5.1993376,-5.1993376,1.3912021,-0.21363612,0.98561042,0.49213682
1603,1.0230033,0.66741904,1.0841952,1.8245559,-0.26398459,0.62109893,0.96142934,5.1993376,-5.1993376,-0.36017172,-0.21363612,0.45146888,-5.1993376
1604,1.0230033,-0.3031681,-5.1993376,-1.8179677,1.8379752,1.2612822,-0.42385485,-5.1993376,5.1993376,-1.0552931,-1.1694007,-0.36553148,0.46566663
1605,-5.1993376,0.44314942,-1.1644437,-0.50492201,0.17400458,1.4354772,-2.3863399,5.1993376,5.1993376,-0.78332986,-0.60746322,-0.57311539,-5.1993376
1606,-5.1993376,0.69910809,-0.43348197,-0.23808933,-1.0819398,-5.1993376,0.25360621,5.1993376,-5.1993376,0.22262957,0.18547963,-0.79704409,0.45412485
1607,1.0230033,1.2286069,-0.7315153,-0.90518882,-0.26398459,0.29660674,1.761948,5.1993376,5.1993376,-5.1993376,0.18547963,-0.57311539,-5.1993376
1608,-5.1993376,-2.0104799,0.2239158,-1.2529876,1.2023467,0.87535389,-1.7986626,-5.1993376,-5.1993376,0.8570968,-5.1993376,0.85167519,0.86859996
1609,-5.1993376,-0.92233022,-0.7315153,0.13337869,0.97546566,0.29660674,-1.1768904,5.1993376,-5.1993376,0.0062728847,-0.21363612,0.85167519,-5.1993376
1610,-5.1993376,0.0075274833,0.2239158,0.8196557,0.17400458,0.29660674,-1.1768904,5.1993376,-5.1993376,-1.0552931,-0.21363612,-0.57311539,0.44344951
1611,-5.1993376,1.7679033,-0.7315153,-0.56279634,0.63946185,-0.1422445,-0.67055744,5.1993376,5.1993376,0.68159434,0.18547963,1.3494976,-5.1993376
1612,-5.1993376,-1.3813637,-1.1644437,-0.66428721,-0.26398459,-5.1993376,0.25360621,5.1993376,5.1993376,0.34948301,0.69910809,-1.2502419,0.21846392
1613,-5.1993376,-0.78674453,-0.1422445,0.05146002,0.17400458,0.29660674,-1.1768904,5.1993376,-5.1993376,0.22262957,-1.1694007,0.45146888,0.45126504
1614,-5.1993376,-0.15365993,-5.1993376,-0.98357337,0.97546566,-5.1993376,0.25360621,5.1993376,5.1993376,-5.1993376,-0.21363612,-0.79704409,-5.1993376
1615,-5.1993376,-0.18931001,0.55253687,0.64872442,-0.26398459,-0.1422445,-0.67055744,5.1993376,-5.1993376,2.1688133,0.69910809,1.9858764,1.0923818
1616,-5.1993376,-1.9329615,0.2239158,-1.144896,0.97546566,0.29660674,-1.1768904,-5.1993376,-5.1993376,-0.28744217,-1.1694007,2.3863399,-5.1993376
1617,-5.1993376,1.1117021,1.1794018,-0.13591068,-0.26398459,-5.1993376,0.25360621,-5.1993376,-5.1993376,0.10810309,-1.1694007,-0.36553148,-5.1993376
1618,2.483413,0.19570018,0.55253687,1.2366522,0.30448193,1.7444475,1.0315088,5.1993376,5.1993376,0.14858402,-0.21363612,0.14858402,0.37897732
1619,-5.1993376,-0.1625524,-0.1422445,-2.2730524,-0.26398459,-5.1993376,0.25360621,-5.1993376,5.1993376,-5.1993376,-0.60746322,-0.57311539,0.47427759
1620,-5.1993376,-2.1348583,-0.1422445,-1.144896,2.1440107,-0.1422445,-0.67055744,-5.1993376,-5.1993376,1.0187781,-5.1993376,1.5669896,1.3153248
1621,0.51349142,0.32161055,-5.1993376,-0.34149266,-0.26398459,-0.1422445,1.2447784,5.1993376,5.1993376,-0.28744217,-0.60746322,0.58052362,-5.1993376
1622,-5.1993376,-1.1140325,-0.7315153,-0.6150245,0.63946185,-5.1993376,0.25360621,5.1993376,5.1993376,-5.1993376,0.69910809,-1.4678604,-5.1993376
1623,-5.1993376,-0.095492152,-0.1422445,0.36821529,0.63946185,-5.1993376,0.25360621,5.1993376,-5.1993376,-0.45564031,0.69910809,-1.6691125,-5.1993376
1624,-5.1993376,-0.18931001,-0.7315153,-0.041412601,-0.97143575,-5.1993376,0.25360621,5.1993376,5.1993376,-1.0552931,1.3781138,-0.36553148,-5.1993376
1625,-5.1993376,0.84987354,-0.7315153,-0.18547963,0.63946185,-0.1422445,-0.67055744,5.1993376,5.1993376,1.4319709,0.69910809,0.58052362,0.26827913
1626,-5.1993376,0.15873981,1.0841952,1.4181186,0.63946185,-5.1993376,0.25360621,5.1993376,-5.1993376,1.5627215,0.18547963,-0.57311539,0.53798038
1627,2.8778461,0.50349739,0.55253687,0.40607882,-0.69112102,1.9858764,1.0166724,-5.1993376,5.1993376,1.7055704,2.1196682,0.85167519,-5.1993376
1628,-5.1993376,0.0075274833,-0.1422445,0.36821529,-1.6299924,-0.1422445,-0.67055744,5.1993376,-5.1993376,0.10810309,1.3781138,1.6590928,-5.1993376
1629,-5.1993376,-0.49922964,2.4320167,1.533612,-0.69112102,-5.1993376,0.25360621,5.1993376,5.1993376,1.4568958,1.3781138,0.98561042,0.99507092
1630,1.4181186,-0.11820414,-5.1993376,-0.18547963,0.63946185,1.5843543,-0.36687305,5.1993376,-5.1993376,-0.92233022,-0.60746322,-1.2502419,0.61957818
1631,1.0230033,-0.07534535,-1.3432866,-0.90518882,0.63946185,0.29660674,1.761948,5.1993376,-5.1993376,1.2557429,0.69910809,-1.873053,-5.1993376
1632,-5.1993376,-1.5255293,0.8109099,1.5843543,0.63946185,-5.1993376,0.25360621,5.1993376,-5.1993376,0.40471681,-0.21363612,-0.17527843,0.27151152
1633,0.51349142,-0.42660141,-0.7315153,-0.29005812,-1.3219458,-0.1422445,1.2447784,5.1993376,-5.1993376,0.22262957,1.3781138,-1.2502419,-5.1993376
1634,0.51349142,0.46400712,-0.1422445,0.32954771,0.30448193,-0.1422445,1.2447784,5.1993376,5.1993376,-0.053972647,0.18547963,0.98561042,-5.1993376
1635,-5.1993376,0.17655256,-0.1422445,0.092971849,-1.0819398,-0.1422445,-0.67055744,5.1993376,5.1993376,-0.17018472,0.69910809,-0.57311539,-5.1993376
1636,-5.1993376,-0.56868553,0.55253687,0.36821529,0.63946185,0.62109893,-1.5215251,5.1993376,-5.1993376,2.379191,-0.60746322,1.9858764,1.5552421
1637,1.7679033,0.046435725,0.2239158,0.84987354,0.97546566,1.7444475,-0.27439149,5.1993376,5.1993376,1.3912021,0.18547963,1.464186,0.82317161
1638,-5.1993376,0.63485111,-0.7315153,-1.059682,1.2023467,0.29660674,-1.1768904,5.1993376,5.1993376,-0.22648938,-0.60746322,-0.36553148,-5.1993376
1639,-5.1993376,-0.1625524,1.401177,-0.13591068,-0.26398459,-5.1993376,0.25360621,-5.1993376,-5.1993376,0.29791798,-0.21363612,0.71036555,1.7936993
1640,-5.1993376,-1.1140325,-0.1422445,0.13337869,0.63946185,-5.1993376,0.25360621,5.1993376,-5.1993376,0.0062728847,0.69910809,-1.873053,-5.1993376
1641,-5.1993376,-1.2710606,-0.1422445,-0.29005812,-1.3219458,-5.1993376,0.25360621,5.1993376,5.1993376,0.06025574,0.69910809,0.85167519,-5.1993376
1642,0.51349142,1.0124743,1.2640664,-0.18547963,-0.26398459,0.62109893,-0.36687305,5.1993376,-5.1993376,0.0062728847,-1.1694007,1.1140325,0.49213682
1643,0.51349142,-1.8803524,0.55253687,-1.144896,0.97546566,1.0774455,-0.98765156,-5.1993376,-5.1993376,1.0444088,-1.1694007,0.98561042,0.18292756
1644,0.51349142,-0.56132709,0.55253687,-0.77822491,0.30448193,1.5843543,-1.5215251,-5.1993376,-5.1993376,0.53653104,-1.1694007,-0.17527843,-5.1993376
1645,2.1079532,-0.0050182959,0.55253687,0.092971849,-1.3219458,2.0853556,-0.300542,5.1993376,5.1993376,-5.1993376,1.3781138,-0.57311539,-5.1993376
1646,-5.1993376,-1.1140325,0.2239158,0.91467864,-0.97143575,-0.1422445,-0.67055744,-5.1993376,-5.1993376,-0.36017172,1.3781138,-2.1079532,-5.1993376
1647,-5.1993376,0.65648594,0.2239158,-0.041412601,0.63946185,-5.1993376,0.25360621,5.1993376,5.1993376,0.06025574,0.18547963,0.29922973,1.6015382
1648,-5.1993376,0.90330062,-0.1422445,0.05146002,-0.26398459,-5.1993376,0.25360621,5.1993376,-5.1993376,-0.78332986,0.18547963,-1.2502419,0.6557419
1649,-5.1993376,0.035135151,1.649237,2.2567448,0.17400458,0.29660674,-1.1768904,-5.1993376,-5.1993376,-0.65804298,-0.21363612,0.29922973,0.84922424
1650,-5.1993376,0.46400712,-0.1422445,0.25360621,1.6022103,-5.1993376,0.25360621,5.1993376,5.1993376,-5.1993376,-0.60746322,0.29922973,-5.1993376
1651,1.4181186,-0.60595514,1.0841952,0.32954771,0.17400458,0.87535389,1.2447784,-5.1993376,5.1993376,-0.053972647,-1.1694007,0.58052362,-5.1993376
1652,-5.1993376,-0.028859086,0.91087287,0.61199579,-0.26398459,-5.1993376,0.25360621,5.1993376,-5.1993376,0.06025574,-0.21363612,-0.001254569,-5.1993376
1653,-5.1993376,1.7002225,-5.1993376,-1.505747,-2.6965111,-5.1993376,0.25360621,5.1993376,5.1993376,-5.1993376,5.1993376,-2.4320167,0.41765393
1654,-5.1993376,-0.95547144,1.0841952,0.98561042,-0.83733836,-5.1993376,0.25360621,5.1993376,-5.1993376,1.761948,1.3781138,-0.17527843,-5.1993376
1655,0.51349142,0.44314942,1.4354772,2.1968939,-0.26398459,0.62109893,-0.36687305,-5.1993376,5.1993376,-0.053972647,-0.21363612,-1.4678604,0.32028968
1656,0.51349142,0.66741904,-5.1993376,-0.83912102,-0.83733836,0.62109893,-0.36687305,5.1993376,-5.1993376,1.8658521,-0.21363612,-0.17527843,-5.1993376
1657,1.0230033,0.41563423,-0.49178678,0.0062728847,-0.26398459,0.62109893,0.96142934,-5.1993376,-5.1993376,0.51635627,-0.21363612,-0.17527843,1.00085
1658,0.51349142,-0.97143575,-0.7315153,-0.39384742,0.63946185,-0.1422445,1.2447784,5.1993376,-5.1993376,-1.0552931,1.3781138,-1.6691125,-5.1993376
1659,1.0230033,0.30185479,-0.1422445,-0.089192496,-0.26398459,0.29660674,1.761948,5.1993376,-5.1993376,-0.55985906,0.69910809,-0.17527843,0.67164796
1660,-5.1993376,1.7892561,0.2239158,0.29267606,-0.26398459,-5.1993376,0.25360621,-5.1993376,-5.1993376,-0.78332986,0.69910809,0.45146888,1.4568958
1661,-5.1993376,-1.0487476,-5.1993376,-0.77822491,-0.26398459,0.29660674,-1.1768904,5.1993376,-5.1993376,0.29791798,1.3781138,0.29922973,0.45412485
1662,-5.1993376,1.0640914,1.649237,1.0230033,-0.26398459,-5.1993376,0.25360621,-5.1993376,5.1993376,0.40471681,-1.1694007,0.85167519,-5.1993376
1663,0.51349142,-1.9654031,1.649237,0.43900121,1.2023467,-0.1422445,1.2447784,5.1993376,-5.1993376,-0.45564031,-1.1694007,-1.0230033,0.20081806
1664,1.4181186,-0.018819641,-0.7315153,0.25360621,0.63946185,2.0853556,-0.98765156,5.1993376,-5.1993376,-0.45564031,-0.60746322,-0.17527843,0.43507693
1665,-5.1993376,-0.42660141,-0.1422445,-0.041412601,0.17400458,-5.1993376,0.25360621,5.1993376,-5.1993376,0.10810309,1.3781138,-2.8067115,-5.1993376
1666,0.51349142,1.994971,0.55253687,0.36821529,-2.6965111,0.29660674,0.25360621,5.1993376,-5.1993376,0.98969684,1.3781138,-0.36553148,0.78987598
1667,-5.1993376,0.43210422,0.099273749,-0.39384742,0.97546566,0.29660674,-1.1768904,-5.1993376,-5.1993376,0.45842568,-0.60746322,-0.17527843,1.3598815
1668,1.4181186,0.046435725,-0.7315153,-0.44869228,0.97546566,0.62109893,2.1696941,5.1993376,-5.1993376,2.0097375,-0.21363612,1.5669896,1.5613838
1669,-5.1993376,-1.505747,-0.1422445,-1.8179677,1.6022103,0.62109893,-1.5215251,-5.1993376,-5.1993376,0.64100179,-5.1993376,1.3494976,0.32028968
1670,-5.1993376,0.10557959,0.2239158,0.64872442,-0.26398459,-5.1993376,0.25360621,5.1993376,-5.1993376,0.68159434,1.3781138,-2.8067115,-5.1993376
1671,-5.1993376,0.57607489,0.55253687,0.98561042,-0.26398459,-5.1993376,0.25360621,5.1993376,5.1993376,0.14858402,1.3781138,0.85167519,0.25231085
1672,-5.1993376,-0.62414474,-0.1422445,0.68001258,-0.26398459,-0.1422445,-0.67055744,5.1993376,-5.1993376,2.0420132,-0.21363612,1.2339616,0.55985906
1673,-5.1993376,-1.1140325,-5.1993376,-1.144896,0.63946185,-0.1422445,-0.67055744,-5.1993376,5.1993376,1.9264032,0.69910809,-1.4678604,0.37759794
1674,-5.1993376,0.14731565,-1.1644437,0.0062728847,1.3684503,-0.1422445,-0.67055744,5.1993376,5.1993376,-0.053972647,-0.60746322,0.45146888,-5.1993376
1675,1.0230033,1.1352842,0.55253687,-1.144896,-1.3219458,1.4354772,-0.67055744,5.1993376,5.1993376,0.53653104,1.3781138,0.29922973,-5.1993376
1676,-5.1993376,-1.9019851,-5.1993376,-2.1316816,1.6022103,0.62109893,-1.5215251,5.1993376,5.1993376,0.06025574,-1.1694007,0.58052362,0.25231085
1677,-5.1993376,1.0552931,0.91087287,1.8952593,-0.26398459,-0.1422445,-0.67055744,-5.1993376,-5.1993376,-0.28744217,0.18547963,-0.36553148,0.52641687
1678,0.51349142,-0.60595514,-0.1422445,-0.18547963,0.087932998,-0.1422445,1.2447784,5.1993376,-5.1993376,-1.0552931,0.69910809,-2.1079532,0.37556408
1679,1.4181186,0.83912102,-5.1993376,-0.98357337,0.30448193,0.87535389,1.2447784,5.1993376,-5.1993376,1.0685216,0.18547963,0.45146888,1.4361719
1680,-5.1993376,0.22648938,0.2239158,0.25360621,0.63946185,-5.1993376,0.25360621,5.1993376,-5.1993376,2.579971,0.18547963,1.1140325,1.7070532
1681,1.0230033,1.0444088,-0.7315153,-1.059682,-2.0431151,1.7444475,-1.0230033,-5.1993376,-5.1993376,0.56132709,2.1196682,-0.36553148,-5.1993376
1682,-5.1993376,-0.13591068,-0.1422445,-0.90518882,0.30448193,-5.1993376,0.25360621,-5.1993376,5.1993376,0.68159434,-1.1694007,-0.57311539,0.2887499
1683,0.51349142,0.23938016,0.55253687,0.57607489,-0.26398459,-0.1422445,1.2447784,5.1993376,5.1993376,1.8245559,0.69910809,0.71036555,-5.1993376
1684,-5.1993376,1.4532796,0.2239158,0.40607882,0.087932998,0.29660674,-1.1768904,-5.1993376,-5.1993376,1.4390013,0.69910809,-0.001254569,-5.1993376
1685,1.0230033,-0.7697614,-0.7315153,0.13337869,0.97546566,0.87535389,0.25360621,-5.1993376,-5.1993376,0.7413876,-0.60746322,0.14858402,1.2277829
1686,-5.1993376,-1.1140325,0.55253687,0.57607489,-0.69112102,-5.1993376,0.25360621,-5.1993376,-5.1993376,1.3912021,0.69910809,0.29922973,1.0315088
1687,-5.1993376,-0.56868553,-0.7315153,-0.13591068,2.1440107,0.62109893,-1.5215251,5.1993376,5.1993376,1.1400769,-0.60746322,1.2339616,-5.1993376
1688,1.4181186,0.69910809,-5.1993376,-1.505747,2.1440107,1.5843543,-0.36687305,5.1993376,5.1993376,-5.1993376,-1.1694007,-0.17527843,1.0707446
1689,-5.1993376,-0.24454752,-0.7315153,0.13337869,1.3684503,-5.1993376,0.25360621,5.1993376,5.1993376,-5.1993376,-0.60746322,-0.57311539,0.45713667
1690,-5.1993376,-0.55253687,-5.1993376,-1.2529876,1.3684503,-5.1993376,0.25360621,-5.1993376,-5.1993376,-0.78332986,-0.60746322,-0.79704409,0.58872902
1691,0.51349142,0.1257878,-0.1422445,1.3879077,-0.26398459,0.29660674,0.25360621,5.1993376,-5.1993376,0.70552998,0.18547963,0.85167519,1.9013329
1692,-5.1993376,0.13464458,0.55253687,0.36821529,-0.26398459,-5.1993376,0.25360621,5.1993376,5.1993376,0.324254,0.69910809,-1.0230033,-5.1993376
1693,-5.1993376,1.1187114,-0.1422445,0.25360621,-1.0819398,-5.1993376,0.25360621,5.1993376,-5.1993376,0.77314015,1.3781138,0.85167519,0.82317161
1694,0.51349142,-0.69750712,-0.7315153,-1.3684503,1.3684503,0.29660674,0.25360621,5.1993376,5.1993376,0.40471681,-0.60746322,-0.001254569,-5.1993376
1695,-5.1993376,-1.1140325,1.2640664,1.3249577,-0.97143575,-5.1993376,0.25360621,-5.1993376,-5.1993376,-0.45564031,0.69910809,0.71036555,1.8803524
1696,0.51349142,-0.32557657,0.55253687,0.47100434,1.3684503,2.2899878,-2.2111272,-5.1993376,5.1993376,-0.28744217,-1.1694007,-0.001254569,-5.1993376
1697,0.51349142,0.42385485,1.0841952,0.68001258,0.63946185,0.87535389,-0.67055744,5.1993376,-5.1993376,1.1163689,0.69910809,-0.17527843,0.96224006
1698,-5.1993376,-1.9654031,-0.43348197,-2.2730524,1.2023467,0.87535389,-1.7986626,-5.1993376,5.1993376,-5.1993376,-5.1993376,1.3494976,-5.1993376
1699,-5.1993376,-1.1946284,0.91087287,-5.1993376,-2.0431151,-5.1993376,0.25360621,5.1993376,5.1993376,-5.1993376,0.18547963,2.7474533,-5.1993376
1700,-5.1993376,0.38572587,-0.1422445,-0.66428721,-0.69112102,-0.1422445,-0.67055744,5.1993376,-5.1993376,-0.45564031,5.1993376,0.14858402,-5.1993376
1701,-5.1993376,0.23938016,-5.1993376,-0.98357337,-1.3219458,-5.1993376,0.25360621,5.1993376,5.1993376,-5.1993376,1.3781138,0.14858402,-5.1993376
1702,-5.1993376,2.0250318,-0.7315153,-0.29005812,-2.483413,-5.1993376,0.25360621,-5.1993376,-5.1993376,0.34948301,2.1196682,-1.0230033,-5.1993376
1703,-5.1993376,2.9375782,-5.1993376,-1.059682,-1.0819398,-5.1993376,0.25360621,5.1993376,-5.1993376,-0.55985906,0.18547963,-1.0230033,-5.1993376
1704,-5.1993376,-0.36017172,1.649237,1.2075323,0.40471681,-0.1422445,-0.67055744,-5.1993376,-5.1993376,0.90897492,1.3781138,1.3494976,-5.1993376
1705,1.7679033,0.72171378,0.2239158,-1.144896,-1.0819398,1.4354772,0.87904038,5.1993376,5.1993376,0.7413876,-0.60746322,0.29922973,-5.1993376
1706,-5.1993376,-5.1993376,-5.1993376,-1.9858764,1.2023467,0.87535389,-1.7986626,5.1993376,-5.1993376,-0.78332986,-1.1694007,-1.0230033,-5.1993376
1707,-5.1993376,-1.5605743,-0.1422445,-0.83912102,0.63946185,-0.1422445,-0.67055744,-5.1993376,5.1993376,0.81440074,-1.1694007,0.58052362,0.82317161
1708,-5.1993376,0.19570018,-0.7315153,-0.56279634,-1.3219458,-5.1993376,0.25360621,-5.1993376,-5.1993376,0.48930663,0.69910809,1.1140325,-5.1993376
1709,-5.1993376,1.199766,-1.1644437,-1.3684503,-0.26398459,0.62109893,-1.5215251,5.1993376,5.1993376,-5.1993376,-5.1993376,-1.2502419,-5.1993376
1710,0.51349142,-1.057485,0.91087287,0.40607882,0.30448193,0.29660674,0.25360621,-5.1993376,5.1993376,1.1497418,-0.60746322,0.58052362,-5.1993376
1711,0.51349142,-0.92810452,1.2640664,-0.83912102,0.63946185,0.62109893,-0.36687305,-5.1993376,-5.1993376,0.14858402,-1.1694007,0.29922973,1.1644437
1712,-5.1993376,-2.2078013,-5.1993376,-1.6590928,1.6022103,0.29660674,-1.1768904,5.1993376,5.1993376,-5.1993376,-1.1694007,0.98561042,0.40199502
1713,0.51349142,0.64254324,-0.7315153,-0.23808933,-0.83733836,-0.1422445,1.2447784,5.1993376,-5.1993376,0.56132709,0.18547963,0.14858402,0.54670039
1714,1.0230033,-0.42660141,-0.1422445,-0.041412601,-0.83733836,0.62109893,0.96142934,5.1993376,-5.1993376,1.3189459,0.69910809,-0.36553148,0.53218973
1715,1.4181186,0.26138737,0.55253687,-0.041412601,0.63946185,1.9858764,-0.95151828,5.1993376,-5.1993376,-0.78332986,-1.1694007,-0.79704409,-5.1993376
1716,-5.1993376,-0.26268576,-0.7315153,-0.44869228,0.63946185,-5.1993376,0.25360621,5.1993376,-5.1993376,-0.36017172,0.69910809,-0.79704409,-5.1993376
1717,0.51349142,0.76639141,-0.1422445,-0.98357337,0.30448193,-0.1422445,1.2447784,-5.1993376,5.1993376,0.53653104,-0.60746322,0.29922973,-5.1993376
1718,-5.1993376,0.96742157,-5.1993376,-0.72008693,0.087932998,-5.1993376,0.25360621,5.1993376,5.1993376,-5.1993376,-0.21363612,-1.0230033,-5.1993376
1719,-5.1993376,0.39520352,-1.1644437,-0.50492201,-0.26398459,-0.1422445,-0.67055744,5.1993376,-5.1993376,1.6896701,1.3781138,0.85167519,0.9127741
1720,0.51349142,1.3978365,0.91087287,0.36821529,-1.0819398,-0.1422445,1.2447784,-5.1993376,-5.1993376,1.6733892,5.1993376,0.71036555,1.754134
1721,0.51349142,0.44314942,-0.1422445,0.092971849,0.17400458,-0.1422445,1.2447784,-5.1993376,5.1993376,0.40471681,-0.60746322,-0.79704409,-5.1993376
1722,0.51349142,0.025094008,-0.1422445,0.0062728847,-1.3219458,-0.1422445,1.2447784,5.1993376,-5.1993376,0.96742157,0.69910809,0.14858402,-5.1993376
1723,-5.1993376,0.34948301,1.0841952,1.5096564,-1.3219458,-5.1993376,0.25360621,5.1993376,-5.1993376,0.84090635,1.3781138,0.85167519,-5.1993376
1724,-5.1993376,0.064026723,0.2239158,0.64872442,-0.69112102,-5.1993376,0.25360621,5.1993376,-5.1993376,0.51635627,1.3781138,-1.6691125,1.2127505
1725,-5.1993376,1.4532796,-0.1422445,-0.44869228,-0.26398459,-5.1993376,0.25360621,5.1993376,-5.1993376,-0.65804298,0.18547963,0.14858402,-5.1993376
1726,-5.1993376,0.53943086,-0.7315153,-0.66428721,-0.26398459,-0.1422445,-0.67055744,5.1993376,-5.1993376,-1.0552931,0.69910809,-0.36553148,-5.1993376
1727,1.0230033,1.1352842,-1.1644437,-0.6150245,-0.26398459,0.62109893,0.96142934,5.1993376,-5.1993376,0.0062728847,0.18547963,-0.17527843,-5.1993376
1728,0.51349142,1.5135889,-0.1422445,-0.089192496,-1.3219458,2.1696941,-2.1196682,5.1993376,-5.1993376,1.0978448,0.69910809,1.464186,1.6731209
1729,-5.1993376,1.0552931,-0.7315153,-0.77822491,0.17400458,-5.1993376,0.25360621,5.1993376,5.1993376,0.0062728847,1.3781138,-1.0230033,-5.1993376
1730,-5.1993376,0.52209871,-0.7315153,0.25360621,0.97546566,-5.1993376,0.25360621,5.1993376,5.1993376,-5.1993376,-0.21363612,-1.4678604,-5.1993376
1731,-5.1993376,-0.11820414,-5.1993376,-0.98357337,-0.26398459,-0.1422445,-0.67055744,5.1993376,-5.1993376,-0.92233022,1.3781138,-0.57311539,-5.1993376
1732,0.51349142,-0.42660141,-0.7315153,-0.34149266,0.63946185,-0.1422445,1.2447784,5.1993376,-5.1993376,-0.65804298,0.18547963,-0.17527843,-5.1993376
1733,1.0230033,-0.14604751,-0.1422445,0.25360621,0.30448193,0.29660674,1.761948,5.1993376,-5.1993376,0.64100179,-0.21363612,0.29922973,-5.1993376
1734,-5.1993376,0.087932998,-1.1644437,-0.13591068,1.3684503,0.87535389,-1.7986626,-5.1993376,5.1993376,0.40471681,-0.21363612,-0.57311539,-5.1993376
1735,-5.1993376,-0.83200627,0.11820414,0.05146002,-0.83733836,-5.1993376,0.25360621,5.1993376,-5.1993376,-0.36017172,0.69910809,-0.17527843,-5.1993376
1736,1.0230033,-0.92233022,-0.7315153,-1.144896,0.97546566,0.29660674,1.761948,5.1993376,-5.1993376,-0.22648938,0.18547963,1.9858764,0.60256721
1737,1.4181186,-0.11062728,-0.1422445,-1.6590928,-0.26398459,1.9858764,-0.95151828,5.1993376,-5.1993376,0.58796385,-0.60746322,-0.17527843,0.44856251
1738,-5.1993376,0.78162595,0.2239158,1.123415,-0.83733836,-0.1422445,-0.67055744,-5.1993376,-5.1993376,-0.45564031,-0.60746322,-0.57311539,-5.1993376
1739,-5.1993376,0.33485067,1.649237,-0.13591068,1.3684503,0.29660674,-1.1768904,5.1993376,-5.1993376,0.64100179,-0.60746322,1.3494976,2.28929
1740,-5.1993376,-0.83200627,-0.1422445,0.36821529,0.63946185,-5.1993376,0.25360621,5.1993376,-5.1993376,-0.11441489,0.69910809,-0.79704409,0.27308902
1741,0.51349142,0.26138737,0.2239158,-0.34149266,-0.26398459,0.62109893,-0.36687305,5.1993376,-5.1993376,-0.92233022,-0.21363612,-0.36553148,-5.1993376
1742,-5.1993376,0.61805886,1.649237,1.9264032,-0.26398459,-0.1422445,-0.67055744,-5.1993376,-5.1993376,-0.65804298,-0.21363612,-0.57311539,0.16128127
1743,0.51349142,0.88644946,-0.1422445,-2.5423492,-0.26398459,-0.1422445,1.2447784,5.1993376,-5.1993376,-0.45564031,-0.21363612,0.29922973,-5.1993376
1744,-5.1993376,-0.63025382,1.2640664,1.1794018,0.17400458,0.62109893,-1.5215251,-5.1993376,-5.1993376,1.0444088,-1.1694007,0.45146888,2.9586721
1745,-5.1993376,-1.2475055,-0.1422445,-0.72008693,0.97546566,-5.1993376,0.25360621,-5.1993376,5.1993376,-0.45564031,-0.21363612,0.71036555,0.46566663
1746,-5.1993376,0.66741904,0.55253687,1.2640664,-0.83733836,-5.1993376,0.25360621,5.1993376,5.1993376,-0.55985906,-0.21363612,-1.2502419,-5.1993376
1747,1.0230033,0.84987354,0.91087287,0.91467864,-0.83733836,0.29660674,1.761948,-5.1993376,-5.1993376,-0.92233022,0.18547963,-0.79704409,-5.1993376
1748,-5.1993376,1.4250105,0.2239158,-0.089192496,-0.26398459,-5.1993376,0.25360621,5.1993376,5.1993376,-0.65804298,0.18547963,-0.79704409,-5.1993376
1749,-5.1993376,-0.067798615,-0.1422445,-0.13591068,-1.0819398,0.62109893,-1.5215251,5.1993376,-5.1993376,-1.0552931,0.69910809,-1.873053,-5.1993376
1750,1.4181186,-0.0050182959,-1.1644437,-0.98357337,1.0955557,2.2899878,-1.1768904,-5.1993376,5.1993376,-0.28744217,-1.1694007,-0.57311539,-5.1993376
1751,-5.1993376,0.14731565,0.2239158,-0.56279634,0.30448193,-5.1993376,0.25360621,-5.1993376,5.1993376,-5.1993376,-0.60746322,0.85167519,-5.1993376
1752,0.51349142,0.59693534,1.0841952,0.95151828,-0.26398459,-0.1422445,1.2447784,-5.1993376,-5.1993376,-0.17018472,0.18547963,0.58052362,1.1859662
1753,-5.1993376,-0.24454752,0.55253687,1.5096564,-0.26398459,0.29660674,-1.1768904,5.1993376,-5.1993376,-0.45564031,-0.21363612,2.5117912,0.82317161
1754,0.51349142,-0.21491982,0.2239158,-0.72008693,0.63946185,0.62109893,-0.36687305,5.1993376,5.1993376,-0.36017172,-0.21363612,-0.001254569,0.18931001
1755,0.51349142,-1.7055704,-0.43348197,-0.44869228,-0.26398459,1.0774455,-0.98765156,5.1993376,-5.1993376,-0.65804298,-0.21363612,1.1140325,1.1794018
1756,-5.1993376,-0.94561627,0.55253687,0.91467864,-0.26398459,-5.1993376,0.25360621,5.1993376,-5.1993376,1.2259427,1.3781138,2.3863399,-5.1993376
1757,1.7679033,-1.0230033,-1.3432866,-1.144896,0.30448193,0.87535389,2.5423492,5.1993376,-5.1993376,1.7055704,0.69910809,0.14858402,1.4009239
1758,-5.1993376,0.83023416,-1.1644437,-1.505747,0.63946185,-0.1422445,-0.67055744,5.1993376,5.1993376,-5.1993376,-0.21363612,-0.57311539,-5.1993376
1759,-5.1993376,0.21620388,0.2239158,0.88088812,-0.26398459,-5.1993376,0.25360621,5.1993376,5.1993376,0.68159434,1.3781138,-0.79704409,-5.1993376
1760,0.51349142,-0.25490199,2.1968939,1.9264032,0.30448193,0.29660674,0.25360621,-5.1993376,-5.1993376,-0.78332986,-0.21363612,0.71036555,0.29660674
1761,-5.1993376,-0.90518882,-0.1422445,0.32954771,-0.26398459,-5.1993376,0.25360621,5.1993376,5.1993376,0.4307273,0.18547963,1.2339616,0.32028968
1762,0.51349142,0.57607489,-0.7315153,-0.50492201,0.63946185,0.29660674,0.25360621,-5.1993376,-5.1993376,-0.78332986,-1.1694007,-0.001254569,-5.1993376
1763,-5.1993376,1.5255293,-0.7315153,0.092971849,-1.3219458,-5.1993376,0.25360621,5.1993376,5.1993376,-0.45564031,0.18547963,-1.6691125,-5.1993376
1764,1.0230033,0.68793853,0.81614989,1.4181186,0.087932998,1.4354772,-0.67055744,5.1993376,5.1993376,-0.92233022,-0.21363612,-0.57311539,-5.1993376
1765,-5.1993376,-0.83200627,-0.1422445,-1.505747,0.63946185,-5.1993376,0.25360621,5.1993376,5.1993376,-5.1993376,-1.1694007,0.14858402,-5.1993376
1766,0.51349142,-0.56132709,0.55253687,-0.13591068,0.30448193,1.2612822,-1.1768904,5.1993376,-5.1993376,-0.78332986,-0.21363612,0.29922973,-5.1993376
1767,-5.1993376,0.18803291,-0.1422445,-0.34149266,-0.69112102,-0.1422445,-0.67055744,5.1993376,-5.1993376,-0.78332986,0.69910809,0.98561042,0.93746196
1768,-5.1993376,-1.057485,-0.1422445,-0.041412601,-0.26398459,-5.1993376,0.25360621,-5.1993376,-5.1993376,-0.65804298,0.69910809,-1.0230033,-5.1993376
1769,0.51349142,0.087932998,-1.3159579,-0.90518882,-0.26398459,-0.1422445,1.2447784,5.1993376,-5.1993376,-0.55985906,0.18547963,-0.57311539,0.61957818
1770,1.4181186,0.66741904,0.55253687,0.57607489,0.30448193,1.7444475,-0.43762015,5.1993376,-5.1993376,0.37628274,-0.21363612,-0.57311539,1.1862197
1771,-5.1993376,-2.456904,-5.1993376,-1.059682,1.3684503,-5.1993376,0.25360621,5.1993376,5.1993376,-0.65804298,-0.21363612,0.58052362,-5.1993376
1772,-5.1993376,-1.2640664,-0.7315153,-1.2529876,0.63946185,2.0853556,-3.0899352,5.1993376,-5.1993376,2.0036013,-1.1694007,-0.36553148,-5.1993376
1773,-5.1993376,2.0136714,1.2640664,1.057485,-2.0431151,-0.1422445,-0.67055744,5.1993376,-5.1993376,1.3978365,2.1196682,0.14858402,2.0485344
1774,0.51349142,0.68001258,0.55253687,-0.041412601,0.30448193,-0.1422445,1.2447784,5.1993376,5.1993376,-0.45564031,0.18547963,0.58052362,1.0097369
1775,-5.1993376,-0.29529601,-0.1422445,0.13337869,0.087932998,-5.1993376,0.25360621,5.1993376,5.1993376,-0.55985906,1.3781138,-0.17527843,-5.1993376
1776,-5.1993376,0.72171378,-0.1422445,-0.29005812,0.97546566,-0.1422445,-0.67055744,5.1993376,-5.1993376,0.06025574,0.18547963,0.98561042,1.0016542
1777,1.4181186,0.22648938,-0.1422445,-0.23808933,-0.26398459,1.0774455,0.89765526,5.1993376,-5.1993376,0.60897269,0.18547963,0.98561042,0.66843487
1778,-5.1993376,-0.52066149,1.0841952,1.2640664,0.17400458,-5.1993376,0.25360621,-5.1993376,-5.1993376,-0.053972647,-1.1694007,0.71036555,-5.1993376
1779,-5.1993376,-0.59993651,-0.7315153,-0.50492201,-0.97143575,-5.1993376,0.25360621,5.1993376,-5.1993376,0.06025574,0.69910809,1.8312243,-5.1993376
1780,-5.1993376,0.53943086,-0.1422445,0.32954771,-1.3219458,-5.1993376,0.25360621,5.1993376,5.1993376,0.14858402,0.69910809,0.29922973,0.38707768
1781,0.51349142,1.4979966,1.0841952,0.8196557,-1.3219458,1.4354772,-1.3846283,-5.1993376,-5.1993376,0.06025574,2.1196682,-0.36553148,0.47100434
1782,0.51349142,-0.65337661,0.55253687,2.0965206,-0.69112102,-0.1422445,1.2447784,5.1993376,5.1993376,1.1844468,0.18547963,0.71036555,-5.1993376
1783,-5.1993376,1.2502419,-0.7315153,-0.18547963,-0.26398459,-5.1993376,0.25360621,5.1993376,5.1993376,-5.1993376,0.69910809,-0.36553148,-5.1993376
1784,0.51349142,-0.70392179,-1.1644437,-1.505747,1.2023467,0.29660674,0.25360621,5.1993376,-5.1993376,1.0444088,-1.1694007,1.3494976,-5.1993376
1785,-5.1993376,0.1257878,-5.1993376,-0.83912102,0.97546566,-0.1422445,-0.67055744,5.1993376,-5.1993376,-1.0552931,0.18547963,-1.6691125,-5.1993376
1786,-5.1993376,0.59693534,-0.1422445,0.17400458,0.30448193,-0.1422445,-0.67055744,5.1993376,5.1993376,-0.28744217,1.3781138,1.2339616,-5.1993376
1787,2.1079532,-0.058998939,0.2239158,0.47100434,-1.3219458,1.2612822,1.761948,5.1993376,-5.1993376,0.45842568,1.3781138,0.71036555,0.8552868
1788,-5.1993376,0.50349739,0.55253687,0.43900121,-0.26398459,-5.1993376,0.25360621,5.1993376,5.1993376,-0.78332986,-0.21363612,-1.2502419,1.2127505
1789,-5.1993376,0.48789301,0.55253687,1.0230033,-1.3219458,-5.1993376,0.25360621,5.1993376,5.1993376,0.40471681,1.3781138,0.58052362,-5.1993376
1790,-5.1993376,-0.49922964,2.0042336,1.0230033,0.087932998,-5.1993376,0.25360621,-5.1993376,5.1993376,-5.1993376,-0.21363612,-0.57311539,0.32028968
1791,-5.1993376,1.4532796,-0.7315153,-0.089192496,-0.26398459,0.29660674,-1.1768904,5.1993376,-5.1993376,-0.78332986,0.18547963,0.71036555,-5.1993376
1792,0.51349142,0.52209871,-0.1422445,0.50492201,-1.3219458,-0.1422445,1.2447784,5.1993376,5.1993376,0.10810309,2.1196682,0.85167519,0.20081806
1793,-5.1993376,0.86618925,-0.7315153,-0.44869228,-0.26398459,-5.1993376,0.25360621,5.1993376,-5.1993376,-0.92233022,0.69910809,-1.6691125,0.2887499
1794,1.4181186,-0.718462,-0.7315153,-0.98357337,1.2023467,1.2612822,0.25360621,5.1993376,5.1993376,-0.92233022,-1.1694007,-0.001254569,0.61957818
1795,-5.1993376,-0.60595514,-1.1644437,-0.77822491,0.63946185,1.0774455,-1.994971,5.1993376,-5.1993376,-0.45564031,0.69910809,-1.4678604,-5.1993376
1796,-5.1993376,0.36017172,0.55253687,0.64872442,0.63946185,-0.1422445,-0.67055744,5.1993376,5.1993376,-0.22648938,-1.1694007,-0.79704409,-5.1993376
1797,1.0230033,-2.2286301,-0.1422445,-1.505747,0.63946185,1.4354772,-0.67055744,-5.1993376,-5.1993376,0.06025574,-1.1694007,1.2339616,0.40199502
1798,-5.1993376,-0.9165865,0.55253687,1.1794018,0.30448193,-5.1993376,0.25360621,5.1993376,-5.1993376,0.4307273,0.69910809,0.14858402,-5.1993376
1799,-5.1993376,0.14731565,0.55253687,0.29267606,0.30448193,-0.1422445,-0.67055744,-5.1993376,-5.1993376,-0.36017172,-0.21363612,0.29922973,0.6746049
1800,-5.1993376,0.41563423,-0.1422445,0.75299744,1.3684503,-5.1993376,0.25360621,5.1993376,-5.1993376,0.93779777,-0.60746322,-1.0230033,-5.1993376
1801,-5.1993376,-0.64408623,1.649237,0.36821529,0.30448193,0.29660674,-1.1768904,-5.1993376,-5.1993376,-0.11441489,-1.1694007,-0.17527843,-5.1993376
1802,-5.1993376,-0.42660141,-0.1422445,-0.041412601,-1.3219458,-5.1993376,0.25360621,5.1993376,-5.1993376,0.77314015,0.18547963,0.14858402,-5.1993376
1803,-5.1993376,1.5932188,0.55253687,0.32954771,0.30448193,-5.1993376,0.25360621,5.1993376,5.1993376,-5.1993376,0.18547963,-0.36553148,-5.1993376
1804,-5.1993376,1.2075323,-0.1422445,0.0062728847,-0.26398459,-5.1993376,0.25360621,5.1993376,-5.1993376,-0.55985906,0.69910809,-0.57311539,1.5843543
1805,0.51349142,0.52209871,0.2239158,-0.98357337,-0.26398459,0.87535389,-0.67055744,5.1993376,-5.1993376,0.06025574,-1.1694007,-1.0230033,0.32028968
1806,-5.1993376,1.2724784,-0.1422445,0.13337869,0.63946185,0.29660674,-1.1768904,5.1993376,-5.1993376,-0.28744217,0.69910809,-0.36553148,-5.1993376
1807,-5.1993376,0.40335554,-0.7315153,-0.44869228,0.63946185,-0.1422445,-0.67055744,5.1993376,5.1993376,-0.92233022,-0.21363612,-0.36553148,-5.1993376
1808,-5.1993376,-1.6453107,-1.1644437,-2.5423492,1.3684503,-0.1422445,-0.67055744,5.1993376,5.1993376,-0.92233022,-1.1694007,-0.17527843,-5.1993376
1809,0.51349142,0.43210422,2.4320167,1.792374,-0.26398459,1.0774455,-0.98765156,5.1993376,5.1993376,0.29791798,0.18547963,0.45146888,-5.1993376
1810,-5.1993376,0.37762969,1.649237,0.092971849,0.63946185,-5.1993376,0.25360621,5.1993376,-5.1993376,1.6639775,-0.21363612,1.3494976,0.73973722
1811,-5.1993376,1.2286069,0.55253687,0.88088812,0.40471681,-5.1993376,0.25360621,5.1993376,-5.1993376,-0.45564031,0.69910809,0.58052362,0.82317161
1812,0.51349142,1.0552931,-5.1993376,-1.144896,-1.8658521,-0.1422445,1.2447784,5.1993376,5.1993376,-0.17018472,-1.1694007,1.2339616,-5.1993376
1813,0.51349142,-0.84448508,1.0841952,0.98561042,0.63946185,0.87535389,-0.67055744,5.1993376,-5.1993376,1.0552931,-1.1694007,1.2339616,-5.1993376
1814,-5.1993376,0.86618925,-0.1422445,-1.505747,0.30448193,-0.1422445,-0.67055744,5.1993376,5.1993376,-5.1993376,-5.1993376,-0.001254569,-5.1993376
1815,-5.1993376,0.52209871,0.2239158,1.3249577,-0.26398459,-5.1993376,0.25360621,5.1993376,5.1993376,-1.0552931,-0.21363612,-1.2502419,-5.1993376
1816,1.4181186,1.3463856,0.2239158,0.43900121,-2.0431151,3.2156926,-2.3863399,5.1993376,-5.1993376,1.7274656,1.3781138,1.464186,-5.1993376
1817,0.51349142,0.25101592,0.2239158,0.17400458,0.97546566,-0.1422445,1.2447784,5.1993376,-5.1993376,0.60897269,-0.21363612,-0.79704409,-5.1993376
1818,-5.1993376,0.70714,0.55253687,0.88088812,0.30448193,-5.1993376,0.25360621,-5.1993376,-5.1993376,0.53653104,-0.21363612,-0.17527843,0.35251066
1819,-5.1993376,-0.79188381,-0.1422445,0.0062728847,-0.97143575,-5.1993376,0.25360621,5.1993376,5.1993376,0.22262957,0.69910809,0.71036555,0.30027951
1820,-5.1993376,0.47661874,-0.7315153,0.47100434,0.40471681,-5.1993376,0.25360621,-5.1993376,-5.1993376,0.65804298,-0.21363612,-0.001254569,-5.1993376
1821,-5.1993376,1.3070634,-0.1422445,0.32954771,-0.26398459,-0.1422445,-0.67055744,5.1993376,-5.1993376,-1.0552931,0.18547963,-1.0230033,-5.1993376
1822,-5.1993376,-1.738731,-0.7315153,-1.6590928,1.2023467,-0.1422445,-0.67055744,5.1993376,-5.1993376,-0.11441489,-1.1694007,0.14858402,1.4237534
1823,1.7679033,0.57607489,-5.1993376,-0.77822491,0.63946185,1.0774455,1.5542696,5.1993376,5.1993376,0.88830934,-0.60746322,-0.57311539,-5.1993376
1824,-5.1993376,-0.20081806,-1.1644437,-1.8179677,0.63946185,0.29660674,-1.1768904,5.1993376,5.1993376,-5.1993376,-5.1993376,-0.36553148,1.1313886
1825,-5.1993376,0.38572587,-1.1644437,-0.77822491,-0.69112102,-0.1422445,-0.67055744,5.1993376,5.1993376,-1.0552931,1.3781138,-1.4678604,-5.1993376
1826,-5.1993376,1.0962016,1.2640664,2.4769214,-0.26398459,-5.1993376,0.25360621,-5.1993376,5.1993376,0.72334253,0.18547963,-0.001254569,0.19911152
1827,-5.1993376,-1.6844637,-1.1644437,-0.66428721,0.63946185,0.87535389,-1.7986626,5.1993376,-5.1993376,0.10810309,-1.1694007,-1.0230033,0.95151828
1828,1.0230033,1.8517338,2.9674304,2.3259725,-2.3259725,0.29660674,1.761948,5.1993376,-5.1993376,2.9501428,2.1196682,2.5117912,-5.1993376
1829,-5.1993376,0.63485111,-1.0277854,-0.13591068,0.97546566,0.87535389,-1.7986626,-5.1993376,5.1993376,0.70552998,-0.60746322,-0.57311539,-5.1993376
1830,1.4181186,0.11820414,2.0042336,0.78845531,-0.26398459,1.0774455,0.89765526,5.1993376,5.1993376,0.48930663,-0.21363612,0.29922973,-5.1993376
1831,-5.1993376,0.83912102,0.55253687,0.57607489,-0.69112102,-0.1422445,-0.67055744,5.1993376,5.1993376,-0.65804298,-0.60746322,-1.0230033,-5.1993376
1832,-5.1993376,-0.83200627,1.649237,0.78845531,-0.83733836,-0.1422445,-0.67055744,5.1993376,-5.1993376,1.1844468,-0.21363612,-0.001254569,1.2469562
1833,-5.1993376,-0.7697614,0.2239158,-0.29005812,0.17400458,-5.1993376,0.25360621,-5.1993376,-5.1993376,-0.36017172,0.18547963,-1.2502419,-5.1993376
1834,0.51349142,-0.59393954,0.2239158,0.32954771,-0.97143575,0.29660674,0.25360621,5.1993376,5.1993376,-5.1993376,0.69910809,-1.0230033,-5.1993376
1835,-5.1993376,-0.42660141,0.55253687,1.0230033,0.63946185,-5.1993376,0.25360621,5.1993376,-5.1993376,1.2393519,1.3781138,-0.57311539,-5.1993376
1836,0.51349142,-0.88459264,0.55253687,0.91467864,-0.26398459,0.62109893,-0.36687305,5.1993376,-5.1993376,0.26658359,0.69910809,-0.36553148,-5.1993376
1837,0.51349142,-0.718462,-0.1422445,-1.505747,0.63946185,-0.1422445,1.2447784,-5.1993376,5.1993376,-5.1993376,-5.1993376,1.2339616,-5.1993376
1838,0.51349142,-1.1140325,-0.1422445,-0.041412601,-0.97143575,0.29660674,0.25360621,5.1993376,5.1993376,0.4307273,0.69910809,0.85167519,0.55985906
1839,-5.1993376,1.634747,0.55253687,0.36821529,-0.97143575,-5.1993376,0.25360621,5.1993376,5.1993376,-0.55985906,0.69910809,-1.2502419,0.72366851
1840,-5.1993376,0.61805886,-0.1422445,0.29267606,-0.26398459,-5.1993376,0.25360621,-5.1993376,5.1993376,0.98969684,-0.60746322,-0.001254569,-5.1993376
1841,-5.1993376,0.29005812,0.55253687,0.88088812,0.17400458,-5.1993376,0.25360621,5.1993376,-5.1993376,-0.45564031,0.18547963,-0.36553148,0.61176887
1842,-5.1993376,-0.31237604,0.55253687,1.0230033,-0.26398459,-0.1422445,-0.67055744,5.1993376,-5.1993376,0.48930663,-0.21363612,0.14858402,0.40199502
1843,-5.1993376,-1.0487476,-0.7315153,-0.44869228,0.63946185,-5.1993376,0.25360621,5.1993376,-5.1993376,0.10810309,1.3781138,-1.4678604,-5.1993376
1844,0.51349142,0.046435725,-1.3432866,-1.505747,-0.26398459,-0.1422445,1.2447784,5.1993376,-5.1993376,0.10810309,-1.1694007,1.2339616,0.95151828
1845,1.0230033,-0.028859086,1.0841952,1.1794018,0.17400458,0.29660674,1.761948,5.1993376,-5.1993376,-0.45564031,0.18547963,0.45146888,-5.1993376
1846,-5.1993376,-0.095492152,-0.7315153,-0.18547963,-0.26398459,0.29660674,-1.1768904,5.1993376,5.1993376,-1.0552931,-0.21363612,-1.6691125,-5.1993376
1847,1.0230033,1.7986626,-0.7315153,-1.8179677,-0.26398459,1.7444475,-1.0230033,5.1993376,-5.1993376,-1.0552931,-0.21363612,-0.36553148,-5.1993376
1848,-5.1993376,-1.3978365,-0.7315153,-1.6590928,1.8877534,0.29660674,-1.1768904,5.1993376,5.1993376,-5.1993376,-1.1694007,-0.17527843,1.0315088
1849,0.51349142,1.3159579,1.649237,1.4903351,-0.83733836,0.29660674,0.25360621,5.1993376,-5.1993376,1.7330708,0.18547963,0.71036555,1.4958856
1850,-5.1993376,-2.4085504,1.649237,-5.1993376,-5.1993376,-5.1993376,0.25360621,5.1993376,5.1993376,-5.1993376,0.69910809,-1.0230033,-5.1993376
1851,-5.1993376,-0.07534535,-0.1422445,0.13337869,0.63946185,-5.1993376,0.25360621,5.1993376,5.1993376,-1.0552931,-1.1694007,0.45146888,-5.1993376
1852,-5.1993376,-0.42660141,-5.1993376,-1.505747,0.17400458,-0.1422445,-0.67055744,5.1993376,-5.1993376,-1.0552931,0.69910809,-0.57311539,-5.1993376
1853,-5.1993376,-0.87904038,-5.1993376,-1.6590928,1.3684503,-5.1993376,0.25360621,5.1993376,-5.1993376,-0.45564031,-0.60746322,-0.57311539,-5.1993376
1854,-5.1993376,-0.058998939,1.649237,1.7679033,-0.83733836,-5.1993376,0.25360621,5.1993376,5.1993376,0.06025574,0.18547963,-1.2502419,-5.1993376
1855,-5.1993376,0.16636735,-5.1993376,-1.3684503,-0.26398459,-5.1993376,0.25360621,5.1993376,-5.1993376,-0.65804298,0.69910809,-0.57311539,-5.1993376
1856,-5.1993376,0.13464458,0.2239158,0.8196557,1.3684503,-5.1993376,0.25360621,5.1993376,5.1993376,-0.053972647,-0.21363612,0.14858402,0.49213682
1857,-5.1993376,-0.90518882,0.55253687,0.50492201,0.63946185,-5.1993376,0.25360621,5.1993376,-5.1993376,0.0062728847,-1.1694007,0.45146888,-5.1993376
1858,0.51349142,-1.0487476,1.649237,1.873053,-0.83733836,-0.1422445,1.2447784,5.1993376,5.1993376,0.53653104,0.69910809,0.85167519,1.1040988
1859,0.51349142,-1.7986626,1.0841952,-0.23808933,0.30448193,1.0774455,-0.98765156,-5.1993376,-5.1993376,0.26658359,-1.1694007,-0.17527843,-5.1993376
1860,0.51349142,-0.42660141,-0.1422445,0.13337869,-2.0431151,0.29660674,0.25360621,5.1993376,-5.1993376,1.2924649,1.3781138,-1.2502419,1.1432208
1861,2.1079532,0.16636735,2.4320167,1.8952593,-0.26398459,1.4354772,1.2447784,-5.1993376,-5.1993376,1.5756126,-0.21363612,0.98561042,1.4771747
1862,0.51349142,0.23938016,-0.7315153,-0.98357337,0.17400458,0.87535389,-0.67055744,5.1993376,-5.1993376,-0.92233022,-0.21363612,-0.001254569,0.77416208
1863,-5.1993376,-0.28482819,0.91087287,-0.089192496,-0.26398459,-0.1422445,-0.67055744,-5.1993376,-5.1993376,-0.78332986,-1.1694007,-1.0230033,-5.1993376
1864,-5.1993376,1.0336468,-0.43348197,-0.83912102,0.17400458,-5.1993376,0.25360621,-5.1993376,5.1993376,-0.17018472,-1.1694007,-0.001254569,0.66627494
1865,0.51349142,2.2743805,1.2640664,1.123415,-1.0819398,-0.1422445,1.2447784,5.1993376,5.1993376,0.37628274,0.18547963,-0.79704409,0.6433291
1866,1.4181186,1.3463856,0.82669773,-0.29005812,-0.26398459,0.62109893,2.1696941,-5.1993376,-5.1993376,1.6443685,0.18547963,0.98561042,0.89158491
1867,-5.1993376,1.2075323,-0.1422445,-0.089192496,-0.83733836,-5.1993376,0.25360621,5.1993376,-5.1993376,-0.55985906,0.69910809,-1.0230033,-5.1993376
1868,0.51349142,0.10557959,-0.1422445,0.05146002,0.30448193,-0.1422445,1.2447784,-5.1993376,-5.1993376,-0.45564031,0.18547963,-1.2502419,-5.1993376
1869,1.0230033,0.68001258,1.2640664,0.32954771,0.30448193,0.29660674,1.761948,-5.1993376,-5.1993376,-0.17018472,0.18547963,-0.79704409,0.79884471
1870,-5.1993376,-1.2339616,2.0965206,1.7679033,-1.3219458,-5.1993376,0.25360621,5.1993376,5.1993376,-5.1993376,0.18547963,0.71036555,-5.1993376
1871,-5.1993376,0.072829316,1.401177,1.123415,-0.26398459,-5.1993376,0.25360621,5.1993376,5.1993376,-5.1993376,-0.21363612,0.58052362,0.69191774
1872,-5.1993376,0.80395767,-0.7315153,-2.5423492,0.30448193,-5.1993376,0.25360621,5.1993376,5.1993376,-5.1993376,-0.60746322,-0.36553148,-5.1993376
1873,-5.1993376,-5.1993376,-5.1993376,-2.2730524,1.6022103,0.62109893,-1.5215251,-5.1993376,5.1993376,-0.78332986,-1.1694007,-0.57311539,-5.1993376
1874,0.51349142,-0.58498388,0.55253687,0.75299744,-0.26398459,0.87535389,-0.67055744,5.1993376,-5.1993376,-0.45564031,0.69910809,-0.36553148,0.78503605
1875,-5.1993376,-0.98969684,0.55253687,1.0909946,0.17400458,-5.1993376,0.25360621,-5.1993376,5.1993376,-0.28744217,-0.21363612,-0.001254569,0.15504073
1876,-5.1993376,-0.42660141,-0.7315153,-0.18547963,0.30448193,-5.1993376,0.25360621,5.1993376,-5.1993376,-0.22648938,0.18547963,0.29922973,-5.1993376
1877,0.51349142,0.62872436,-0.1422445,0.13337869,-0.26398459,0.29660674,0.25360621,5.1993376,-5.1993376,-0.45564031,0.18547963,-1.0230033,-5.1993376
1878,0.51349142,1.4903351,-0.7315153,-0.29005812,0.63946185,-0.1422445,1.2447784,5.1993376,5.1993376,-5.1993376,0.69910809,-1.6691125,-5.1993376
1879,-5.1993376,-0.20081806,-0.7315153,-0.6150245,0.97546566,0.87535389,-1.7986626,5.1993376,-5.1993376,0.34948301,-0.21363612,-0.79704409,0.85691402
1880,-5.1993376,0.50349739,-0.7315153,0.0062728847,-0.26398459,-5.1993376,0.25360621,5.1993376,-5.1993376,2.1196682,-1.1694007,0.14858402,-5.1993376
1881,1.0230033,0.25101592,0.55253687,-0.13591068,-0.26398459,0.29660674,1.761948,5.1993376,-5.1993376,-0.92233022,-0.21363612,-0.79704409,0.69032475
1882,0.51349142,1.1869807,0.55253687,0.88088812,-0.26398459,-0.1422445,1.2447784,5.1993376,-5.1993376,0.0062728847,0.18547963,-0.36553148,-5.1993376
1883,0.51349142,0.59693534,0.99791966,0.8196557,-0.83733836,0.62109893,-0.36687305,5.1993376,-5.1993376,0.40471681,0.69910809,-0.001254569,0.210958
1884,1.7679033,1.1869807,-0.1422445,-0.66428721,-1.7219141,0.87535389,2.5423492,5.1993376,-5.1993376,0.37628274,0.18547963,-0.79704409,-5.1993376
1885,-5.1993376,-0.42660141,-0.1422445,0.13337869,-0.26398459,-0.1422445,-0.67055744,5.1993376,5.1993376,0.45842568,0.69910809,-2.1079532,-5.1993376
1886,-5.1993376,-0.067798615,0.31764959,-0.29005812,0.087932998,-5.1993376,0.25360621,-5.1993376,-5.1993376,1.4568958,-0.21363612,-1.0230033,1.1593269
1887,1.4181186,-0.23292993,1.649237,1.8448108,0.17400458,1.0774455,0.89765526,-5.1993376,5.1993376,0.81440074,-1.1694007,0.29922973,-5.1993376
1888,-5.1993376,-0.70392179,0.11820414,-0.39384742,0.63946185,-5.1993376,0.25360621,-5.1993376,-5.1993376,0.48930663,-1.1694007,1.2339616,0.67164796
1889,5.1993376,-1.0166724,-0.1422445,-0.18547963,-0.83733836,1.7444475,2.3652476,5.1993376,-5.1993376,1.4079051,0.69910809,0.29922973,0.89452908
1890,-5.1993376,-0.27439149,0.55253687,1.123415,-0.26398459,-5.1993376,0.25360621,5.1993376,-5.1993376,-0.92233022,1.3781138,0.29922973,-5.1993376
1891,0.51349142,-5.1993376,-5.1993376,-1.3684503,2.1440107,1.7444475,-1.6896701,5.1993376,5.1993376,-0.55985906,-1.1694007,-0.17527843,-5.1993376
1892,1.0230033,0.22648938,0.55253687,0.61199579,-1.3219458,0.29660674,1.761948,-5.1993376,-5.1993376,0.37628274,1.3781138,-1.0230033,-5.1993376
1893,-5.1993376,0.17655256,0.91087287,-0.23808933,0.97546566,-0.1422445,-0.67055744,-5.1993376,-5.1993376,0.58796385,-1.1694007,0.71036555,-5.1993376
1894,-5.1993376,-0.3031681,-0.1422445,0.0062728847,-0.26398459,-0.1422445,-0.67055744,5.1993376,-5.1993376,-0.28744217,0.69910809,0.58052362,0.51206059
1895,-5.1993376,-0.73808885,-0.1422445,0.32954771,-0.26398459,0.29660674,-1.1768904,5.1993376,-5.1993376,1.6091315,-0.60746322,0.71036555,-5.1993376
1896,-5.1993376,1.2286069,0.55253687,-0.39384742,-0.69112102,-5.1993376,0.25360621,5.1993376,5.1993376,0.51635627,-0.60746322,-0.17527843,1.0707446
1897,-5.1993376,0.16636735,-0.7315153,-0.23808933,-0.26398459,-5.1993376,0.25360621,5.1993376,-5.1993376,-0.45564031,0.69910809,0.14858402,-5.1993376
1898,0.51349142,-0.42660141,1.0841952,1.7679033,0.63946185,0.29660674,0.25360621,-5.1993376,5.1993376,0.29791798,-0.60746322,-0.79704409,-5.1993376
1899,-5.1993376,-0.11062728,-0.1422445,0.0062728847,-1.3219458,-5.1993376,0.25360621,5.1993376,-5.1993376,-0.45564031,0.69910809,-2.1079532,0.6609065
1900,0.51349142,-0.54524419,-0.1422445,-0.6150245,0.30448193,0.62109893,-0.36687305,-5.1993376,-5.1993376,0.53653104,-0.60746322,0.71036555,-5.1993376
1901,-5.1993376,1.2179357,1.1794018,1.533612,-1.8114574,-0.1422445,-0.67055744,-5.1993376,-5.1993376,-0.11441489,2.1196682,-0.36553148,2.2067685
1902,-5.1993376,-0.7697614,-0.1422445,0.092971849,1.6022103,0.29660674,-1.1768904,-5.1993376,5.1993376,-5.1993376,-0.60746322,-0.17527843,-5.1993376
1903,-5.1993376,-0.42660141,-0.7315153,-0.13591068,-1.7219141,-5.1993376,0.25360621,5.1993376,5.1993376,-5.1993376,0.69910809,0.45146888,0.60897269
1904,-5.1993376,-2.0798691,-0.1422445,-1.2529876,1.6022103,0.29660674,-1.1768904,5.1993376,-5.1993376,1.1497418,-1.1694007,-0.17527843,0.61957818
1905,1.4181186,-0.27439149,0.55253687,1.4568958,0.40471681,1.2612822,0.25360621,-5.1993376,-5.1993376,-0.92233022,-0.60746322,-0.001254569,0.61957818
1906,1.0230033,-0.0050182959,0.99791966,0.54088248,0.17400458,1.7444475,-1.0230033,5.1993376,-5.1993376,0.48930663,0.18547963,0.14858402,1.4020048
1907,-5.1993376,1.0729729,1.2640664,0.68001258,-1.3219458,-0.1422445,-0.67055744,5.1993376,5.1993376,0.53653104,0.18547963,0.14858402,0.19472527
1908,-5.1993376,-1.3402005,-0.1422445,-1.144896,0.97546566,0.87535389,-1.7986626,-5.1993376,-5.1993376,0.22262957,-1.1694007,0.58052362,-5.1993376
1909,-5.1993376,-0.29529601,-0.1422445,-0.18547963,-0.97143575,-0.1422445,-0.67055744,5.1993376,-5.1993376,1.8114574,0.69910809,1.464186,0.49213682
1910,-5.1993376,0.48789301,-0.1422445,-0.77822491,1.3684503,0.62109893,-1.5215251,5.1993376,5.1993376,0.10810309,-0.60746322,1.3494976,-5.1993376
1911,-5.1993376,0.14731565,1.2640664,1.0909946,0.17400458,0.29660674,-1.1768904,-5.1993376,-5.1993376,-0.92233022,-1.1694007,-0.001254569,0.92378089
1912,-5.1993376,-1.7274656,-5.1993376,-0.66428721,2.1440107,0.62109893,-1.5215251,-5.1993376,5.1993376,-0.36017172,-1.1694007,-1.0230033,0.68476299
1913,-5.1993376,0.66741904,0.99791966,1.0230033,0.63946185,-0.1422445,-0.67055744,-5.1993376,5.1993376,-0.92233022,0.18547963,-1.0230033,0.72171378
1914,0.51349142,-0.65337661,-0.1422445,0.0062728847,0.63946185,0.29660674,0.25360621,5.1993376,-5.1993376,1.5097242,-0.60746322,0.98561042,-5.1993376
1915,1.4181186,0.68001258,1.649237,-0.83912102,-0.26398459,0.62109893,2.1696941,5.1993376,5.1993376,1.8179677,-0.21363612,0.85167519,-5.1993376
1916,-5.1993376,-0.57755653,-0.1422445,0.71359852,1.3684503,0.62109893,-1.5215251,5.1993376,5.1993376,0.88830934,-0.60746322,1.1140325,0.78162595
1917,1.7679033,1.4903351,0.2239158,0.64872442,-0.83733836,1.2612822,1.0251227,5.1993376,5.1993376,-0.11441489,0.18547963,-0.17527843,0.52641687
1918,-5.1993376,-0.80569207,1.401177,1.873053,-0.83733836,-5.1993376,0.25360621,-5.1993376,-5.1993376,-0.053972647,0.69910809,0.58052362,0.52319219
1919,-5.1993376,-0.54524419,-1.1644437,-0.44869228,0.63946185,-5.1993376,0.25360621,5.1993376,-5.1993376,0.34948301,1.3781138,-0.57311539,-5.1993376
1920,0.51349142,-1.0336468,-0.1422445,0.25360621,-1.3219458,0.29660674,0.25360621,5.1993376,-5.1993376,1.2557429,1.3781138,-0.36553148,1.1415488
1921,-5.1993376,-1.3846283,-0.1422445,0.0062728847,-0.26398459,-5.1993376,0.25360621,5.1993376,-5.1993376,0.4307273,0.69910809,1.8952593,-5.1993376
1922,-5.1993376,-0.81265408,-0.7315153,-0.13591068,-0.83733836,-5.1993376,0.25360621,5.1993376,5.1993376,0.34948301,1.3781138,1.3494976,-5.1993376
1923,-5.1993376,-1.738731,-0.1422445,-0.66428721,0.30448193,-0.1422445,-0.67055744,5.1993376,-5.1993376,-5.1993376,-1.1694007,-0.36553148,1.5215251
1924,-5.1993376,-1.5712865,-0.7315153,-1.505747,2.9674304,1.0774455,-1.994971,-5.1993376,5.1993376,-5.1993376,-5.1993376,1.1140325,0.20556234
1925,-5.1993376,1.2724784,-0.7315153,-0.29005812,0.97546566,-0.1422445,-0.67055744,5.1993376,-5.1993376,1.5459273,0.18547963,-0.001254569,-5.1993376
1926,0.51349142,-1.358913,-0.7315153,-1.3684503,1.6022103,1.0774455,-0.98765156,-5.1993376,5.1993376,-5.1993376,-5.1993376,-0.001254569,-5.1993376
1927,-5.1993376,0.53943086,0.55253687,0.78845531,-0.26398459,-5.1993376,0.25360621,5.1993376,-5.1993376,1.5138486,0.18547963,1.2339616,0.21363612
1928,-5.1993376,0.34948301,0.55253687,0.68001258,0.63946185,-5.1993376,0.25360621,5.1993376,5.1993376,0.90897492,0.18547963,0.71036555,0.25231085
1929,0.51349142,0.22648938,-5.1993376,-0.34149266,1.3684503,0.29660674,0.25360621,5.1993376,5.1993376,-0.92233022,-0.60746322,0.14858402,-5.1993376
1930,1.7679033,0.072829316,-5.1993376,-0.90518882,0.40471681,0.87535389,2.5423492,5.1993376,-5.1993376,0.82846465,-0.60746322,0.71036555,-5.1993376
1931,-5.1993376,-1.9452107,1.649237,-0.56279634,0.30448193,-5.1993376,0.25360621,-5.1993376,-5.1993376,1.1328976,-1.1694007,-0.001254569,0.21678579
1932,-5.1993376,-0.58498388,0.13921889,0.71359852,-1.3219458,-5.1993376,0.25360621,5.1993376,5.1993376,0.22262957,1.3781138,-1.2502419,-5.1993376
1933,-5.1993376,-0.0050182959,0.55253687,1.057485,0.63946185,-0.1422445,-0.67055744,-5.1993376,5.1993376,-0.78332986,-0.60746322,-1.0230033,-5.1993376
1934,1.0230033,0.37762969,0.55253687,0.68001258,-1.0819398,0.29660674,1.761948,5.1993376,-5.1993376,1.9928905,0.69910809,0.14858402,-5.1993376
1935,1.4181186,-0.83200627,1.2640664,1.7330708,0.17400458,1.4354772,-0.28091085,-5.1993376,-5.1993376,0.37628274,-0.21363612,0.58052362,0.54588946
1936,-5.1993376,0.29005812,-0.7315153,-0.39384742,-0.26398459,0.62109893,-1.5215251,-5.1993376,5.1993376,0.0062728847,0.18547963,1.1140325,1.0315088
1937,-5.1993376,-0.42660141,0.55253687,0.61199579,-0.69112102,-0.1422445,-0.67055744,5.1993376,-5.1993376,-0.11441489,1.3781138,-1.6691125,-5.1993376
1938,1.0230033,0.40335554,0.55253687,0.40607882,-0.97143575,0.29660674,1.761948,5.1993376,-5.1993376,0.06025574,-0.60746322,0.29922973,-5.1993376
1939,1.0230033,-1.4294456,-5.1993376,-0.98357337,0.63946185,0.62109893,0.96142934,-5.1993376,-5.1993376,-1.0552931,1.3781138,-0.001254569,-5.1993376
1940,-5.1993376,1.0444088,0.55253687,-1.059682,0.63946185,0.62109893,-1.5215251,-5.1993376,5.1993376,-5.1993376,-5.1993376,1.1140325,-5.1993376
1941,0.51349142,0.55107599,-1.0274096,-0.6150245,0.17400458,0.62109893,-0.36687305,5.1993376,5.1993376,-5.1993376,0.18547963,-0.001254569,-5.1993376
1942,1.7679033,1.6252744,0.91087287,0.25360621,-0.97143575,1.4354772,0.87904038,5.1993376,5.1993376,0.68159434,-0.21363612,-0.17527843,1.6133876
1943,0.51349142,-1.5137209,0.55253687,-0.34149266,-0.26398459,1.0774455,-0.98765156,-5.1993376,-5.1993376,1.1328976,-1.1694007,-0.001254569,-5.1993376
1944,0.51349142,0.016310116,0.55253687,1.2075323,-0.26398459,0.62109893,-0.36687305,5.1993376,-5.1993376,-0.78332986,1.3781138,0.71036555,-5.1993376
1945,0.51349142,-0.0050182959,-0.1422445,0.092971849,-0.26398459,1.4354772,-1.3846283,5.1993376,5.1993376,0.10810309,-1.1694007,-0.36553148,-5.1993376
1946,-5.1993376,-0.27439149,0.2239158,-0.39384742,-0.26398459,-5.1993376,0.25360621,5.1993376,-5.1993376,1.358913,1.3781138,0.71036555,-5.1993376
1947,-5.1993376,-0.73808885,0.11820414,0.13337869,0.30448193,-5.1993376,0.25360621,5.1993376,-5.1993376,0.14858402,0.69910809,0.71036555,0.59094906
1948,0.51349142,-0.75466427,0.55253687,1.057485,-0.26398459,-0.1422445,1.2447784,5.1993376,5.1993376,0.34948301,0.69910809,-0.001254569,0.68476299
1949,0.51349142,-0.10305677,1.0841952,-1.2529876,0.63946185,0.29660674,0.25360621,5.1993376,5.1993376,0.45842568,-1.1694007,-0.36553148,-5.1993376
1950,1.0230033,1.7986626,2.0042336,0.54088248,-1.3219458,0.29660674,1.761948,5.1993376,-5.1993376,0.62566982,0.18547963,-0.001254569,1.7572996
1951,1.4181186,1.1352842,-0.43348197,0.05146002,-1.3219458,0.62109893,2.1696941,5.1993376,-5.1993376,0.22262957,0.18547963,-0.17527843,-5.1993376
1952,-5.1993376,-1.0166724,-0.7315153,-0.44869228,-0.26398459,0.87535389,-1.7986626,5.1993376,-5.1993376,0.14858402,0.69910809,-0.001254569,0.77058079
1953,1.4181186,-1.4215561,-5.1993376,-0.56279634,1.6022103,1.0774455,0.89765526,-5.1993376,-5.1993376,0.88830934,-0.60746322,-0.17527843,1.4841066
1954,1.4181186,1.2286069,0.2239158,-1.2529876,-0.26398459,1.0774455,0.89765526,-5.1993376,5.1993376,-0.053972647,-0.60746322,0.29922973,-5.1993376
1955,-5.1993376,0.13464458,-0.1422445,0.0062728847,0.63946185,-5.1993376,0.25360621,5.1993376,5.1993376,-0.45564031,-0.60746322,-1.0230033,-5.1993376
1956,0.51349142,-0.42660141,-0.1422445,-0.089192496,-1.3219458,-0.1422445,1.2447784,5.1993376,-5.1993376,0.88830934,0.18547963,-0.36553148,0.7243207
1957,-5.1993376,0.52930109,1.2640664,-0.66428721,-0.26398459,-5.1993376,0.25360621,-5.1993376,-5.1993376,0.37628274,-1.1694007,-1.0230033,0.40199502
1958,0.51349142,-0.99585764,-0.1422445,0.13337869,0.63946185,0.62109893,-0.36687305,5.1993376,5.1993376,-0.053972647,0.69910809,-1.4678604,-5.1993376
1959,-5.1993376,0.68793853,-0.1422445,0.43900121,-0.26398459,-5.1993376,0.25360621,5.1993376,5.1993376,-0.36017172,1.3781138,-0.001254569,-5.1993376
1960,-5.1993376,0.34948301,0.82669773,1.0230033,-2.0431151,-5.1993376,0.25360621,5.1993376,-5.1993376,2.880087,2.1196682,1.2339616,2.4893771
1961,0.51349142,-0.70392179,-0.7315153,-0.56279634,-0.83733836,0.62109893,-0.36687305,5.1993376,5.1993376,0.10810309,0.69910809,-0.36553148,0.16662811
1962,-5.1993376,-0.64408623,0.2239158,0.29267606,-0.26398459,0.62109893,-1.5215251,-5.1993376,-5.1993376,0.70552998,-0.60746322,0.71036555,1.5076125
1963,-5.1993376,-5.1993376,0.55253687,-0.83912102,1.3684503,-0.1422445,-0.67055744,5.1993376,5.1993376,-5.1993376,-1.1694007,0.45146888,-5.1993376
1964,0.51349142,0.10557959,-1.1644437,-1.505747,1.3684503,1.2612822,-1.1768904,5.1993376,5.1993376,-5.1993376,-1.1694007,-0.001254569,1.1068696
1965,1.4181186,-1.6372016,-0.7315153,-0.23808933,1.6022103,0.87535389,1.2447784,5.1993376,-5.1993376,0.81440074,-1.1694007,0.29922973,1.2127505
1966,-5.1993376,-1.0230033,-0.7315153,-0.98357337,1.6022103,-0.1422445,-0.67055744,5.1993376,5.1993376,-0.11441489,-0.60746322,-0.79704409,-5.1993376
1967,-5.1993376,1.0444088,0.55253687,0.43900121,-0.26398459,-5.1993376,0.25360621,5.1993376,-5.1993376,-0.65804298,0.18547963,-0.17527843,-5.1993376
1968,1.0230033,0.5642668,-0.1422445,-0.34149266,0.63946185,0.62109893,0.96142934,5.1993376,5.1993376,-0.92233022,-0.60746322,0.85167519,-5.1993376
1969,2.1079532,-1.5799684,-5.1993376,-0.83912102,0.30448193,1.2612822,1.761948,5.1993376,-5.1993376,0.18165198,-0.60746322,-0.79704409,-5.1993376
1970,2.1079532,-0.046435725,0.55253687,-0.13591068,-0.26398459,1.2612822,1.761948,5.1993376,-5.1993376,0.84090635,-0.21363612,0.71036555,0.53979366
1971,-5.1993376,-0.42660141,0.55253687,1.3249577,0.17400458,0.29660674,-1.1768904,-5.1993376,5.1993376,-0.36017172,1.3781138,-1.4678604,-5.1993376
1972,-5.1993376,-1.1140325,-0.1422445,0.13337869,0.63946185,-5.1993376,0.25360621,5.1993376,-5.1993376,0.10810309,0.69910809,-0.001254569,-5.1993376
1973,-5.1993376,0.52930109,0.55253687,-0.98357337,0.97546566,-5.1993376,0.25360621,-5.1993376,5.1993376,-5.1993376,-5.1993376,-0.17527843,0.18931001
1974,0.51349142,0.31105902,0.2239158,0.88088812,0.63946185,-0.1422445,1.2447784,5.1993376,5.1993376,-0.78332986,1.3781138,-0.001254569,-5.1993376
1975,1.4181186,-1.5097242,1.0841952,0.43900121,-0.26398459,1.0774455,0.89765526,-5.1993376,-5.1993376,0.22262957,-0.21363612,1.1140325,0.64087606
1976,-5.1993376,0.73315571,0.55253687,0.68001258,0.30448193,-5.1993376,0.25360621,-5.1993376,-5.1993376,-0.36017172,-0.21363612,-1.0230033,-5.1993376
1977,-5.1993376,0.87719565,0.2239158,0.092971849,-0.26398459,0.29660674,-1.1768904,5.1993376,5.1993376,-0.55985906,-1.1694007,-0.36553148,-5.1993376
1978,-5.1993376,1.3249577,-0.7315153,-0.39384742,-2.0431151,-0.1422445,-0.67055744,5.1993376,5.1993376,-5.1993376,5.1993376,-0.79704409,2.707354
1979,-5.1993376,1.2286069,1.649237,0.57607489,0.97546566,-0.1422445,-0.67055744,5.1993376,-5.1993376,-5.1993376,-1.1694007,2.8778461,0.61957818
1980,-5.1993376,0.095492152,-0.1422445,-0.13591068,1.3684503,-0.1422445,-0.67055744,5.1993376,5.1993376,-0.36017172,-0.60746322,-0.36553148,-5.1993376
1981,2.8778461,-1.3402005,-0.1422445,-0.23808933,0.63946185,1.9858764,1.0166724,-5.1993376,-5.1993376,1.0293754,-0.60746322,0.85167519,-5.1993376
1982,0.51349142,0.53943086,0.2239158,0.78845531,0.40471681,0.29660674,0.25360621,-5.1993376,-5.1993376,-0.65804298,-0.21363612,-0.79704409,-5.1993376
1983,-5.1993376,-0.74635093,1.649237,-0.50492201,0.63946185,0.62109893,-1.5215251,-5.1993376,-5.1993376,0.96742157,-1.1694007,-0.36553148,1.0315088
1984,0.51349142,0.035135151,-1.1644437,-1.059682,-0.26398459,0.62109893,-0.36687305,5.1993376,-5.1993376,-0.28744217,0.69910809,1.6590928,-5.1993376
1985,0.51349142,-0.27439149,2.2681091,1.5843543,0.40471681,0.62109893,-0.36687305,-5.1993376,-5.1993376,1.0187781,0.18547963,-0.17527843,0.78162595
1986,1.0230033,-2.0367091,0.11820414,-0.98357337,1.2023467,1.2612822,-0.42385485,-5.1993376,-5.1993376,1.0978448,-1.1694007,-0.57311539,-5.1993376
1987,1.0230033,0.33485067,0.55253687,0.57607489,0.17400458,2.1696941,-1.5215251,5.1993376,5.1993376,-5.1993376,0.18547963,0.29922973,0.74642729
1988,-5.1993376,-1.634747,0.2239158,-1.144896,1.6022103,-5.1993376,0.25360621,-5.1993376,-5.1993376,0.72334253,-1.1694007,0.58052362,2.0965206
1989,-5.1993376,1.9494745,-5.1993376,-1.3684503,0.63946185,-0.1422445,-0.67055744,5.1993376,5.1993376,0.10810309,-1.1694007,-1.6691125,0.33726332
1990,-5.1993376,1.0124743,-5.1993376,-0.041412601,0.63946185,0.29660674,-1.1768904,5.1993376,5.1993376,-5.1993376,-0.21363612,-1.2502419,-5.1993376
1991,-5.1993376,0.42385485,-5.1993376,-1.3684503,-2.0431151,-5.1993376,0.25360621,5.1993376,5.1993376,-5.1993376,2.1196682,-1.4678604,0.40199502
1992,-5.1993376,-0.42660141,0.2239158,0.43900121,-0.26398459,-5.1993376,0.25360621,5.1993376,-5.1993376,-0.78332986,0.69910809,-1.2502419,0.42522773
1993,-5.1993376,0.36017172,-0.1422445,0.40607882,-0.26398459,-5.1993376,0.25360621,5.1993376,-5.1993376,-0.36017172,0.18547963,0.71036555,0.42248277
1994,-5.1993376,0.7152178,2.0042336,1.2895781,-0.26398459,-0.1422445,-0.67055744,-5.1993376,-5.1993376,1.0187781,-0.21363612,-1.0230033,0.24196303
1995,-5.1993376,1.6159455,-0.7315153,-0.041412601,-0.26398459,-0.1422445,-0.67055744,5.1993376,-5.1993376,-0.55985906,0.18547963,-0.57311539,-5.1993376
1996,-5.1993376,1.7679033,0.2239158,0.95151828,-1.3219458,-5.1993376,0.25360621,5.1993376,5.1993376,-0.65804298,0.18547963,0.98561042,-5.1993376
1997,-5.1993376,-0.64408623,0.2239158,0.54088248,-0.83733836,-0.1422445,-0.67055744,5.1993376,5.1993376,-0.28744217,0.69910809,-1.873053,-5.1993376
1998,0.51349142,-0.18931001,0.55253687,1.123415,-0.26398459,-0.1422445,1.2447784,5.1993376,-5.1993376,0.82846465,-0.21363612,-0.36553148,0.61957818
1999,-5.1993376,0.65648594,0.55253687,0.13337869,0.17400458,-5.1993376,0.25360621,-5.1993376,5.1993376,1.4771802,0.18547963,1.5669896,-5.1993376
2000,-5.1993376,-2.0038406,0.55253687,-1.144896,-0.26398459,-5.1993376,0.25360621,-5.1993376,-5.1993376,0.88830934,-1.1694007,-0.17527843,1.6268265
2001,0.51349142,0.43210422,0.91087287,0.75299744,0.63946185,-0.1422445,1.2447784,-5.1993376,-5.1993376,-0.45564031,-0.60746322,0.14858402,1.4045331
2002,-5.1993376,0.73315571,0.31764959,0.98561042,-1.7219141,-0.1422445,-0.67055744,-5.1993376,-5.1993376,2.0151366,2.1196682,-0.17527843,1.7397367
2003,0.51349142,-1.4215561,-0.7315153,-1.6590928,2.1440107,0.29660674,0.25360621,-5.1993376,5.1993376,-5.1993376,-5.1993376,-1.6691125,-5.1993376
2004,-5.1993376,-0.68317781,-0.7315153,-0.34149266,0.97546566,-5.1993376,0.25360621,5.1993376,5.1993376,-0.11441489,-1.1694007,0.85167519,2.4591484
2005,-5.1993376,-0.27439149,-0.7315153,-0.44869228,-1.0819398,-5.1993376,0.25360621,5.1993376,-5.1993376,-0.92233022,1.3781138,-0.57311539,-5.1993376
2006,0.51349142,0.59693534,0.11820414,1.0909946,0.17400458,0.29660674,0.25360621,5.1993376,5.1993376,0.45842568,-0.21363612,-0.001254569,-5.1993376
2007,-5.1993376,0.79360155,-0.7315153,-0.66428721,0.63946185,-5.1993376,0.25360621,5.1993376,-5.1993376,-1.0552931,1.3781138,0.71036555,-5.1993376
2008,0.51349142,0.95943959,-0.1422445,-0.72008693,0.63946185,1.0774455,-0.98765156,5.1993376,5.1993376,-5.1993376,0.69910809,-2.4320167,-5.1993376
2009,0.51349142,-0.14604751,-0.1422445,-0.90518882,0.30448193,-0.1422445,1.2447784,5.1993376,5.1993376,1.8658521,-1.1694007,0.71036555,0.2213437
2010,-5.1993376,0.072829316,0.11820414,0.54088248,1.8658521,-0.1422445,-0.67055744,-5.1993376,-5.1993376,0.0062728847,-1.1694007,3.0899352,-5.1993376
2011,1.0230033,-0.036390523,-1.1644437,-0.83912102,0.63946185,0.87535389,0.25360621,5.1993376,-5.1993376,0.68159434,-0.60746322,-0.001254569,-5.1993376
2012,-5.1993376,0.13464458,-0.7315153,-0.83912102,-1.3219458,-5.1993376,0.25360621,5.1993376,-5.1993376,0.06025574,0.69910809,-0.57311539,1.2695827
2013,-5.1993376,0.36955819,0.55253687,1.057485,0.40471681,-0.1422445,-0.67055744,5.1993376,-5.1993376,1.0552931,0.69910809,-0.57311539,-5.1993376
2014,-5.1993376,-2.0215719,0.55253687,-1.059682,0.97546566,-0.1422445,-0.67055744,-5.1993376,5.1993376,0.0062728847,-1.1694007,0.98561042,-5.1993376
2015,1.0230033,0.52930109,0.55253687,-0.29005812,-0.69112102,0.62109893,0.96142934,-5.1993376,-5.1993376,0.53653104,5.1993376,-1.0230033,-5.1993376
2016,-5.1993376,-0.80569207,-1.1644437,0.13337869,1.3684503,1.2612822,-2.2111272,5.1993376,-5.1993376,0.70552998,-0.60746322,0.14858402,0.32028968
2017,-5.1993376,-0.34415366,-0.7315153,-0.29005812,-0.69112102,-5.1993376,0.25360621,5.1993376,-5.1993376,1.0685216,5.1993376,-1.6691125,1.6356177
2018,0.51349142,-1.7502216,0.55253687,-1.8179677,1.2023467,-0.1422445,1.2447784,-5.1993376,5.1993376,-5.1993376,-5.1993376,0.58052362,-5.1993376
